edge_key,layer,head,decision,confidence,rationale,recommended_density_pct,expected_retained_mass,must_be_dense_steps,block_size_limitation
P->X,0,0,DENSE,0.5,DENSE: entropy=0.99>0.7; many_blocks_above_0.01=32,,,,block_size=256 spans ~4.9 token rows; cannot resolve sub-block spatial detail
P->S,0,0,DENSE,0.5,DENSE: entropy=0.92>0.7; many_blocks_above_0.01=32,,,"[0, 1, 2, 3, 4, 5, 6, 7, 8, 9, 10, 11, 12, 13, 14, 15]",block_size=256 spans ~4.9 token rows; cannot resolve sub-block spatial detail
P->R1,0,0,DENSE,0.5,DENSE: entropy=0.98>0.7; many_blocks_above_0.01=33,,,"[0, 1, 2, 3, 4, 5, 6, 7, 8, 9, 10, 11, 12, 13, 14, 15, 16, 17, 18, 19, 20, 21, 22, 23, 24, 25, 26, 27]",block_size=256 spans ~4.9 token rows; cannot resolve sub-block spatial detail
X->P,0,0,DENSE,0.3333333333333333,DENSE: entropy=0.88>0.7,,,,block_size=256 spans ~4.9 token rows; cannot resolve sub-block spatial detail
S->P,0,0,DENSE,0.5,DENSE: entropy=0.98>0.7; many_blocks_above_0.01=32,,,,block_size=256 spans ~4.9 token rows; cannot resolve sub-block spatial detail
S->X,0,0,DENSE,0.5,DENSE: entropy=0.76>0.7; many_blocks_above_0.01=30,,,,block_size=256 spans ~4.9 token rows; cannot resolve sub-block spatial detail
S->S,0,0,DENSE,0.5,DENSE: entropy=0.80>0.7; many_blocks_above_0.01=33,,,,block_size=256 spans ~4.9 token rows; cannot resolve sub-block spatial detail
R1->P,0,0,DENSE,0.5,DENSE: entropy=0.98>0.7; many_blocks_above_0.01=32,,,,block_size=256 spans ~4.9 token rows; cannot resolve sub-block spatial detail
R1->X,0,0,DENSE,0.5,DENSE: entropy=0.78>0.7; many_blocks_above_0.01=29,,,,block_size=256 spans ~4.9 token rows; cannot resolve sub-block spatial detail
R1->S,0,0,DENSE,0.5,DENSE: entropy=0.79>0.7; many_blocks_above_0.01=32,,,,block_size=256 spans ~4.9 token rows; cannot resolve sub-block spatial detail
R1->R1,0,0,DENSE,0.5,DENSE: entropy=0.85>0.7; many_blocks_above_0.01=31,,,,block_size=256 spans ~4.9 token rows; cannot resolve sub-block spatial detail
P->P,0,1,DENSE,0.3333333333333333,DENSE: entropy=0.85>0.7,,,,block_size=256 spans ~4.9 token rows; cannot resolve sub-block spatial detail
P->X,0,1,DENSE,0.5,DENSE: entropy=0.96>0.7; many_blocks_above_0.01=30,,,,block_size=256 spans ~4.9 token rows; cannot resolve sub-block spatial detail
P->S,0,1,DENSE,0.5,DENSE: entropy=0.95>0.7; many_blocks_above_0.01=33,,,,block_size=256 spans ~4.9 token rows; cannot resolve sub-block spatial detail
P->R1,0,1,DENSE,0.5,DENSE: entropy=0.96>0.7; many_blocks_above_0.01=32,,,,block_size=256 spans ~4.9 token rows; cannot resolve sub-block spatial detail
S->P,0,1,DENSE,0.5,DENSE: entropy=0.94>0.7; many_blocks_above_0.01=29,,,"[22, 23, 24]",block_size=256 spans ~4.9 token rows; cannot resolve sub-block spatial detail
P->P,0,2,DENSE,0.3333333333333333,DENSE: entropy=0.98>0.7,,,,block_size=256 spans ~4.9 token rows; cannot resolve sub-block spatial detail
P->X,0,2,DENSE,0.5,DENSE: entropy=0.96>0.7; many_blocks_above_0.01=32,,,,block_size=256 spans ~4.9 token rows; cannot resolve sub-block spatial detail
P->S,0,2,DENSE,0.5,DENSE: entropy=0.89>0.7; many_blocks_above_0.01=34,,,"[0, 22, 23, 24, 25, 26, 27]",block_size=256 spans ~4.9 token rows; cannot resolve sub-block spatial detail
P->R1,0,2,DENSE,0.5,DENSE: entropy=0.96>0.7; many_blocks_above_0.01=33,,,"[0, 1, 2, 3, 4, 5, 6, 7, 8, 9, 10, 11, 12, 13, 14, 15, 16, 17, 18, 19, 20, 21, 22, 23, 24, 25, 26, 27]",block_size=256 spans ~4.9 token rows; cannot resolve sub-block spatial detail
P->X,0,3,DENSE,0.5,DENSE: entropy=0.90>0.7; many_blocks_above_0.01=29,,,,block_size=256 spans ~4.9 token rows; cannot resolve sub-block spatial detail
P->S,0,3,DENSE,0.5,DENSE: entropy=0.94>0.7; many_blocks_above_0.01=30,,,"[0, 1, 2, 3, 4, 5, 6, 7, 8, 9, 10, 11, 12, 13, 14, 15, 16, 17, 18, 19, 20, 21, 22, 23, 24, 25, 26, 27]",block_size=256 spans ~4.9 token rows; cannot resolve sub-block spatial detail
P->R1,0,3,DENSE,0.5,DENSE: entropy=0.92>0.7; many_blocks_above_0.01=30,,,"[22, 23, 25]",block_size=256 spans ~4.9 token rows; cannot resolve sub-block spatial detail
X->P,0,3,DENSE,0.5,DENSE: entropy=0.95>0.7; many_blocks_above_0.01=32,,,,block_size=256 spans ~4.9 token rows; cannot resolve sub-block spatial detail
S->X,0,3,DENSE,0.5,DENSE: entropy=0.81>0.7; many_blocks_above_0.01=33,,,,block_size=256 spans ~4.9 token rows; cannot resolve sub-block spatial detail
S->S,0,3,DENSE,0.5,DENSE: entropy=0.82>0.7; many_blocks_above_0.01=33,,,,block_size=256 spans ~4.9 token rows; cannot resolve sub-block spatial detail
R1->X,0,3,DENSE,0.5,DENSE: entropy=0.81>0.7; many_blocks_above_0.01=32,,,,block_size=256 spans ~4.9 token rows; cannot resolve sub-block spatial detail
R1->S,0,3,DENSE,0.5,DENSE: entropy=0.82>0.7; many_blocks_above_0.01=36,,,,block_size=256 spans ~4.9 token rows; cannot resolve sub-block spatial detail
R1->R1,0,3,DENSE,0.7666666666666666,DENSE: entropy=0.85>0.7; max_block=0.027<0.03; many_blocks_above_0.01=31,,,,block_size=256 spans ~4.9 token rows; cannot resolve sub-block spatial detail
P->X,0,4,DENSE,0.5,DENSE: entropy=0.92>0.7; many_blocks_above_0.01=28,,,,block_size=256 spans ~4.9 token rows; cannot resolve sub-block spatial detail
P->S,0,4,DENSE,0.5,DENSE: entropy=0.96>0.7; many_blocks_above_0.01=32,,,"[0, 1, 2, 3, 4, 5, 6, 7, 8, 9, 10, 11, 12, 13, 14, 15, 16, 17, 18, 19, 20, 21, 22, 23]",block_size=256 spans ~4.9 token rows; cannot resolve sub-block spatial detail
P->R1,0,4,DENSE,0.5,DENSE: entropy=0.94>0.7; many_blocks_above_0.01=31,,,"[0, 1, 2, 3, 4, 5, 6, 7, 8, 9, 10, 11, 12, 13, 14, 15, 16, 17, 18, 19, 20, 21, 22, 23]",block_size=256 spans ~4.9 token rows; cannot resolve sub-block spatial detail
X->P,0,4,DENSE,0.5,DENSE: entropy=0.88>0.7; many_blocks_above_0.01=22,,,,block_size=256 spans ~4.9 token rows; cannot resolve sub-block spatial detail
X->X,0,4,DENSE,0.6,DENSE: entropy=0.93>0.7; max_block=0.020<0.03,,,,block_size=256 spans ~4.9 token rows; cannot resolve sub-block spatial detail
X->R1,0,4,DENSE,0.6,DENSE: entropy=0.95>0.7; max_block=0.016<0.03,,,,block_size=256 spans ~4.9 token rows; cannot resolve sub-block spatial detail
S->P,0,4,DENSE,0.5,DENSE: entropy=0.89>0.7; many_blocks_above_0.01=24,,,,block_size=256 spans ~4.9 token rows; cannot resolve sub-block spatial detail
S->X,0,4,DENSE,0.3333333333333333,DENSE: entropy=0.92>0.7,,,,block_size=256 spans ~4.9 token rows; cannot resolve sub-block spatial detail
S->S,0,4,DENSE,0.6,DENSE: entropy=0.93>0.7; max_block=0.015<0.03,,,,block_size=256 spans ~4.9 token rows; cannot resolve sub-block spatial detail
S->R1,0,4,DENSE,0.3333333333333333,DENSE: entropy=0.82>0.7,,,,block_size=256 spans ~4.9 token rows; cannot resolve sub-block spatial detail
R1->P,0,4,DENSE,0.5,DENSE: entropy=0.86>0.7; many_blocks_above_0.01=21,,,,block_size=256 spans ~4.9 token rows; cannot resolve sub-block spatial detail
R1->X,0,4,DENSE,0.6,DENSE: entropy=0.93>0.7; max_block=0.017<0.03,,,,block_size=256 spans ~4.9 token rows; cannot resolve sub-block spatial detail
R1->S,0,4,DENSE,0.7666666666666666,DENSE: entropy=0.91>0.7; max_block=0.026<0.03; many_blocks_above_0.01=20,,,,block_size=256 spans ~4.9 token rows; cannot resolve sub-block spatial detail
R1->R1,0,4,DENSE,0.7666666666666666,DENSE: entropy=0.93>0.7; max_block=0.018<0.03; many_blocks_above_0.01=20,,,,block_size=256 spans ~4.9 token rows; cannot resolve sub-block spatial detail
P->X,0,5,DENSE,0.5,DENSE: entropy=0.91>0.7; many_blocks_above_0.01=32,,,,block_size=256 spans ~4.9 token rows; cannot resolve sub-block spatial detail
P->S,0,5,DENSE,0.5,DENSE: entropy=0.93>0.7; many_blocks_above_0.01=34,,,"[16, 17, 18, 19, 20, 21, 22, 23, 24, 25, 26, 27]",block_size=256 spans ~4.9 token rows; cannot resolve sub-block spatial detail
P->R1,0,5,DENSE,0.5,DENSE: entropy=0.94>0.7; many_blocks_above_0.01=34,,,"[7, 9, 11, 14, 15, 17, 18, 19, 20]",block_size=256 spans ~4.9 token rows; cannot resolve sub-block spatial detail
P->P,0,6,DENSE,0.3333333333333333,DENSE: entropy=0.89>0.7,,,"[0, 1, 2, 3, 4, 5, 6, 7, 8, 9, 10]",block_size=256 spans ~4.9 token rows; cannot resolve sub-block spatial detail
P->X,0,6,DENSE,0.5,DENSE: entropy=0.99>0.7; many_blocks_above_0.01=32,,,,block_size=256 spans ~4.9 token rows; cannot resolve sub-block spatial detail
P->S,0,6,DENSE,0.5,DENSE: entropy=0.94>0.7; many_blocks_above_0.01=34,,,,block_size=256 spans ~4.9 token rows; cannot resolve sub-block spatial detail
P->R1,0,6,DENSE,0.5,DENSE: entropy=0.99>0.7; many_blocks_above_0.01=34,,,"[0, 1, 2, 3, 4, 5, 6, 7, 8, 9, 10, 11, 12, 13, 14, 15, 16, 17, 18, 19, 20, 21, 22, 23, 24]",block_size=256 spans ~4.9 token rows; cannot resolve sub-block spatial detail
S->P,0,6,DENSE,0.3333333333333333,DENSE: entropy=0.80>0.7,,,,block_size=256 spans ~4.9 token rows; cannot resolve sub-block spatial detail
R1->P,0,6,DENSE,0.3333333333333333,DENSE: entropy=0.76>0.7,,,,block_size=256 spans ~4.9 token rows; cannot resolve sub-block spatial detail
P->P,0,7,DENSE,0.3333333333333333,DENSE: entropy=0.95>0.7,,,"[13, 14, 15, 16, 17, 18, 19, 20, 21, 22, 23, 24, 25, 26, 27]",block_size=256 spans ~4.9 token rows; cannot resolve sub-block spatial detail
P->X,0,7,DENSE,0.5,DENSE: entropy=1.00>0.7; many_blocks_above_0.01=32,,,,block_size=256 spans ~4.9 token rows; cannot resolve sub-block spatial detail
X->P,0,7,DENSE,0.5,DENSE: entropy=0.95>0.7; many_blocks_above_0.01=30,,,,block_size=256 spans ~4.9 token rows; cannot resolve sub-block spatial detail
S->P,0,7,DENSE,0.5,DENSE: entropy=0.99>0.7; many_blocks_above_0.01=33,,,,block_size=256 spans ~4.9 token rows; cannot resolve sub-block spatial detail
S->X,0,7,DENSE,0.3333333333333333,DENSE: entropy=0.85>0.7,,,,block_size=256 spans ~4.9 token rows; cannot resolve sub-block spatial detail
R1->P,0,7,DENSE,0.5,DENSE: entropy=0.98>0.7; many_blocks_above_0.01=34,,,"[26, 27]",block_size=256 spans ~4.9 token rows; cannot resolve sub-block spatial detail
R1->S,0,7,DENSE,0.7666666666666666,DENSE: entropy=0.87>0.7; max_block=0.027<0.03; many_blocks_above_0.01=31,,,,block_size=256 spans ~4.9 token rows; cannot resolve sub-block spatial detail
P->P,0,8,DENSE,0.3333333333333333,DENSE: entropy=0.98>0.7,,,"[22, 23, 25]",block_size=256 spans ~4.9 token rows; cannot resolve sub-block spatial detail
P->X,0,8,DENSE,0.5,DENSE: entropy=0.97>0.7; many_blocks_above_0.01=32,,,,block_size=256 spans ~4.9 token rows; cannot resolve sub-block spatial detail
P->S,0,8,DENSE,0.5,DENSE: entropy=0.94>0.7; many_blocks_above_0.01=34,,,"[0, 1, 2, 3, 4, 5, 6, 7, 8, 9, 10, 11, 12, 13, 14, 15, 16, 17, 18, 19, 20, 21, 22, 23, 24, 25, 26, 27]",block_size=256 spans ~4.9 token rows; cannot resolve sub-block spatial detail
P->R1,0,8,DENSE,0.5,DENSE: entropy=0.97>0.7; many_blocks_above_0.01=33,,,"[0, 1, 2, 3, 4, 5, 6, 7, 8, 9, 10, 11, 12, 13, 14, 15, 16, 17, 18, 19, 20, 21, 22, 23, 24, 25, 26, 27]",block_size=256 spans ~4.9 token rows; cannot resolve sub-block spatial detail
X->P,0,8,DENSE,0.5,DENSE: entropy=0.95>0.7; many_blocks_above_0.01=31,,,,block_size=256 spans ~4.9 token rows; cannot resolve sub-block spatial detail
S->P,0,8,DENSE,0.5,DENSE: entropy=0.99>0.7; many_blocks_above_0.01=33,,,,block_size=256 spans ~4.9 token rows; cannot resolve sub-block spatial detail
R1->P,0,8,DENSE,0.5,DENSE: entropy=0.97>0.7; many_blocks_above_0.01=34,,,,block_size=256 spans ~4.9 token rows; cannot resolve sub-block spatial detail
P->P,0,9,DENSE,0.3333333333333333,DENSE: entropy=0.89>0.7,,,"[26, 27]",block_size=256 spans ~4.9 token rows; cannot resolve sub-block spatial detail
P->X,0,9,DENSE,0.5,DENSE: entropy=0.96>0.7; many_blocks_above_0.01=32,,,,block_size=256 spans ~4.9 token rows; cannot resolve sub-block spatial detail
P->S,0,9,DENSE,0.5,DENSE: entropy=0.97>0.7; many_blocks_above_0.01=34,,,,block_size=256 spans ~4.9 token rows; cannot resolve sub-block spatial detail
P->R1,0,9,DENSE,0.5,DENSE: entropy=0.97>0.7; many_blocks_above_0.01=34,,,,block_size=256 spans ~4.9 token rows; cannot resolve sub-block spatial detail
S->P,0,9,DENSE,0.5,DENSE: entropy=0.85>0.7; many_blocks_above_0.01=21,,,,block_size=256 spans ~4.9 token rows; cannot resolve sub-block spatial detail
S->X,0,9,DENSE,0.5,DENSE: entropy=0.74>0.7; many_blocks_above_0.01=36,,,,block_size=256 spans ~4.9 token rows; cannot resolve sub-block spatial detail
S->S,0,9,DENSE,0.5,DENSE: entropy=0.77>0.7; many_blocks_above_0.01=34,,,,block_size=256 spans ~4.9 token rows; cannot resolve sub-block spatial detail
R1->P,0,9,DENSE,0.3333333333333333,DENSE: entropy=0.81>0.7,,,,block_size=256 spans ~4.9 token rows; cannot resolve sub-block spatial detail
R1->X,0,9,DENSE,0.5,DENSE: entropy=0.76>0.7; many_blocks_above_0.01=37,,,,block_size=256 spans ~4.9 token rows; cannot resolve sub-block spatial detail
R1->S,0,9,DENSE,0.5,DENSE: entropy=0.75>0.7; many_blocks_above_0.01=36,,,,block_size=256 spans ~4.9 token rows; cannot resolve sub-block spatial detail
R1->R1,0,9,DENSE,0.5,DENSE: entropy=0.77>0.7; many_blocks_above_0.01=34,,,,block_size=256 spans ~4.9 token rows; cannot resolve sub-block spatial detail
P->P,0,10,DENSE,0.3333333333333333,DENSE: entropy=0.88>0.7,,,,block_size=256 spans ~4.9 token rows; cannot resolve sub-block spatial detail
P->X,0,10,DENSE,0.5,DENSE: entropy=0.92>0.7; many_blocks_above_0.01=31,,,,block_size=256 spans ~4.9 token rows; cannot resolve sub-block spatial detail
P->S,0,10,DENSE,0.5,DENSE: entropy=0.94>0.7; many_blocks_above_0.01=34,,,"[0, 1, 2, 3, 4, 5, 6, 7, 8, 9, 10, 11, 12, 13, 14, 15, 16, 17, 18, 19, 20, 21, 22, 23, 24, 25, 26, 27]",block_size=256 spans ~4.9 token rows; cannot resolve sub-block spatial detail
P->R1,0,10,DENSE,0.5,DENSE: entropy=0.97>0.7; many_blocks_above_0.01=34,,,"[0, 1, 2, 3, 4, 5, 6, 7, 8, 9, 10, 11, 12, 13, 14, 15, 16, 17, 18, 19, 20, 21, 22, 23, 24, 25, 26, 27]",block_size=256 spans ~4.9 token rows; cannot resolve sub-block spatial detail
X->P,0,10,DENSE,0.5,DENSE: entropy=0.92>0.7; many_blocks_above_0.01=25,,,,block_size=256 spans ~4.9 token rows; cannot resolve sub-block spatial detail
X->S,0,10,DENSE,0.3333333333333333,DENSE: entropy=0.91>0.7,,,,block_size=256 spans ~4.9 token rows; cannot resolve sub-block spatial detail
X->R1,0,10,DENSE,0.6,DENSE: entropy=0.97>0.7; max_block=0.013<0.03,,,,block_size=256 spans ~4.9 token rows; cannot resolve sub-block spatial detail
S->P,0,10,DENSE,0.5,DENSE: entropy=0.98>0.7; many_blocks_above_0.01=33,,,,block_size=256 spans ~4.9 token rows; cannot resolve sub-block spatial detail
S->X,0,10,DENSE,0.6,DENSE: entropy=0.95>0.7; max_block=0.029<0.03,,,,block_size=256 spans ~4.9 token rows; cannot resolve sub-block spatial detail
S->R1,0,10,DENSE,0.3333333333333333,DENSE: entropy=0.93>0.7,,,,block_size=256 spans ~4.9 token rows; cannot resolve sub-block spatial detail
R1->P,0,10,DENSE,0.5,DENSE: entropy=0.98>0.7; many_blocks_above_0.01=34,,,,block_size=256 spans ~4.9 token rows; cannot resolve sub-block spatial detail
R1->S,0,10,DENSE,0.6,DENSE: entropy=0.95>0.7; max_block=0.029<0.03,,,,block_size=256 spans ~4.9 token rows; cannot resolve sub-block spatial detail
P->X,0,11,DENSE,0.5,DENSE: entropy=0.93>0.7; many_blocks_above_0.01=32,,,,block_size=256 spans ~4.9 token rows; cannot resolve sub-block spatial detail
P->S,0,11,DENSE,0.5,DENSE: entropy=0.96>0.7; many_blocks_above_0.01=34,,,,block_size=256 spans ~4.9 token rows; cannot resolve sub-block spatial detail
P->R1,0,11,DENSE,0.5,DENSE: entropy=0.95>0.7; many_blocks_above_0.01=34,,,"[2, 3, 4, 5, 6, 7, 8, 9, 10, 11]",block_size=256 spans ~4.9 token rows; cannot resolve sub-block spatial detail
P->X,0,12,DENSE,0.5,DENSE: entropy=0.97>0.7; many_blocks_above_0.01=32,,,"[0, 1, 2, 3]",block_size=256 spans ~4.9 token rows; cannot resolve sub-block spatial detail
P->S,0,12,DENSE,0.5,DENSE: entropy=0.98>0.7; many_blocks_above_0.01=34,,,"[0, 1, 2, 3, 4, 5, 6, 7, 8, 9, 10, 11, 12, 13, 14, 15, 16, 17, 18, 19, 20, 21, 22, 23, 24, 25, 26, 27]",block_size=256 spans ~4.9 token rows; cannot resolve sub-block spatial detail
P->R1,0,12,DENSE,0.5,DENSE: entropy=0.98>0.7; many_blocks_above_0.01=33,,,"[0, 1, 2, 3, 4, 5, 6, 7, 8, 9, 10, 11, 12, 13, 14, 15, 16, 17, 18, 19, 20, 21, 22, 23, 24, 25, 26, 27]",block_size=256 spans ~4.9 token rows; cannot resolve sub-block spatial detail
P->P,0,13,DENSE,0.3333333333333333,DENSE: entropy=0.90>0.7,,,,block_size=256 spans ~4.9 token rows; cannot resolve sub-block spatial detail
P->X,0,13,DENSE,0.5,DENSE: entropy=0.95>0.7; many_blocks_above_0.01=32,,,,block_size=256 spans ~4.9 token rows; cannot resolve sub-block spatial detail
P->S,0,13,DENSE,0.5,DENSE: entropy=0.97>0.7; many_blocks_above_0.01=34,,,,block_size=256 spans ~4.9 token rows; cannot resolve sub-block spatial detail
P->R1,0,13,DENSE,0.5,DENSE: entropy=0.98>0.7; many_blocks_above_0.01=34,,,"[0, 1, 2, 3, 4, 5, 6, 7, 8, 9, 10, 11, 12, 13, 14, 15, 16, 17, 18, 19, 20, 21, 22, 23, 24, 25, 26, 27]",block_size=256 spans ~4.9 token rows; cannot resolve sub-block spatial detail
X->P,0,13,DENSE,0.5,DENSE: entropy=0.93>0.7; many_blocks_above_0.01=25,,,"[26, 27]",block_size=256 spans ~4.9 token rows; cannot resolve sub-block spatial detail
X->R1,0,13,DENSE,0.5,DENSE: entropy=0.85>0.7; many_blocks_above_0.01=32,,,,block_size=256 spans ~4.9 token rows; cannot resolve sub-block spatial detail
S->P,0,13,DENSE,0.5,DENSE: entropy=0.93>0.7; many_blocks_above_0.01=27,,,[27],block_size=256 spans ~4.9 token rows; cannot resolve sub-block spatial detail
S->X,0,13,DENSE,0.5,DENSE: entropy=0.83>0.7; many_blocks_above_0.01=23,,,,block_size=256 spans ~4.9 token rows; cannot resolve sub-block spatial detail
S->S,0,13,DENSE,0.5,DENSE: entropy=0.85>0.7; many_blocks_above_0.01=34,,,,block_size=256 spans ~4.9 token rows; cannot resolve sub-block spatial detail
S->R1,0,13,DENSE,0.3333333333333333,DENSE: entropy=0.81>0.7,,,,block_size=256 spans ~4.9 token rows; cannot resolve sub-block spatial detail
R1->P,0,13,DENSE,0.5,DENSE: entropy=0.95>0.7; many_blocks_above_0.01=27,,,"[25, 26, 27]",block_size=256 spans ~4.9 token rows; cannot resolve sub-block spatial detail
R1->X,0,13,DENSE,0.5,DENSE: entropy=0.85>0.7; many_blocks_above_0.01=33,,,,block_size=256 spans ~4.9 token rows; cannot resolve sub-block spatial detail
R1->S,0,13,DENSE,0.5,DENSE: entropy=0.83>0.7; many_blocks_above_0.01=22,,,,block_size=256 spans ~4.9 token rows; cannot resolve sub-block spatial detail
R1->R1,0,13,DENSE,0.5,DENSE: entropy=0.85>0.7; many_blocks_above_0.01=31,,,,block_size=256 spans ~4.9 token rows; cannot resolve sub-block spatial detail
P->S,0,14,DENSE,0.5,DENSE: entropy=0.73>0.7; many_blocks_above_0.01=30,,,,block_size=256 spans ~4.9 token rows; cannot resolve sub-block spatial detail
P->R1,0,14,DENSE,0.5,DENSE: entropy=0.96>0.7; many_blocks_above_0.01=33,,,"[0, 1, 2, 3, 4, 5, 6, 7, 8, 9, 10, 11, 12, 13, 14, 15, 16, 17, 18, 19, 20, 21, 22, 23, 24, 25, 26, 27]",block_size=256 spans ~4.9 token rows; cannot resolve sub-block spatial detail
X->P,0,14,DENSE,0.3333333333333333,DENSE: entropy=0.86>0.7,,,,block_size=256 spans ~4.9 token rows; cannot resolve sub-block spatial detail
S->P,0,14,DENSE,0.5,DENSE: entropy=0.99>0.7; many_blocks_above_0.01=33,,,,block_size=256 spans ~4.9 token rows; cannot resolve sub-block spatial detail
S->S,0,14,DENSE,0.5,DENSE: entropy=0.88>0.7; many_blocks_above_0.01=25,,,,block_size=256 spans ~4.9 token rows; cannot resolve sub-block spatial detail
R1->P,0,14,DENSE,0.5,DENSE: entropy=1.00>0.7; many_blocks_above_0.01=34,,,,block_size=256 spans ~4.9 token rows; cannot resolve sub-block spatial detail
R1->X,0,14,DENSE,0.7666666666666666,DENSE: entropy=0.91>0.7; max_block=0.024<0.03; many_blocks_above_0.01=28,,,,block_size=256 spans ~4.9 token rows; cannot resolve sub-block spatial detail
R1->S,0,14,DENSE,0.5,DENSE: entropy=0.91>0.7; many_blocks_above_0.01=24,,,,block_size=256 spans ~4.9 token rows; cannot resolve sub-block spatial detail
R1->R1,0,14,DENSE,0.6,DENSE: entropy=0.91>0.7; max_block=0.028<0.03,,,,block_size=256 spans ~4.9 token rows; cannot resolve sub-block spatial detail
P->X,0,15,DENSE,0.5,DENSE: entropy=1.00>0.7; many_blocks_above_0.01=32,,,,block_size=256 spans ~4.9 token rows; cannot resolve sub-block spatial detail
P->S,0,15,DENSE,0.5,DENSE: entropy=0.82>0.7; many_blocks_above_0.01=33,,,,block_size=256 spans ~4.9 token rows; cannot resolve sub-block spatial detail
P->R1,0,15,DENSE,0.5,DENSE: entropy=0.96>0.7; many_blocks_above_0.01=33,,,"[0, 1, 2, 3, 4, 5, 6, 7, 8, 9, 10, 11, 12, 13, 14, 15, 16, 17, 18, 19, 20, 21, 22, 23, 24, 25, 26, 27]",block_size=256 spans ~4.9 token rows; cannot resolve sub-block spatial detail
X->P,0,15,DENSE,0.3333333333333333,DENSE: entropy=0.85>0.7,,,,block_size=256 spans ~4.9 token rows; cannot resolve sub-block spatial detail
S->P,0,15,DENSE,0.5,DENSE: entropy=0.87>0.7; many_blocks_above_0.01=28,,,"[26, 27]",block_size=256 spans ~4.9 token rows; cannot resolve sub-block spatial detail
P->P,0,16,DENSE,0.3333333333333333,DENSE: entropy=0.92>0.7,,,"[6, 7, 8, 9, 10, 11, 12, 13, 14, 15, 16, 17, 18, 19, 20, 21, 22, 23, 24, 25, 26, 27]",block_size=256 spans ~4.9 token rows; cannot resolve sub-block spatial detail
P->X,0,16,DENSE,0.5,DENSE: entropy=0.98>0.7; many_blocks_above_0.01=32,,,,block_size=256 spans ~4.9 token rows; cannot resolve sub-block spatial detail
P->S,0,16,DENSE,0.5,DENSE: entropy=0.92>0.7; many_blocks_above_0.01=34,,,"[0, 1, 2, 3, 4, 5, 6, 7, 8, 9, 10, 11, 12, 13, 14, 15, 16, 17, 18, 19, 20, 21, 22, 23, 24, 25, 26, 27]",block_size=256 spans ~4.9 token rows; cannot resolve sub-block spatial detail
P->R1,0,16,DENSE,0.5,DENSE: entropy=0.98>0.7; many_blocks_above_0.01=32,,,"[0, 1, 2, 3, 4, 5, 6, 7, 8, 9, 10, 11, 12, 13, 14, 15, 16, 17, 18, 19, 20, 21, 22, 23, 24, 25, 26, 27]",block_size=256 spans ~4.9 token rows; cannot resolve sub-block spatial detail
X->P,0,16,DENSE,0.3333333333333333,DENSE: entropy=0.88>0.7,,,,block_size=256 spans ~4.9 token rows; cannot resolve sub-block spatial detail
S->P,0,16,DENSE,0.5,DENSE: entropy=0.99>0.7; many_blocks_above_0.01=33,,,,block_size=256 spans ~4.9 token rows; cannot resolve sub-block spatial detail
S->S,0,16,DENSE,0.5,DENSE: entropy=0.78>0.7; many_blocks_above_0.01=33,,,,block_size=256 spans ~4.9 token rows; cannot resolve sub-block spatial detail
R1->P,0,16,DENSE,0.5,DENSE: entropy=0.98>0.7; many_blocks_above_0.01=34,,,,block_size=256 spans ~4.9 token rows; cannot resolve sub-block spatial detail
R1->X,0,16,DENSE,0.5,DENSE: entropy=0.78>0.7; many_blocks_above_0.01=30,,,,block_size=256 spans ~4.9 token rows; cannot resolve sub-block spatial detail
R1->S,0,16,DENSE,0.5,DENSE: entropy=0.78>0.7; many_blocks_above_0.01=30,,,,block_size=256 spans ~4.9 token rows; cannot resolve sub-block spatial detail
R1->R1,0,16,DENSE,0.5,DENSE: entropy=0.80>0.7; many_blocks_above_0.01=34,,,,block_size=256 spans ~4.9 token rows; cannot resolve sub-block spatial detail
P->X,0,17,DENSE,0.5,DENSE: entropy=0.97>0.7; many_blocks_above_0.01=32,,,,block_size=256 spans ~4.9 token rows; cannot resolve sub-block spatial detail
P->S,0,17,DENSE,0.5,DENSE: entropy=0.96>0.7; many_blocks_above_0.01=33,,,"[0, 1, 2, 3, 4, 5, 6, 7, 8, 9, 10, 11, 12, 13, 14, 15, 16, 17, 18, 19, 20, 21, 22, 23, 24, 25, 26, 27]",block_size=256 spans ~4.9 token rows; cannot resolve sub-block spatial detail
P->R1,0,17,DENSE,0.5,DENSE: entropy=0.97>0.7; many_blocks_above_0.01=33,,,"[0, 1, 2, 3, 4, 5, 6, 7, 8, 9, 10, 11, 12, 13, 14, 15, 16, 17, 18, 19, 20, 21, 22, 23, 24, 25, 26, 27]",block_size=256 spans ~4.9 token rows; cannot resolve sub-block spatial detail
X->P,0,17,DENSE,0.3333333333333333,DENSE: entropy=0.87>0.7,,,,block_size=256 spans ~4.9 token rows; cannot resolve sub-block spatial detail
X->X,0,17,DENSE,0.7666666666666666,DENSE: entropy=0.90>0.7; max_block=0.025<0.03; many_blocks_above_0.01=29,,,,block_size=256 spans ~4.9 token rows; cannot resolve sub-block spatial detail
X->S,0,17,DENSE,0.5,DENSE: entropy=0.88>0.7; many_blocks_above_0.01=24,,,,block_size=256 spans ~4.9 token rows; cannot resolve sub-block spatial detail
X->R1,0,17,DENSE,0.5,DENSE: entropy=0.91>0.7; many_blocks_above_0.01=24,,,,block_size=256 spans ~4.9 token rows; cannot resolve sub-block spatial detail
S->P,0,17,DENSE,0.5,DENSE: entropy=0.95>0.7; many_blocks_above_0.01=33,,,,block_size=256 spans ~4.9 token rows; cannot resolve sub-block spatial detail
S->X,0,17,DENSE,0.3333333333333333,DENSE: entropy=0.92>0.7,,,,block_size=256 spans ~4.9 token rows; cannot resolve sub-block spatial detail
S->S,0,17,DENSE,0.6,DENSE: entropy=0.93>0.7; max_block=0.022<0.03,,,,block_size=256 spans ~4.9 token rows; cannot resolve sub-block spatial detail
R1->P,0,17,DENSE,0.5,DENSE: entropy=0.99>0.7; many_blocks_above_0.01=34,,,,block_size=256 spans ~4.9 token rows; cannot resolve sub-block spatial detail
R1->X,0,17,DENSE,0.7666666666666666,DENSE: entropy=0.92>0.7; max_block=0.022<0.03; many_blocks_above_0.01=24,,,,block_size=256 spans ~4.9 token rows; cannot resolve sub-block spatial detail
R1->S,0,17,DENSE,0.3333333333333333,DENSE: entropy=0.93>0.7,,,,block_size=256 spans ~4.9 token rows; cannot resolve sub-block spatial detail
P->P,0,18,DENSE,0.3333333333333333,DENSE: entropy=0.96>0.7,,,"[10, 11, 12, 13, 14, 15, 16, 17, 18, 19, 20, 21, 22, 23, 24, 25, 26, 27]",block_size=256 spans ~4.9 token rows; cannot resolve sub-block spatial detail
P->X,0,18,DENSE,0.5,DENSE: entropy=0.97>0.7; many_blocks_above_0.01=32,,,,block_size=256 spans ~4.9 token rows; cannot resolve sub-block spatial detail
P->S,0,18,DENSE,0.5,DENSE: entropy=0.85>0.7; many_blocks_above_0.01=29,,,"[0, 1, 2, 3]",block_size=256 spans ~4.9 token rows; cannot resolve sub-block spatial detail
S->P,0,18,DENSE,0.5,DENSE: entropy=0.97>0.7; many_blocks_above_0.01=31,,,,block_size=256 spans ~4.9 token rows; cannot resolve sub-block spatial detail
S->S,0,18,DENSE,0.5,DENSE: entropy=0.78>0.7; many_blocks_above_0.01=31,,,,block_size=256 spans ~4.9 token rows; cannot resolve sub-block spatial detail
R1->X,0,18,DENSE,0.5,DENSE: entropy=0.78>0.7; many_blocks_above_0.01=32,,,,block_size=256 spans ~4.9 token rows; cannot resolve sub-block spatial detail
P->X,0,19,DENSE,0.5,DENSE: entropy=0.99>0.7; many_blocks_above_0.01=32,,,"[0, 1, 2, 3, 4, 5, 6, 7, 8, 9]",block_size=256 spans ~4.9 token rows; cannot resolve sub-block spatial detail
P->S,0,19,DENSE,0.5,DENSE: entropy=0.98>0.7; many_blocks_above_0.01=34,,,"[0, 1, 2, 3, 4, 5, 6, 7, 8, 9, 10, 11, 12, 13, 14, 15, 16, 17, 18, 19, 20, 21, 22, 23, 24, 25, 26, 27]",block_size=256 spans ~4.9 token rows; cannot resolve sub-block spatial detail
P->R1,0,19,DENSE,0.5,DENSE: entropy=0.98>0.7; many_blocks_above_0.01=34,,,"[0, 1, 2, 3, 4, 5, 6, 7, 8, 9, 10, 11, 12, 13, 14, 15, 16, 17, 18, 19, 20, 21, 22, 23, 24, 25, 26, 27]",block_size=256 spans ~4.9 token rows; cannot resolve sub-block spatial detail
X->S,0,19,DENSE,0.3333333333333333,DENSE: entropy=0.80>0.7,,,,block_size=256 spans ~4.9 token rows; cannot resolve sub-block spatial detail
S->R1,0,19,DENSE,0.5,DENSE: entropy=0.82>0.7; many_blocks_above_0.01=30,,,,block_size=256 spans ~4.9 token rows; cannot resolve sub-block spatial detail
P->X,0,20,DENSE,0.5,DENSE: entropy=0.89>0.7; many_blocks_above_0.01=28,,,,block_size=256 spans ~4.9 token rows; cannot resolve sub-block spatial detail
P->S,0,20,DENSE,0.5,DENSE: entropy=0.92>0.7; many_blocks_above_0.01=29,,,"[0, 1, 2, 3, 4, 5, 6, 7, 8, 9, 10, 11, 12, 13, 14, 15, 16, 17, 18, 19, 20, 21, 22, 23, 24, 25, 26, 27]",block_size=256 spans ~4.9 token rows; cannot resolve sub-block spatial detail
P->R1,0,20,DENSE,0.5,DENSE: entropy=0.93>0.7; many_blocks_above_0.01=32,,,"[0, 1, 2, 3, 4, 5, 6, 7, 8, 9, 10, 11, 12, 13, 14, 15, 16, 17, 18, 19, 20, 21, 22, 23, 24, 25, 26, 27]",block_size=256 spans ~4.9 token rows; cannot resolve sub-block spatial detail
P->P,0,21,DENSE,0.3333333333333333,DENSE: entropy=0.86>0.7,,,,block_size=256 spans ~4.9 token rows; cannot resolve sub-block spatial detail
P->X,0,21,DENSE,0.5,DENSE: entropy=0.94>0.7; many_blocks_above_0.01=29,,,,block_size=256 spans ~4.9 token rows; cannot resolve sub-block spatial detail
P->S,0,21,DENSE,0.5,DENSE: entropy=0.96>0.7; many_blocks_above_0.01=32,,,"[0, 1, 2, 3, 4, 5, 6, 7, 8, 9, 10, 11, 12, 13, 14, 15, 16, 17, 18, 19, 20, 21, 22, 23, 24, 25, 26, 27]",block_size=256 spans ~4.9 token rows; cannot resolve sub-block spatial detail
P->R1,0,21,DENSE,0.5,DENSE: entropy=0.98>0.7; many_blocks_above_0.01=32,,,"[0, 1, 2, 3, 4, 5, 6, 7, 8, 9, 10, 11, 12, 13, 14, 15, 16, 17, 18, 19, 20, 21, 22, 23, 24, 25, 26, 27]",block_size=256 spans ~4.9 token rows; cannot resolve sub-block spatial detail
S->P,0,21,DENSE,0.5,DENSE: entropy=0.91>0.7; many_blocks_above_0.01=23,,,"[21, 22, 23, 25, 26]",block_size=256 spans ~4.9 token rows; cannot resolve sub-block spatial detail
S->X,0,21,DENSE,0.5,DENSE: entropy=0.75>0.7; many_blocks_above_0.01=33,,,,block_size=256 spans ~4.9 token rows; cannot resolve sub-block spatial detail
S->S,0,21,DENSE,0.5,DENSE: entropy=0.75>0.7; many_blocks_above_0.01=32,,,,block_size=256 spans ~4.9 token rows; cannot resolve sub-block spatial detail
R1->X,0,21,DENSE,0.5,DENSE: entropy=0.77>0.7; many_blocks_above_0.01=34,,,,block_size=256 spans ~4.9 token rows; cannot resolve sub-block spatial detail
R1->S,0,21,DENSE,0.5,DENSE: entropy=0.76>0.7; many_blocks_above_0.01=32,,,,block_size=256 spans ~4.9 token rows; cannot resolve sub-block spatial detail
R1->R1,0,21,DENSE,0.5,DENSE: entropy=0.75>0.7; many_blocks_above_0.01=33,,,,block_size=256 spans ~4.9 token rows; cannot resolve sub-block spatial detail
P->X,0,22,DENSE,0.5,DENSE: entropy=0.99>0.7; many_blocks_above_0.01=32,,,,block_size=256 spans ~4.9 token rows; cannot resolve sub-block spatial detail
P->S,0,22,DENSE,0.5,DENSE: entropy=0.82>0.7; many_blocks_above_0.01=32,,,,block_size=256 spans ~4.9 token rows; cannot resolve sub-block spatial detail
P->R1,0,22,DENSE,0.5,DENSE: entropy=0.99>0.7; many_blocks_above_0.01=34,,,"[0, 1, 2, 3, 4, 5, 6, 7, 8, 9, 10, 11, 12, 13, 14, 15, 16, 17, 18, 19, 20, 21, 22, 23, 24, 25, 26, 27]",block_size=256 spans ~4.9 token rows; cannot resolve sub-block spatial detail
X->P,0,22,DENSE,0.5,DENSE: entropy=0.98>0.7; many_blocks_above_0.01=32,,,,block_size=256 spans ~4.9 token rows; cannot resolve sub-block spatial detail
X->S,0,22,DENSE,0.3333333333333333,DENSE: entropy=0.75>0.7,,,,block_size=256 spans ~4.9 token rows; cannot resolve sub-block spatial detail
S->P,0,22,DENSE,0.5,DENSE: entropy=0.99>0.7; many_blocks_above_0.01=33,,,,block_size=256 spans ~4.9 token rows; cannot resolve sub-block spatial detail
S->R1,0,22,DENSE,0.3333333333333333,DENSE: entropy=0.81>0.7,,,,block_size=256 spans ~4.9 token rows; cannot resolve sub-block spatial detail
R1->P,0,22,DENSE,0.5,DENSE: entropy=0.97>0.7; many_blocks_above_0.01=34,,,,block_size=256 spans ~4.9 token rows; cannot resolve sub-block spatial detail
P->X,0,23,DENSE,0.5,DENSE: entropy=0.98>0.7; many_blocks_above_0.01=32,,,,block_size=256 spans ~4.9 token rows; cannot resolve sub-block spatial detail
P->S,0,23,DENSE,0.5,DENSE: entropy=0.98>0.7; many_blocks_above_0.01=34,,,,block_size=256 spans ~4.9 token rows; cannot resolve sub-block spatial detail
P->R1,0,23,DENSE,0.5,DENSE: entropy=0.99>0.7; many_blocks_above_0.01=34,,,,block_size=256 spans ~4.9 token rows; cannot resolve sub-block spatial detail
S->P,0,23,DENSE,0.5,DENSE: entropy=0.97>0.7; many_blocks_above_0.01=32,,,"[18, 19, 20, 21, 22, 23, 24, 25, 26, 27]",block_size=256 spans ~4.9 token rows; cannot resolve sub-block spatial detail
P->X,1,0,DENSE,0.5,DENSE: entropy=0.97>0.7; many_blocks_above_0.01=31,,,"[0, 1, 2, 3]",block_size=256 spans ~4.9 token rows; cannot resolve sub-block spatial detail
P->S,1,0,DENSE,0.5,DENSE: entropy=0.95>0.7; many_blocks_above_0.01=30,,,"[5, 6, 7, 8, 9, 10, 11, 12, 13, 14, 15, 16, 17, 18, 19, 20, 21, 22, 23, 24, 25, 26, 27]",block_size=256 spans ~4.9 token rows; cannot resolve sub-block spatial detail
P->R1,1,0,DENSE,0.5,DENSE: entropy=0.96>0.7; many_blocks_above_0.01=33,,,"[0, 1, 2, 3, 4, 5, 6, 7, 8, 9, 10, 11, 12, 13, 14, 15, 16, 17, 18, 19, 20, 21, 22, 23, 24, 25, 26, 27]",block_size=256 spans ~4.9 token rows; cannot resolve sub-block spatial detail
X->P,1,0,DENSE,0.5,DENSE: entropy=0.98>0.7; many_blocks_above_0.01=31,,,,block_size=256 spans ~4.9 token rows; cannot resolve sub-block spatial detail
S->P,1,0,DENSE,0.5,DENSE: entropy=0.99>0.7; many_blocks_above_0.01=34,,,,block_size=256 spans ~4.9 token rows; cannot resolve sub-block spatial detail
S->X,1,0,DENSE,0.5,DENSE: entropy=0.76>0.7; many_blocks_above_0.01=20,,,,block_size=256 spans ~4.9 token rows; cannot resolve sub-block spatial detail
R1->P,1,0,DENSE,0.5,DENSE: entropy=0.96>0.7; many_blocks_above_0.01=32,,,,block_size=256 spans ~4.9 token rows; cannot resolve sub-block spatial detail
R1->X,1,0,DENSE,0.5,DENSE: entropy=0.83>0.7; many_blocks_above_0.01=29,,,,block_size=256 spans ~4.9 token rows; cannot resolve sub-block spatial detail
R1->S,1,0,DENSE,0.5,DENSE: entropy=0.73>0.7; many_blocks_above_0.01=22,,,,block_size=256 spans ~4.9 token rows; cannot resolve sub-block spatial detail
P->X,1,1,DENSE,0.5,DENSE: entropy=0.89>0.7; many_blocks_above_0.01=30,,,"[13, 14, 15, 16, 17, 18, 19, 20, 21, 22, 23, 24, 25, 26, 27]",block_size=256 spans ~4.9 token rows; cannot resolve sub-block spatial detail
P->S,1,1,DENSE,0.5,DENSE: entropy=0.90>0.7; many_blocks_above_0.01=28,,,"[11, 12, 13, 14, 15, 16, 17, 18, 19, 20, 21, 22, 23, 24, 25, 26, 27]",block_size=256 spans ~4.9 token rows; cannot resolve sub-block spatial detail
X->P,1,1,DENSE,0.5,DENSE: entropy=0.93>0.7; many_blocks_above_0.01=28,,,,block_size=256 spans ~4.9 token rows; cannot resolve sub-block spatial detail
X->X,1,1,DENSE,0.7666666666666666,DENSE: entropy=0.92>0.7; max_block=0.021<0.03; many_blocks_above_0.01=27,,,,block_size=256 spans ~4.9 token rows; cannot resolve sub-block spatial detail
X->R1,1,1,DENSE,0.5,DENSE: entropy=0.91>0.7; many_blocks_above_0.01=24,,,,block_size=256 spans ~4.9 token rows; cannot resolve sub-block spatial detail
S->X,1,1,DENSE,0.5,DENSE: entropy=0.89>0.7; many_blocks_above_0.01=28,,,,block_size=256 spans ~4.9 token rows; cannot resolve sub-block spatial detail
S->S,1,1,DENSE,0.5,DENSE: entropy=0.85>0.7; many_blocks_above_0.01=31,,,,block_size=256 spans ~4.9 token rows; cannot resolve sub-block spatial detail
S->R1,1,1,DENSE,0.5,DENSE: entropy=0.89>0.7; many_blocks_above_0.01=21,,,,block_size=256 spans ~4.9 token rows; cannot resolve sub-block spatial detail
R1->X,1,1,DENSE,0.5,DENSE: entropy=0.86>0.7; many_blocks_above_0.01=37,,,,block_size=256 spans ~4.9 token rows; cannot resolve sub-block spatial detail
R1->S,1,1,DENSE,0.5,DENSE: entropy=0.88>0.7; many_blocks_above_0.01=21,,,,block_size=256 spans ~4.9 token rows; cannot resolve sub-block spatial detail
R1->R1,1,1,DENSE,0.5,DENSE: entropy=0.82>0.7; many_blocks_above_0.01=30,,,,block_size=256 spans ~4.9 token rows; cannot resolve sub-block spatial detail
P->X,1,2,DENSE,0.5,DENSE: entropy=0.97>0.7; many_blocks_above_0.01=32,,,,block_size=256 spans ~4.9 token rows; cannot resolve sub-block spatial detail
P->S,1,2,DENSE,0.5,DENSE: entropy=0.93>0.7; many_blocks_above_0.01=29,,,"[0, 1, 2, 3, 4, 5, 6, 7, 8, 9, 10, 11, 12, 13, 14, 15, 16, 17, 18, 19, 20, 21, 22, 23, 24]",block_size=256 spans ~4.9 token rows; cannot resolve sub-block spatial detail
P->R1,1,2,DENSE,0.5,DENSE: entropy=0.94>0.7; many_blocks_above_0.01=30,,,"[0, 1, 2, 3, 4, 5, 6, 7, 8, 9, 10, 11, 12, 13, 14, 15, 16, 17, 18, 19, 20, 21, 22, 23, 24, 25, 26, 27]",block_size=256 spans ~4.9 token rows; cannot resolve sub-block spatial detail
X->P,1,2,DENSE,0.5,DENSE: entropy=0.97>0.7; many_blocks_above_0.01=32,,,,block_size=256 spans ~4.9 token rows; cannot resolve sub-block spatial detail
P->X,1,3,DENSE,0.5,DENSE: entropy=0.97>0.7; many_blocks_above_0.01=32,,,,block_size=256 spans ~4.9 token rows; cannot resolve sub-block spatial detail
P->S,1,3,DENSE,0.5,DENSE: entropy=0.97>0.7; many_blocks_above_0.01=33,,,"[1, 2, 3, 4, 5, 6, 7, 8, 9, 10, 11, 12, 13, 14, 15, 16, 17, 18, 19, 20, 21, 22, 23, 24, 25, 26, 27]",block_size=256 spans ~4.9 token rows; cannot resolve sub-block spatial detail
P->R1,1,3,DENSE,0.5,DENSE: entropy=0.90>0.7; many_blocks_above_0.01=26,,,"[15, 16, 17, 18, 19, 20, 21, 22, 23, 24, 25, 26, 27]",block_size=256 spans ~4.9 token rows; cannot resolve sub-block spatial detail
X->P,1,3,DENSE,0.3333333333333333,DENSE: entropy=0.88>0.7,,,,block_size=256 spans ~4.9 token rows; cannot resolve sub-block spatial detail
X->S,1,3,DENSE,0.5,DENSE: entropy=0.89>0.7; many_blocks_above_0.01=22,,,,block_size=256 spans ~4.9 token rows; cannot resolve sub-block spatial detail
X->R1,1,3,DENSE,0.5,DENSE: entropy=0.88>0.7; many_blocks_above_0.01=29,,,,block_size=256 spans ~4.9 token rows; cannot resolve sub-block spatial detail
S->P,1,3,DENSE,0.5,DENSE: entropy=0.92>0.7; many_blocks_above_0.01=30,,,,block_size=256 spans ~4.9 token rows; cannot resolve sub-block spatial detail
S->X,1,3,DENSE,0.6,DENSE: entropy=0.94>0.7; max_block=0.017<0.03,,,,block_size=256 spans ~4.9 token rows; cannot resolve sub-block spatial detail
S->S,1,3,DENSE,0.7666666666666666,DENSE: entropy=0.87>0.7; max_block=0.029<0.03; many_blocks_above_0.01=27,,,,block_size=256 spans ~4.9 token rows; cannot resolve sub-block spatial detail
S->R1,1,3,DENSE,0.5,DENSE: entropy=0.87>0.7; many_blocks_above_0.01=29,,,,block_size=256 spans ~4.9 token rows; cannot resolve sub-block spatial detail
R1->P,1,3,DENSE,0.5,DENSE: entropy=0.95>0.7; many_blocks_above_0.01=30,,,,block_size=256 spans ~4.9 token rows; cannot resolve sub-block spatial detail
R1->S,1,3,DENSE,0.7666666666666666,DENSE: entropy=0.88>0.7; max_block=0.028<0.03; many_blocks_above_0.01=26,,,,block_size=256 spans ~4.9 token rows; cannot resolve sub-block spatial detail
R1->R1,1,3,DENSE,0.5,DENSE: entropy=0.85>0.7; many_blocks_above_0.01=25,,,,block_size=256 spans ~4.9 token rows; cannot resolve sub-block spatial detail
P->X,1,4,DENSE,0.5,DENSE: entropy=0.96>0.7; many_blocks_above_0.01=31,,,"[0, 1, 2, 3, 4, 5, 6, 7]",block_size=256 spans ~4.9 token rows; cannot resolve sub-block spatial detail
P->S,1,4,DENSE,0.5,DENSE: entropy=0.90>0.7; many_blocks_above_0.01=26,,,"[0, 4, 5, 6, 7, 8, 9, 10, 11, 12, 13, 14, 15]",block_size=256 spans ~4.9 token rows; cannot resolve sub-block spatial detail
X->P,1,4,DENSE,0.5,DENSE: entropy=0.95>0.7; many_blocks_above_0.01=30,,,"[26, 27]",block_size=256 spans ~4.9 token rows; cannot resolve sub-block spatial detail
X->S,1,4,DENSE,0.3333333333333333,DENSE: entropy=0.84>0.7,,,,block_size=256 spans ~4.9 token rows; cannot resolve sub-block spatial detail
X->R1,1,4,DENSE,0.6,DENSE: entropy=0.94>0.7; max_block=0.022<0.03,,,,block_size=256 spans ~4.9 token rows; cannot resolve sub-block spatial detail
S->X,1,4,DENSE,0.3333333333333333,DENSE: entropy=0.83>0.7,,,,block_size=256 spans ~4.9 token rows; cannot resolve sub-block spatial detail
S->R1,1,4,DENSE,0.3333333333333333,DENSE: entropy=0.82>0.7,,,,block_size=256 spans ~4.9 token rows; cannot resolve sub-block spatial detail
R1->X,1,4,DENSE,0.6,DENSE: entropy=0.94>0.7; max_block=0.021<0.03,,,,block_size=256 spans ~4.9 token rows; cannot resolve sub-block spatial detail
R1->S,1,4,DENSE,0.3333333333333333,DENSE: entropy=0.88>0.7,,,,block_size=256 spans ~4.9 token rows; cannot resolve sub-block spatial detail
P->X,1,5,DENSE,0.5,DENSE: entropy=0.93>0.7; many_blocks_above_0.01=27,,,"[0, 1, 2, 3]",block_size=256 spans ~4.9 token rows; cannot resolve sub-block spatial detail
P->S,1,5,DENSE,0.5,DENSE: entropy=0.93>0.7; many_blocks_above_0.01=26,,,"[0, 1, 2, 3, 4, 5, 6, 7, 8, 9, 10, 11, 12, 13, 14, 15, 16, 17, 18, 19, 20, 21, 22, 23, 24, 25, 26, 27]",block_size=256 spans ~4.9 token rows; cannot resolve sub-block spatial detail
X->P,1,5,DENSE,0.5,DENSE: entropy=0.91>0.7; many_blocks_above_0.01=21,,,,block_size=256 spans ~4.9 token rows; cannot resolve sub-block spatial detail
X->S,1,5,DENSE,0.3333333333333333,DENSE: entropy=0.88>0.7,,,,block_size=256 spans ~4.9 token rows; cannot resolve sub-block spatial detail
S->P,1,5,DENSE,0.5,DENSE: entropy=0.93>0.7; many_blocks_above_0.01=33,,,,block_size=256 spans ~4.9 token rows; cannot resolve sub-block spatial detail
S->X,1,5,DENSE,0.6,DENSE: entropy=0.97>0.7; max_block=0.020<0.03,,,,block_size=256 spans ~4.9 token rows; cannot resolve sub-block spatial detail
R1->P,1,5,DENSE,0.5,DENSE: entropy=0.93>0.7; many_blocks_above_0.01=26,,,,block_size=256 spans ~4.9 token rows; cannot resolve sub-block spatial detail
R1->S,1,5,DENSE,0.3333333333333333,DENSE: entropy=0.93>0.7,,,,block_size=256 spans ~4.9 token rows; cannot resolve sub-block spatial detail
P->X,1,6,DENSE,0.5,DENSE: entropy=0.97>0.7; many_blocks_above_0.01=32,,,"[0, 1, 2, 3, 4, 5, 6, 7]",block_size=256 spans ~4.9 token rows; cannot resolve sub-block spatial detail
P->S,1,6,DENSE,0.5,DENSE: entropy=0.94>0.7; many_blocks_above_0.01=28,,,"[0, 1, 2, 3, 4, 5, 6, 7, 8, 9, 10, 11, 12, 13, 14, 15, 16, 17, 18, 19, 20, 21, 22, 23, 24, 25, 26, 27]",block_size=256 spans ~4.9 token rows; cannot resolve sub-block spatial detail
P->R1,1,6,DENSE,0.5,DENSE: entropy=0.93>0.7; many_blocks_above_0.01=30,,,"[0, 1, 2, 3, 4, 5, 6, 7, 8, 9, 10, 11, 12, 13, 14, 15, 16, 17, 18, 19, 20, 21, 22, 23, 24, 25, 26, 27]",block_size=256 spans ~4.9 token rows; cannot resolve sub-block spatial detail
X->P,1,6,DENSE,0.5,DENSE: entropy=0.88>0.7; many_blocks_above_0.01=20,,,"[22, 23, 24, 25, 26, 27]",block_size=256 spans ~4.9 token rows; cannot resolve sub-block spatial detail
X->X,1,6,DENSE,0.7666666666666666,DENSE: entropy=0.82>0.7; max_block=0.029<0.03; many_blocks_above_0.01=41,,,,block_size=256 spans ~4.9 token rows; cannot resolve sub-block spatial detail
X->S,1,6,DENSE,0.5,DENSE: entropy=0.76>0.7; many_blocks_above_0.01=21,,,,block_size=256 spans ~4.9 token rows; cannot resolve sub-block spatial detail
X->R1,1,6,DENSE,0.5,DENSE: entropy=0.81>0.7; many_blocks_above_0.01=27,,,,block_size=256 spans ~4.9 token rows; cannot resolve sub-block spatial detail
R1->X,1,6,DENSE,0.5,DENSE: entropy=0.82>0.7; many_blocks_above_0.01=35,,,,block_size=256 spans ~4.9 token rows; cannot resolve sub-block spatial detail
P->X,1,7,DENSE,0.5,DENSE: entropy=0.95>0.7; many_blocks_above_0.01=30,,,"[0, 1, 2, 3, 4, 5, 6, 7, 8, 9]",block_size=256 spans ~4.9 token rows; cannot resolve sub-block spatial detail
P->S,1,7,DENSE,0.5,DENSE: entropy=0.88>0.7; many_blocks_above_0.01=25,,,"[23, 24]",block_size=256 spans ~4.9 token rows; cannot resolve sub-block spatial detail
P->R1,1,7,DENSE,0.5,DENSE: entropy=0.90>0.7; many_blocks_above_0.01=24,,,"[24, 25, 26, 27]",block_size=256 spans ~4.9 token rows; cannot resolve sub-block spatial detail
X->P,1,7,DENSE,0.5,DENSE: entropy=0.91>0.7; many_blocks_above_0.01=23,,,,block_size=256 spans ~4.9 token rows; cannot resolve sub-block spatial detail
X->X,1,7,DENSE,0.7666666666666666,DENSE: entropy=0.87>0.7; max_block=0.028<0.03; many_blocks_above_0.01=29,,,,block_size=256 spans ~4.9 token rows; cannot resolve sub-block spatial detail
X->S,1,7,DENSE,0.5,DENSE: entropy=0.77>0.7; many_blocks_above_0.01=23,,,,block_size=256 spans ~4.9 token rows; cannot resolve sub-block spatial detail
X->R1,1,7,DENSE,0.5,DENSE: entropy=0.84>0.7; many_blocks_above_0.01=29,,,,block_size=256 spans ~4.9 token rows; cannot resolve sub-block spatial detail
S->X,1,7,DENSE,0.5,DENSE: entropy=0.87>0.7; many_blocks_above_0.01=21,,,,block_size=256 spans ~4.9 token rows; cannot resolve sub-block spatial detail
S->S,1,7,DENSE,0.5,DENSE: entropy=0.81>0.7; many_blocks_above_0.01=34,,,,block_size=256 spans ~4.9 token rows; cannot resolve sub-block spatial detail
S->R1,1,7,DENSE,0.3333333333333333,DENSE: entropy=0.81>0.7,,,,block_size=256 spans ~4.9 token rows; cannot resolve sub-block spatial detail
R1->X,1,7,DENSE,0.7666666666666666,DENSE: entropy=0.90>0.7; max_block=0.026<0.03; many_blocks_above_0.01=26,,,,block_size=256 spans ~4.9 token rows; cannot resolve sub-block spatial detail
R1->S,1,7,DENSE,0.5,DENSE: entropy=0.86>0.7; many_blocks_above_0.01=25,,,,block_size=256 spans ~4.9 token rows; cannot resolve sub-block spatial detail
R1->R1,1,7,DENSE,0.5,DENSE: entropy=0.82>0.7; many_blocks_above_0.01=30,,,,block_size=256 spans ~4.9 token rows; cannot resolve sub-block spatial detail
P->X,1,8,DENSE,0.5,DENSE: entropy=0.98>0.7; many_blocks_above_0.01=32,,,"[0, 1, 2, 3, 4, 5, 6, 7, 8, 9, 10, 11, 12, 13, 14, 15, 16, 17, 18, 19, 20, 21, 22, 23, 24, 25, 26, 27]",block_size=256 spans ~4.9 token rows; cannot resolve sub-block spatial detail
P->S,1,8,DENSE,0.5,DENSE: entropy=0.97>0.7; many_blocks_above_0.01=33,,,"[0, 1, 2, 3, 4, 5, 6, 7, 8, 9, 10, 11, 12, 13, 14, 15, 16, 17, 18, 19, 20, 21, 22, 23, 24, 25, 26, 27]",block_size=256 spans ~4.9 token rows; cannot resolve sub-block spatial detail
X->X,1,8,DENSE,0.5,DENSE: entropy=0.81>0.7; many_blocks_above_0.01=34,,,,block_size=256 spans ~4.9 token rows; cannot resolve sub-block spatial detail
X->S,1,8,DENSE,0.5,DENSE: entropy=0.81>0.7; many_blocks_above_0.01=20,,,,block_size=256 spans ~4.9 token rows; cannot resolve sub-block spatial detail
X->R1,1,8,DENSE,0.5,DENSE: entropy=0.85>0.7; many_blocks_above_0.01=28,,,,block_size=256 spans ~4.9 token rows; cannot resolve sub-block spatial detail
R1->X,1,8,DENSE,0.5,DENSE: entropy=0.81>0.7; many_blocks_above_0.01=32,,,,block_size=256 spans ~4.9 token rows; cannot resolve sub-block spatial detail
P->X,1,9,DENSE,0.5,DENSE: entropy=0.94>0.7; many_blocks_above_0.01=26,,,,block_size=256 spans ~4.9 token rows; cannot resolve sub-block spatial detail
P->S,1,9,DENSE,0.3333333333333333,DENSE: entropy=0.72>0.7,,,,block_size=256 spans ~4.9 token rows; cannot resolve sub-block spatial detail
X->P,1,9,DENSE,0.5,DENSE: entropy=0.97>0.7; many_blocks_above_0.01=31,,,,block_size=256 spans ~4.9 token rows; cannot resolve sub-block spatial detail
X->X,1,9,DENSE,0.5,DENSE: entropy=0.82>0.7; many_blocks_above_0.01=35,,,,block_size=256 spans ~4.9 token rows; cannot resolve sub-block spatial detail
X->S,1,9,DENSE,0.3333333333333333,DENSE: entropy=0.72>0.7,,,,block_size=256 spans ~4.9 token rows; cannot resolve sub-block spatial detail
S->P,1,9,DENSE,0.5,DENSE: entropy=0.96>0.7; many_blocks_above_0.01=34,,,,block_size=256 spans ~4.9 token rows; cannot resolve sub-block spatial detail
S->X,1,9,DENSE,0.5,DENSE: entropy=0.83>0.7; many_blocks_above_0.01=27,,,,block_size=256 spans ~4.9 token rows; cannot resolve sub-block spatial detail
S->S,1,9,DENSE,0.5,DENSE: entropy=0.81>0.7; many_blocks_above_0.01=34,,,,block_size=256 spans ~4.9 token rows; cannot resolve sub-block spatial detail
S->R1,1,9,DENSE,0.3333333333333333,DENSE: entropy=0.76>0.7,,,,block_size=256 spans ~4.9 token rows; cannot resolve sub-block spatial detail
R1->P,1,9,DENSE,0.5,DENSE: entropy=0.96>0.7; many_blocks_above_0.01=31,,,,block_size=256 spans ~4.9 token rows; cannot resolve sub-block spatial detail
R1->X,1,9,DENSE,0.7666666666666666,DENSE: entropy=0.89>0.7; max_block=0.030<0.03; many_blocks_above_0.01=28,,,,block_size=256 spans ~4.9 token rows; cannot resolve sub-block spatial detail
R1->S,1,9,DENSE,0.3333333333333333,DENSE: entropy=0.75>0.7,,,,block_size=256 spans ~4.9 token rows; cannot resolve sub-block spatial detail
R1->R1,1,9,DENSE,0.7666666666666666,DENSE: entropy=0.83>0.7; max_block=0.028<0.03; many_blocks_above_0.01=35,,,,block_size=256 spans ~4.9 token rows; cannot resolve sub-block spatial detail
P->X,1,10,DENSE,0.5,DENSE: entropy=0.94>0.7; many_blocks_above_0.01=28,,,"[0, 1, 2, 3, 4, 5]",block_size=256 spans ~4.9 token rows; cannot resolve sub-block spatial detail
P->S,1,10,DENSE,0.5,DENSE: entropy=0.90>0.7; many_blocks_above_0.01=25,,,"[19, 20, 21, 22, 23, 24, 25, 26, 27]",block_size=256 spans ~4.9 token rows; cannot resolve sub-block spatial detail
P->R1,1,10,DENSE,0.3333333333333333,DENSE: entropy=0.78>0.7,,,"[26, 27]",block_size=256 spans ~4.9 token rows; cannot resolve sub-block spatial detail
X->P,1,10,DENSE,0.5,DENSE: entropy=0.98>0.7; many_blocks_above_0.01=32,,,,block_size=256 spans ~4.9 token rows; cannot resolve sub-block spatial detail
X->X,1,10,DENSE,0.7666666666666666,DENSE: entropy=0.91>0.7; max_block=0.023<0.03; many_blocks_above_0.01=28,,,,block_size=256 spans ~4.9 token rows; cannot resolve sub-block spatial detail
X->R1,1,10,DENSE,0.7666666666666666,DENSE: entropy=0.90>0.7; max_block=0.025<0.03; many_blocks_above_0.01=27,,,,block_size=256 spans ~4.9 token rows; cannot resolve sub-block spatial detail
S->X,1,10,DENSE,0.5,DENSE: entropy=0.88>0.7; many_blocks_above_0.01=21,,,,block_size=256 spans ~4.9 token rows; cannot resolve sub-block spatial detail
S->S,1,10,DENSE,0.5,DENSE: entropy=0.84>0.7; many_blocks_above_0.01=35,,,,block_size=256 spans ~4.9 token rows; cannot resolve sub-block spatial detail
R1->X,1,10,DENSE,0.5,DENSE: entropy=0.88>0.7; many_blocks_above_0.01=29,,,,block_size=256 spans ~4.9 token rows; cannot resolve sub-block spatial detail
R1->R1,1,10,DENSE,0.5,DENSE: entropy=0.79>0.7; many_blocks_above_0.01=37,,,,block_size=256 spans ~4.9 token rows; cannot resolve sub-block spatial detail
P->X,1,11,DENSE,0.5,DENSE: entropy=0.89>0.7; many_blocks_above_0.01=25,,,"[10, 11, 12, 13, 14, 15, 16, 17, 18, 19, 20, 21, 23, 24]",block_size=256 spans ~4.9 token rows; cannot resolve sub-block spatial detail
P->S,1,11,DENSE,0.5,DENSE: entropy=0.87>0.7; many_blocks_above_0.01=23,,,"[22, 23, 24, 25, 26, 27]",block_size=256 spans ~4.9 token rows; cannot resolve sub-block spatial detail
X->P,1,11,DENSE,0.5,DENSE: entropy=0.96>0.7; many_blocks_above_0.01=31,,,,block_size=256 spans ~4.9 token rows; cannot resolve sub-block spatial detail
X->X,1,11,DENSE,0.7666666666666666,DENSE: entropy=0.85>0.7; max_block=0.030<0.03; many_blocks_above_0.01=35,,,,block_size=256 spans ~4.9 token rows; cannot resolve sub-block spatial detail
X->R1,1,11,DENSE,0.5,DENSE: entropy=0.86>0.7; many_blocks_above_0.01=28,,,,block_size=256 spans ~4.9 token rows; cannot resolve sub-block spatial detail
S->P,1,11,DENSE,0.5,DENSE: entropy=0.99>0.7; many_blocks_above_0.01=34,,,,block_size=256 spans ~4.9 token rows; cannot resolve sub-block spatial detail
S->X,1,11,DENSE,0.5,DENSE: entropy=0.89>0.7; many_blocks_above_0.01=25,,,,block_size=256 spans ~4.9 token rows; cannot resolve sub-block spatial detail
S->S,1,11,DENSE,0.5,DENSE: entropy=0.82>0.7; many_blocks_above_0.01=32,,,,block_size=256 spans ~4.9 token rows; cannot resolve sub-block spatial detail
S->R1,1,11,DENSE,0.5,DENSE: entropy=0.87>0.7; many_blocks_above_0.01=23,,,,block_size=256 spans ~4.9 token rows; cannot resolve sub-block spatial detail
R1->P,1,11,DENSE,0.5,DENSE: entropy=0.98>0.7; many_blocks_above_0.01=34,,,,block_size=256 spans ~4.9 token rows; cannot resolve sub-block spatial detail
R1->X,1,11,DENSE,0.7666666666666666,DENSE: entropy=0.88>0.7; max_block=0.023<0.03; many_blocks_above_0.01=34,,,,block_size=256 spans ~4.9 token rows; cannot resolve sub-block spatial detail
R1->S,1,11,DENSE,0.5,DENSE: entropy=0.86>0.7; many_blocks_above_0.01=23,,,,block_size=256 spans ~4.9 token rows; cannot resolve sub-block spatial detail
R1->R1,1,11,DENSE,0.5,DENSE: entropy=0.83>0.7; many_blocks_above_0.01=32,,,,block_size=256 spans ~4.9 token rows; cannot resolve sub-block spatial detail
P->X,1,12,DENSE,0.5,DENSE: entropy=0.95>0.7; many_blocks_above_0.01=29,,,"[0, 1, 2, 3]",block_size=256 spans ~4.9 token rows; cannot resolve sub-block spatial detail
P->S,1,12,DENSE,0.5,DENSE: entropy=0.96>0.7; many_blocks_above_0.01=32,,,"[0, 1, 2, 3, 4, 5, 6, 7, 8, 9, 10, 11, 12, 13, 14, 15, 16, 17, 18, 19, 20, 21, 22, 23, 24, 25, 26, 27]",block_size=256 spans ~4.9 token rows; cannot resolve sub-block spatial detail
P->R1,1,12,DENSE,0.5,DENSE: entropy=0.89>0.7; many_blocks_above_0.01=24,,,"[19, 20, 21, 22, 23, 24, 25, 26, 27]",block_size=256 spans ~4.9 token rows; cannot resolve sub-block spatial detail
X->P,1,12,DENSE,0.5,DENSE: entropy=0.98>0.7; many_blocks_above_0.01=31,,,,block_size=256 spans ~4.9 token rows; cannot resolve sub-block spatial detail
X->R1,1,12,DENSE,0.6,DENSE: entropy=0.93>0.7; max_block=0.020<0.03,,,,block_size=256 spans ~4.9 token rows; cannot resolve sub-block spatial detail
S->X,1,12,DENSE,0.3333333333333333,DENSE: entropy=0.90>0.7,,,,block_size=256 spans ~4.9 token rows; cannot resolve sub-block spatial detail
S->S,1,12,DENSE,0.7666666666666666,DENSE: entropy=0.90>0.7; max_block=0.021<0.03; many_blocks_above_0.01=30,,,,block_size=256 spans ~4.9 token rows; cannot resolve sub-block spatial detail
S->R1,1,12,DENSE,0.3333333333333333,DENSE: entropy=0.84>0.7,,,,block_size=256 spans ~4.9 token rows; cannot resolve sub-block spatial detail
R1->S,1,12,DENSE,0.3333333333333333,DENSE: entropy=0.89>0.7,,,,block_size=256 spans ~4.9 token rows; cannot resolve sub-block spatial detail
R1->R1,1,12,DENSE,0.7666666666666666,DENSE: entropy=0.86>0.7; max_block=0.024<0.03; many_blocks_above_0.01=36,,,,block_size=256 spans ~4.9 token rows; cannot resolve sub-block spatial detail
P->X,1,13,DENSE,0.5,DENSE: entropy=0.97>0.7; many_blocks_above_0.01=30,,,"[0, 1]",block_size=256 spans ~4.9 token rows; cannot resolve sub-block spatial detail
P->S,1,13,DENSE,0.5,DENSE: entropy=0.87>0.7; many_blocks_above_0.01=24,,,,block_size=256 spans ~4.9 token rows; cannot resolve sub-block spatial detail
P->R1,1,13,DENSE,0.5,DENSE: entropy=0.89>0.7; many_blocks_above_0.01=27,,,"[16, 17, 18, 19, 20, 21, 22, 23, 24, 25, 26, 27]",block_size=256 spans ~4.9 token rows; cannot resolve sub-block spatial detail
X->P,1,13,DENSE,0.5,DENSE: entropy=0.96>0.7; many_blocks_above_0.01=32,,,,block_size=256 spans ~4.9 token rows; cannot resolve sub-block spatial detail
S->P,1,13,DENSE,0.5,DENSE: entropy=0.98>0.7; many_blocks_above_0.01=34,,,,block_size=256 spans ~4.9 token rows; cannot resolve sub-block spatial detail
S->S,1,13,DENSE,0.6,DENSE: entropy=0.94>0.7; max_block=0.019<0.03,,,,block_size=256 spans ~4.9 token rows; cannot resolve sub-block spatial detail
S->R1,1,13,DENSE,0.6,DENSE: entropy=0.95>0.7; max_block=0.023<0.03,,,,block_size=256 spans ~4.9 token rows; cannot resolve sub-block spatial detail
R1->P,1,13,DENSE,0.5,DENSE: entropy=0.98>0.7; many_blocks_above_0.01=34,,,,block_size=256 spans ~4.9 token rows; cannot resolve sub-block spatial detail
R1->S,1,13,DENSE,0.6,DENSE: entropy=0.94>0.7; max_block=0.024<0.03,,,,block_size=256 spans ~4.9 token rows; cannot resolve sub-block spatial detail
R1->R1,1,13,DENSE,0.6,DENSE: entropy=0.93>0.7; max_block=0.027<0.03,,,,block_size=256 spans ~4.9 token rows; cannot resolve sub-block spatial detail
P->X,1,14,DENSE,0.5,DENSE: entropy=0.96>0.7; many_blocks_above_0.01=28,,,"[0, 1, 2, 3, 4, 5, 6, 7, 8, 9, 10, 11, 12, 13, 14, 15, 16, 17, 18, 19, 20, 21, 22, 23, 24, 25, 26, 27]",block_size=256 spans ~4.9 token rows; cannot resolve sub-block spatial detail
X->P,1,14,DENSE,0.3333333333333333,DENSE: entropy=0.89>0.7,,,,block_size=256 spans ~4.9 token rows; cannot resolve sub-block spatial detail
X->X,1,14,DENSE,0.5,DENSE: entropy=0.91>0.7; many_blocks_above_0.01=23,,,,block_size=256 spans ~4.9 token rows; cannot resolve sub-block spatial detail
S->P,1,14,DENSE,0.5,DENSE: entropy=0.94>0.7; many_blocks_above_0.01=29,,,,block_size=256 spans ~4.9 token rows; cannot resolve sub-block spatial detail
S->X,1,14,DENSE,0.3333333333333333,DENSE: entropy=0.94>0.7,,,,block_size=256 spans ~4.9 token rows; cannot resolve sub-block spatial detail
S->S,1,14,DENSE,0.3333333333333333,DENSE: entropy=0.88>0.7,,,,block_size=256 spans ~4.9 token rows; cannot resolve sub-block spatial detail
S->R1,1,14,DENSE,0.3333333333333333,DENSE: entropy=0.93>0.7,,,,block_size=256 spans ~4.9 token rows; cannot resolve sub-block spatial detail
R1->P,1,14,DENSE,0.3333333333333333,DENSE: entropy=0.91>0.7,,,,block_size=256 spans ~4.9 token rows; cannot resolve sub-block spatial detail
R1->X,1,14,DENSE,0.6,DENSE: entropy=0.93>0.7; max_block=0.025<0.03,,,,block_size=256 spans ~4.9 token rows; cannot resolve sub-block spatial detail
R1->S,1,14,DENSE,0.5,DENSE: entropy=0.89>0.7; many_blocks_above_0.01=21,,,,block_size=256 spans ~4.9 token rows; cannot resolve sub-block spatial detail
R1->R1,1,14,DENSE,0.5,DENSE: entropy=0.82>0.7; many_blocks_above_0.01=26,,,,block_size=256 spans ~4.9 token rows; cannot resolve sub-block spatial detail
P->X,1,15,DENSE,0.5,DENSE: entropy=0.91>0.7; many_blocks_above_0.01=25,,,,block_size=256 spans ~4.9 token rows; cannot resolve sub-block spatial detail
P->S,1,15,DENSE,0.5,DENSE: entropy=0.80>0.7; many_blocks_above_0.01=21,,,,block_size=256 spans ~4.9 token rows; cannot resolve sub-block spatial detail
X->P,1,15,DENSE,0.3333333333333333,DENSE: entropy=0.89>0.7,,,,block_size=256 spans ~4.9 token rows; cannot resolve sub-block spatial detail
X->X,1,15,DENSE,0.6,DENSE: entropy=0.99>0.7; max_block=0.010<0.03,,,,block_size=256 spans ~4.9 token rows; cannot resolve sub-block spatial detail
S->P,1,15,DENSE,0.5,DENSE: entropy=0.89>0.7; many_blocks_above_0.01=22,,,,block_size=256 spans ~4.9 token rows; cannot resolve sub-block spatial detail
S->X,1,15,DENSE,0.6,DENSE: entropy=0.96>0.7; max_block=0.016<0.03,,,,block_size=256 spans ~4.9 token rows; cannot resolve sub-block spatial detail
S->R1,1,15,DENSE,0.3333333333333333,DENSE: entropy=0.83>0.7,,,,block_size=256 spans ~4.9 token rows; cannot resolve sub-block spatial detail
R1->P,1,15,DENSE,0.5,DENSE: entropy=0.89>0.7; many_blocks_above_0.01=23,,,,block_size=256 spans ~4.9 token rows; cannot resolve sub-block spatial detail
R1->X,1,15,DENSE,0.6,DENSE: entropy=0.96>0.7; max_block=0.013<0.03,,,,block_size=256 spans ~4.9 token rows; cannot resolve sub-block spatial detail
R1->S,1,15,DENSE,0.5,DENSE: entropy=0.81>0.7; many_blocks_above_0.01=29,,,,block_size=256 spans ~4.9 token rows; cannot resolve sub-block spatial detail
R1->R1,1,15,DENSE,0.6,DENSE: entropy=0.96>0.7; max_block=0.015<0.03,,,,block_size=256 spans ~4.9 token rows; cannot resolve sub-block spatial detail
P->X,1,16,DENSE,0.5,DENSE: entropy=0.97>0.7; many_blocks_above_0.01=30,,,"[0, 1]",block_size=256 spans ~4.9 token rows; cannot resolve sub-block spatial detail
P->S,1,16,DENSE,0.5,DENSE: entropy=0.92>0.7; many_blocks_above_0.01=30,,,"[0, 1, 2, 3, 4, 5, 6, 7, 8, 9, 10, 11, 12, 13, 14, 15, 16, 17, 18, 19, 20, 21, 22, 23, 24, 25, 26, 27]",block_size=256 spans ~4.9 token rows; cannot resolve sub-block spatial detail
P->R1,1,16,DENSE,0.5,DENSE: entropy=0.94>0.7; many_blocks_above_0.01=32,,,"[0, 1, 2, 3, 4, 5, 6, 7, 8, 9, 10, 11, 12, 13, 14, 15, 16, 17, 18, 19, 20, 21, 22, 23, 24, 25, 26, 27]",block_size=256 spans ~4.9 token rows; cannot resolve sub-block spatial detail
X->P,1,16,DENSE,0.5,DENSE: entropy=0.92>0.7; many_blocks_above_0.01=31,,,,block_size=256 spans ~4.9 token rows; cannot resolve sub-block spatial detail
X->X,1,16,DENSE,0.5,DENSE: entropy=0.80>0.7; many_blocks_above_0.01=37,,,,block_size=256 spans ~4.9 token rows; cannot resolve sub-block spatial detail
S->P,1,16,DENSE,0.5,DENSE: entropy=0.88>0.7; many_blocks_above_0.01=23,,,,block_size=256 spans ~4.9 token rows; cannot resolve sub-block spatial detail
S->X,1,16,DENSE,0.5,DENSE: entropy=0.82>0.7; many_blocks_above_0.01=38,,,,block_size=256 spans ~4.9 token rows; cannot resolve sub-block spatial detail
S->S,1,16,DENSE,0.3333333333333333,DENSE: entropy=0.74>0.7,,,,block_size=256 spans ~4.9 token rows; cannot resolve sub-block spatial detail
S->R1,1,16,DENSE,0.5,DENSE: entropy=0.83>0.7; many_blocks_above_0.01=22,,,,block_size=256 spans ~4.9 token rows; cannot resolve sub-block spatial detail
R1->P,1,16,DENSE,0.5,DENSE: entropy=0.88>0.7; many_blocks_above_0.01=24,,,,block_size=256 spans ~4.9 token rows; cannot resolve sub-block spatial detail
R1->X,1,16,DENSE,0.5,DENSE: entropy=0.82>0.7; many_blocks_above_0.01=42,,,,block_size=256 spans ~4.9 token rows; cannot resolve sub-block spatial detail
R1->R1,1,16,DENSE,0.7666666666666666,DENSE: entropy=0.88>0.7; max_block=0.023<0.03; many_blocks_above_0.01=33,,,,block_size=256 spans ~4.9 token rows; cannot resolve sub-block spatial detail
P->X,1,17,DENSE,0.5,DENSE: entropy=0.96>0.7; many_blocks_above_0.01=31,,,"[0, 1]",block_size=256 spans ~4.9 token rows; cannot resolve sub-block spatial detail
P->S,1,17,DENSE,0.5,DENSE: entropy=0.95>0.7; many_blocks_above_0.01=31,,,"[5, 6, 7, 8, 9, 10, 11, 12, 13, 14, 15, 16, 17, 18, 19, 20, 21, 22, 23, 24, 25, 26, 27]",block_size=256 spans ~4.9 token rows; cannot resolve sub-block spatial detail
P->R1,1,17,DENSE,0.5,DENSE: entropy=0.92>0.7; many_blocks_above_0.01=27,,,"[0, 1, 2, 3, 4, 5, 6, 7, 8, 9, 10, 11, 12, 13, 14, 15, 16, 17, 18, 19, 20, 21, 22, 23, 24, 25, 26, 27]",block_size=256 spans ~4.9 token rows; cannot resolve sub-block spatial detail
X->P,1,17,DENSE,0.5,DENSE: entropy=0.98>0.7; many_blocks_above_0.01=32,,,,block_size=256 spans ~4.9 token rows; cannot resolve sub-block spatial detail
S->P,1,17,DENSE,0.5,DENSE: entropy=0.95>0.7; many_blocks_above_0.01=31,,,,block_size=256 spans ~4.9 token rows; cannot resolve sub-block spatial detail
R1->P,1,17,DENSE,0.5,DENSE: entropy=0.95>0.7; many_blocks_above_0.01=32,,,"[15, 16, 17, 18, 19, 20, 21, 22, 23, 24, 25, 26, 27]",block_size=256 spans ~4.9 token rows; cannot resolve sub-block spatial detail
R1->X,1,17,DENSE,0.5,DENSE: entropy=0.76>0.7; many_blocks_above_0.01=32,,,,block_size=256 spans ~4.9 token rows; cannot resolve sub-block spatial detail
P->X,1,18,DENSE,0.5,DENSE: entropy=0.92>0.7; many_blocks_above_0.01=26,,,,block_size=256 spans ~4.9 token rows; cannot resolve sub-block spatial detail
P->S,1,18,DENSE,0.5,DENSE: entropy=0.92>0.7; many_blocks_above_0.01=28,,,"[1, 2, 3, 10, 11, 12, 13, 14, 15, 16, 17, 18, 19, 20, 21, 22, 23, 24, 25, 26, 27]",block_size=256 spans ~4.9 token rows; cannot resolve sub-block spatial detail
X->P,1,18,DENSE,0.5,DENSE: entropy=0.97>0.7; many_blocks_above_0.01=32,,,,block_size=256 spans ~4.9 token rows; cannot resolve sub-block spatial detail
X->X,1,18,DENSE,0.5,DENSE: entropy=0.89>0.7; many_blocks_above_0.01=28,,,,block_size=256 spans ~4.9 token rows; cannot resolve sub-block spatial detail
X->R1,1,18,DENSE,0.5,DENSE: entropy=0.87>0.7; many_blocks_above_0.01=21,,,,block_size=256 spans ~4.9 token rows; cannot resolve sub-block spatial detail
S->X,1,18,DENSE,0.3333333333333333,DENSE: entropy=0.86>0.7,,,,block_size=256 spans ~4.9 token rows; cannot resolve sub-block spatial detail
S->S,1,18,DENSE,0.7666666666666666,DENSE: entropy=0.85>0.7; max_block=0.025<0.03; many_blocks_above_0.01=37,,,,block_size=256 spans ~4.9 token rows; cannot resolve sub-block spatial detail
S->R1,1,18,DENSE,0.3333333333333333,DENSE: entropy=0.79>0.7,,,,block_size=256 spans ~4.9 token rows; cannot resolve sub-block spatial detail
R1->X,1,18,DENSE,0.7666666666666666,DENSE: entropy=0.89>0.7; max_block=0.027<0.03; many_blocks_above_0.01=30,,,,block_size=256 spans ~4.9 token rows; cannot resolve sub-block spatial detail
R1->S,1,18,DENSE,0.5,DENSE: entropy=0.81>0.7; many_blocks_above_0.01=20,,,,block_size=256 spans ~4.9 token rows; cannot resolve sub-block spatial detail
R1->R1,1,18,DENSE,0.5,DENSE: entropy=0.82>0.7; many_blocks_above_0.01=32,,,,block_size=256 spans ~4.9 token rows; cannot resolve sub-block spatial detail
P->X,1,19,DENSE,0.5,DENSE: entropy=0.96>0.7; many_blocks_above_0.01=30,,,"[0, 1, 2, 3, 4, 5, 6, 7, 8, 9, 10, 11, 12, 13, 14, 15, 16, 17, 18, 19, 20]",block_size=256 spans ~4.9 token rows; cannot resolve sub-block spatial detail
P->S,1,19,DENSE,0.5,DENSE: entropy=0.96>0.7; many_blocks_above_0.01=30,,,"[0, 1, 2, 3, 4, 5, 6, 7, 8, 9, 10, 11, 12, 13, 14, 15, 16, 17, 18, 19, 20, 21, 22, 23, 24, 25, 26, 27]",block_size=256 spans ~4.9 token rows; cannot resolve sub-block spatial detail
X->P,1,19,DENSE,0.5,DENSE: entropy=0.99>0.7; many_blocks_above_0.01=32,,,,block_size=256 spans ~4.9 token rows; cannot resolve sub-block spatial detail
X->R1,1,19,DENSE,0.5,DENSE: entropy=0.81>0.7; many_blocks_above_0.01=30,,,,block_size=256 spans ~4.9 token rows; cannot resolve sub-block spatial detail
S->P,1,19,DENSE,0.5,DENSE: entropy=0.98>0.7; many_blocks_above_0.01=34,,,,block_size=256 spans ~4.9 token rows; cannot resolve sub-block spatial detail
S->X,1,19,DENSE,0.5,DENSE: entropy=0.79>0.7; many_blocks_above_0.01=27,,,,block_size=256 spans ~4.9 token rows; cannot resolve sub-block spatial detail
S->R1,1,19,DENSE,0.5,DENSE: entropy=0.76>0.7; many_blocks_above_0.01=22,,,,block_size=256 spans ~4.9 token rows; cannot resolve sub-block spatial detail
R1->P,1,19,DENSE,0.5,DENSE: entropy=0.96>0.7; many_blocks_above_0.01=33,,,,block_size=256 spans ~4.9 token rows; cannot resolve sub-block spatial detail
P->X,1,20,DENSE,0.5,DENSE: entropy=0.93>0.7; many_blocks_above_0.01=28,,,"[0, 1, 2, 3, 4, 5, 6, 7, 8, 9, 10, 11, 12, 13, 14, 15, 16, 17, 18, 19, 20, 21, 22, 23, 24, 25, 26, 27]",block_size=256 spans ~4.9 token rows; cannot resolve sub-block spatial detail
P->S,1,20,DENSE,0.5,DENSE: entropy=0.95>0.7; many_blocks_above_0.01=32,,,"[0, 1, 2, 3, 4, 5, 6, 7, 8, 9, 10, 11, 12, 13, 14, 15, 16, 17, 18, 19, 20, 21, 22, 23, 24, 25, 26, 27]",block_size=256 spans ~4.9 token rows; cannot resolve sub-block spatial detail
P->R1,1,20,DENSE,0.5,DENSE: entropy=0.96>0.7; many_blocks_above_0.01=32,,,"[0, 1, 2, 3, 4, 5, 6, 7, 8, 9, 10, 11, 12, 13, 14, 15, 16, 17, 18, 19, 20, 21, 22, 23, 24, 25, 26, 27]",block_size=256 spans ~4.9 token rows; cannot resolve sub-block spatial detail
X->P,1,20,DENSE,0.5,DENSE: entropy=0.96>0.7; many_blocks_above_0.01=31,,,,block_size=256 spans ~4.9 token rows; cannot resolve sub-block spatial detail
X->X,1,20,DENSE,0.7666666666666666,DENSE: entropy=0.85>0.7; max_block=0.028<0.03; many_blocks_above_0.01=36,,,,block_size=256 spans ~4.9 token rows; cannot resolve sub-block spatial detail
X->S,1,20,DENSE,0.5,DENSE: entropy=0.84>0.7; many_blocks_above_0.01=25,,,,block_size=256 spans ~4.9 token rows; cannot resolve sub-block spatial detail
X->R1,1,20,DENSE,0.5,DENSE: entropy=0.84>0.7; many_blocks_above_0.01=33,,,,block_size=256 spans ~4.9 token rows; cannot resolve sub-block spatial detail
S->X,1,20,DENSE,0.5,DENSE: entropy=0.85>0.7; many_blocks_above_0.01=33,,,,block_size=256 spans ~4.9 token rows; cannot resolve sub-block spatial detail
S->S,1,20,DENSE,0.5,DENSE: entropy=0.81>0.7; many_blocks_above_0.01=34,,,,block_size=256 spans ~4.9 token rows; cannot resolve sub-block spatial detail
S->R1,1,20,DENSE,0.3333333333333333,DENSE: entropy=0.77>0.7,,,,block_size=256 spans ~4.9 token rows; cannot resolve sub-block spatial detail
R1->X,1,20,DENSE,0.5,DENSE: entropy=0.85>0.7; many_blocks_above_0.01=34,,,,block_size=256 spans ~4.9 token rows; cannot resolve sub-block spatial detail
R1->S,1,20,DENSE,0.3333333333333333,DENSE: entropy=0.76>0.7,,,,block_size=256 spans ~4.9 token rows; cannot resolve sub-block spatial detail
R1->R1,1,20,DENSE,0.5,DENSE: entropy=0.76>0.7; many_blocks_above_0.01=34,,,,block_size=256 spans ~4.9 token rows; cannot resolve sub-block spatial detail
P->X,1,21,DENSE,0.5,DENSE: entropy=0.96>0.7; many_blocks_above_0.01=32,,,,block_size=256 spans ~4.9 token rows; cannot resolve sub-block spatial detail
P->S,1,21,DENSE,0.5,DENSE: entropy=0.93>0.7; many_blocks_above_0.01=30,,,"[1, 2, 3, 4, 5, 6, 7, 8, 9, 10, 11, 12, 13, 14, 15, 16, 17, 18, 19, 20, 21, 22, 23, 24, 25, 26, 27]",block_size=256 spans ~4.9 token rows; cannot resolve sub-block spatial detail
P->R1,1,21,DENSE,0.5,DENSE: entropy=0.85>0.7; many_blocks_above_0.01=28,,,"[23, 24, 25, 26, 27]",block_size=256 spans ~4.9 token rows; cannot resolve sub-block spatial detail
X->P,1,21,DENSE,0.3333333333333333,DENSE: entropy=0.86>0.7,,,,block_size=256 spans ~4.9 token rows; cannot resolve sub-block spatial detail
P->X,1,22,DENSE,0.5,DENSE: entropy=0.92>0.7; many_blocks_above_0.01=28,,,"[0, 1, 2, 3]",block_size=256 spans ~4.9 token rows; cannot resolve sub-block spatial detail
P->S,1,22,DENSE,0.5,DENSE: entropy=0.91>0.7; many_blocks_above_0.01=27,,,"[12, 13, 14, 15, 16, 17, 18, 19, 20, 21, 22, 23, 24, 25, 26, 27]",block_size=256 spans ~4.9 token rows; cannot resolve sub-block spatial detail
P->R1,1,22,DENSE,0.3333333333333333,DENSE: entropy=0.81>0.7,,,"[21, 22, 23, 24, 25, 26, 27]",block_size=256 spans ~4.9 token rows; cannot resolve sub-block spatial detail
X->P,1,22,DENSE,0.3333333333333333,DENSE: entropy=0.89>0.7,,,,block_size=256 spans ~4.9 token rows; cannot resolve sub-block spatial detail
X->S,1,22,DENSE,0.3333333333333333,DENSE: entropy=0.89>0.7,,,,block_size=256 spans ~4.9 token rows; cannot resolve sub-block spatial detail
S->P,1,22,DENSE,0.5,DENSE: entropy=0.98>0.7; many_blocks_above_0.01=34,,,,block_size=256 spans ~4.9 token rows; cannot resolve sub-block spatial detail
S->X,1,22,DENSE,0.6,DENSE: entropy=0.97>0.7; max_block=0.019<0.03,,,,block_size=256 spans ~4.9 token rows; cannot resolve sub-block spatial detail
S->R1,1,22,DENSE,0.6,DENSE: entropy=0.92>0.7; max_block=0.020<0.03,,,,block_size=256 spans ~4.9 token rows; cannot resolve sub-block spatial detail
R1->P,1,22,DENSE,0.5,DENSE: entropy=0.99>0.7; many_blocks_above_0.01=34,,,,block_size=256 spans ~4.9 token rows; cannot resolve sub-block spatial detail
P->X,1,23,DENSE,0.5,DENSE: entropy=0.90>0.7; many_blocks_above_0.01=25,,,,block_size=256 spans ~4.9 token rows; cannot resolve sub-block spatial detail
P->S,1,23,DENSE,0.5,DENSE: entropy=0.84>0.7; many_blocks_above_0.01=24,,,,block_size=256 spans ~4.9 token rows; cannot resolve sub-block spatial detail
X->P,1,23,DENSE,0.5,DENSE: entropy=0.96>0.7; many_blocks_above_0.01=29,,,,block_size=256 spans ~4.9 token rows; cannot resolve sub-block spatial detail
X->X,1,23,DENSE,0.5,DENSE: entropy=0.80>0.7; many_blocks_above_0.01=40,,,,block_size=256 spans ~4.9 token rows; cannot resolve sub-block spatial detail
S->P,1,23,DENSE,0.5,DENSE: entropy=0.93>0.7; many_blocks_above_0.01=31,,,,block_size=256 spans ~4.9 token rows; cannot resolve sub-block spatial detail
S->X,1,23,DENSE,0.5,DENSE: entropy=0.75>0.7; many_blocks_above_0.01=26,,,,block_size=256 spans ~4.9 token rows; cannot resolve sub-block spatial detail
S->S,1,23,DENSE,0.5,DENSE: entropy=0.82>0.7; many_blocks_above_0.01=36,,,,block_size=256 spans ~4.9 token rows; cannot resolve sub-block spatial detail
R1->X,1,23,DENSE,0.5,DENSE: entropy=0.80>0.7; many_blocks_above_0.01=38,,,,block_size=256 spans ~4.9 token rows; cannot resolve sub-block spatial detail
P->X,2,1,DENSE,0.5,DENSE: entropy=0.98>0.7; many_blocks_above_0.01=32,,,"[0, 1, 2, 3, 4, 5, 6, 7, 8, 9, 10, 11, 12, 13, 14, 15]",block_size=256 spans ~4.9 token rows; cannot resolve sub-block spatial detail
P->S,2,1,DENSE,0.5,DENSE: entropy=0.81>0.7; many_blocks_above_0.01=26,,,"[0, 1, 2, 3, 4]",block_size=256 spans ~4.9 token rows; cannot resolve sub-block spatial detail
P->R1,2,1,DENSE,0.5,DENSE: entropy=0.98>0.7; many_blocks_above_0.01=34,,,"[0, 1, 2, 3, 4, 5, 6, 7, 8, 9, 10, 11, 12, 13, 14, 15, 16, 17, 18, 19, 20, 21, 22, 23, 24, 25, 26, 27]",block_size=256 spans ~4.9 token rows; cannot resolve sub-block spatial detail
X->P,2,1,DENSE,0.5,DENSE: entropy=0.95>0.7; many_blocks_above_0.01=28,,,,block_size=256 spans ~4.9 token rows; cannot resolve sub-block spatial detail
X->S,2,1,DENSE,0.3333333333333333,DENSE: entropy=0.82>0.7,,,,block_size=256 spans ~4.9 token rows; cannot resolve sub-block spatial detail
S->P,2,1,DENSE,0.5,DENSE: entropy=0.88>0.7; many_blocks_above_0.01=24,,,,block_size=256 spans ~4.9 token rows; cannot resolve sub-block spatial detail
S->X,2,1,DENSE,0.3333333333333333,DENSE: entropy=0.82>0.7,,,,block_size=256 spans ~4.9 token rows; cannot resolve sub-block spatial detail
R1->P,2,1,DENSE,0.5,DENSE: entropy=0.91>0.7; many_blocks_above_0.01=27,,,,block_size=256 spans ~4.9 token rows; cannot resolve sub-block spatial detail
R1->X,2,1,DENSE,0.5,DENSE: entropy=0.91>0.7; many_blocks_above_0.01=23,,,,block_size=256 spans ~4.9 token rows; cannot resolve sub-block spatial detail
R1->R1,2,1,DENSE,0.7666666666666666,DENSE: entropy=0.92>0.7; max_block=0.021<0.03; many_blocks_above_0.01=23,,,,block_size=256 spans ~4.9 token rows; cannot resolve sub-block spatial detail
P->X,2,2,DENSE,0.5,DENSE: entropy=0.98>0.7; many_blocks_above_0.01=32,,,,block_size=256 spans ~4.9 token rows; cannot resolve sub-block spatial detail
P->S,2,2,DENSE,0.5,DENSE: entropy=0.91>0.7; many_blocks_above_0.01=33,,,"[5, 6, 7, 8, 9, 10, 11, 12, 13, 14, 15, 16, 17, 18, 19]",block_size=256 spans ~4.9 token rows; cannot resolve sub-block spatial detail
P->R1,2,2,DENSE,0.5,DENSE: entropy=0.98>0.7; many_blocks_above_0.01=34,,,"[0, 1, 2, 3, 4, 5, 6, 7, 8, 9, 10, 11, 12, 13, 14, 15, 16, 17, 18, 19, 20, 21, 22, 23, 24, 25, 26, 27]",block_size=256 spans ~4.9 token rows; cannot resolve sub-block spatial detail
X->P,2,2,DENSE,0.5,DENSE: entropy=0.96>0.7; many_blocks_above_0.01=31,,,"[0, 1, 2, 3, 4, 5, 6, 7]",block_size=256 spans ~4.9 token rows; cannot resolve sub-block spatial detail
S->X,2,2,DENSE,0.3333333333333333,DENSE: entropy=0.75>0.7,,,,block_size=256 spans ~4.9 token rows; cannot resolve sub-block spatial detail
R1->X,2,2,DENSE,0.5,DENSE: entropy=0.86>0.7; many_blocks_above_0.01=27,,,,block_size=256 spans ~4.9 token rows; cannot resolve sub-block spatial detail
P->X,2,3,DENSE,0.5,DENSE: entropy=0.95>0.7; many_blocks_above_0.01=29,,,,block_size=256 spans ~4.9 token rows; cannot resolve sub-block spatial detail
P->S,2,3,DENSE,0.5,DENSE: entropy=0.94>0.7; many_blocks_above_0.01=34,,,"[0, 1, 2, 3, 4, 5, 6, 7, 8, 9, 10, 11, 12, 13, 14, 15, 16, 17, 18, 19, 20, 21, 22, 23, 24, 25, 26, 27]",block_size=256 spans ~4.9 token rows; cannot resolve sub-block spatial detail
P->R1,2,3,DENSE,0.5,DENSE: entropy=0.97>0.7; many_blocks_above_0.01=33,,,"[0, 1, 2, 3, 4, 5, 6, 7, 8, 9, 10, 11, 12, 13, 14, 15, 16, 17, 18, 19, 20, 21, 22, 23, 24, 25, 26, 27]",block_size=256 spans ~4.9 token rows; cannot resolve sub-block spatial detail
X->P,2,3,DENSE,0.5,DENSE: entropy=0.94>0.7; many_blocks_above_0.01=28,,,,block_size=256 spans ~4.9 token rows; cannot resolve sub-block spatial detail
X->R1,2,3,DENSE,0.5,DENSE: entropy=0.76>0.7; many_blocks_above_0.01=31,,,,block_size=256 spans ~4.9 token rows; cannot resolve sub-block spatial detail
P->X,2,4,DENSE,0.5,DENSE: entropy=0.98>0.7; many_blocks_above_0.01=32,,,"[0, 1, 3, 4, 5, 6, 7, 8, 9, 10, 11, 12, 13, 14, 15, 16, 17, 18, 19, 20, 21, 22, 23, 24, 25, 26, 27]",block_size=256 spans ~4.9 token rows; cannot resolve sub-block spatial detail
P->S,2,4,DENSE,0.5,DENSE: entropy=0.97>0.7; many_blocks_above_0.01=34,,,"[0, 1, 2, 3, 4, 5, 6, 7, 8, 9, 10, 11, 12, 13, 14, 15, 16, 17, 18, 19, 20, 21, 22, 23, 24, 25, 26, 27]",block_size=256 spans ~4.9 token rows; cannot resolve sub-block spatial detail
P->R1,2,4,DENSE,0.5,DENSE: entropy=0.99>0.7; many_blocks_above_0.01=34,,,"[0, 1, 2, 3, 4, 5, 6, 7, 8, 9, 10, 11, 12, 13, 14, 15, 16, 17, 18, 19, 20, 21, 22, 23, 24, 25, 26, 27]",block_size=256 spans ~4.9 token rows; cannot resolve sub-block spatial detail
P->X,2,5,DENSE,0.5,DENSE: entropy=0.92>0.7; many_blocks_above_0.01=27,,,,block_size=256 spans ~4.9 token rows; cannot resolve sub-block spatial detail
P->S,2,5,DENSE,0.5,DENSE: entropy=0.93>0.7; many_blocks_above_0.01=30,,,"[1, 2, 3, 4, 5, 6, 7, 8, 9, 10, 11, 12, 13, 14, 15, 16, 17, 18, 19, 20, 21, 22, 23, 24, 25, 26]",block_size=256 spans ~4.9 token rows; cannot resolve sub-block spatial detail
P->R1,2,5,DENSE,0.5,DENSE: entropy=0.90>0.7; many_blocks_above_0.01=24,,,"[13, 14, 15, 16, 17, 27]",block_size=256 spans ~4.9 token rows; cannot resolve sub-block spatial detail
X->P,2,5,DENSE,0.5,DENSE: entropy=0.92>0.7; many_blocks_above_0.01=25,,,"[17, 18, 19, 20, 21, 22, 23, 24, 25, 26, 27]",block_size=256 spans ~4.9 token rows; cannot resolve sub-block spatial detail
X->X,2,5,DENSE,0.7666666666666666,DENSE: entropy=0.85>0.7; max_block=0.030<0.03; many_blocks_above_0.01=39,,,,block_size=256 spans ~4.9 token rows; cannot resolve sub-block spatial detail
X->S,2,5,DENSE,0.5,DENSE: entropy=0.84>0.7; many_blocks_above_0.01=29,,,,block_size=256 spans ~4.9 token rows; cannot resolve sub-block spatial detail
X->R1,2,5,DENSE,0.7666666666666666,DENSE: entropy=0.84>0.7; max_block=0.029<0.03; many_blocks_above_0.01=37,,,,block_size=256 spans ~4.9 token rows; cannot resolve sub-block spatial detail
S->X,2,5,DENSE,0.7666666666666666,DENSE: entropy=0.87>0.7; max_block=0.024<0.03; many_blocks_above_0.01=34,,,,block_size=256 spans ~4.9 token rows; cannot resolve sub-block spatial detail
S->S,2,5,DENSE,0.5,DENSE: entropy=0.81>0.7; many_blocks_above_0.01=36,,,,block_size=256 spans ~4.9 token rows; cannot resolve sub-block spatial detail
R1->X,2,5,DENSE,0.5,DENSE: entropy=0.83>0.7; many_blocks_above_0.01=38,,,,block_size=256 spans ~4.9 token rows; cannot resolve sub-block spatial detail
R1->R1,2,5,DENSE,0.5,DENSE: entropy=0.75>0.7; many_blocks_above_0.01=34,,,,block_size=256 spans ~4.9 token rows; cannot resolve sub-block spatial detail
P->X,2,6,DENSE,0.5,DENSE: entropy=0.97>0.7; many_blocks_above_0.01=32,,,,block_size=256 spans ~4.9 token rows; cannot resolve sub-block spatial detail
P->S,2,6,DENSE,0.5,DENSE: entropy=0.94>0.7; many_blocks_above_0.01=34,,,"[0, 1, 2, 3, 4, 5, 6, 7, 8, 9, 10, 11, 12, 13, 14, 15, 16, 17, 18, 19, 20, 21, 22, 23, 24, 25, 26, 27]",block_size=256 spans ~4.9 token rows; cannot resolve sub-block spatial detail
P->R1,2,6,DENSE,0.5,DENSE: entropy=0.97>0.7; many_blocks_above_0.01=33,,,"[0, 1, 2, 3, 4, 5, 6, 7, 8, 9, 10, 11, 12, 13, 14, 15, 16, 17, 18, 19, 20, 21, 22, 23, 24, 25, 26, 27]",block_size=256 spans ~4.9 token rows; cannot resolve sub-block spatial detail
P->X,2,7,DENSE,0.5,DENSE: entropy=0.96>0.7; many_blocks_above_0.01=31,,,"[0, 1, 2, 3, 4, 5, 6, 7, 8, 9, 10, 11, 12, 13, 14, 15, 16, 17, 18, 19, 20, 21, 22, 23, 24, 25, 26, 27]",block_size=256 spans ~4.9 token rows; cannot resolve sub-block spatial detail
S->X,2,7,DENSE,0.5,DENSE: entropy=0.80>0.7; many_blocks_above_0.01=31,,,,block_size=256 spans ~4.9 token rows; cannot resolve sub-block spatial detail
S->S,2,7,DENSE,0.5,DENSE: entropy=0.80>0.7; many_blocks_above_0.01=38,,,,block_size=256 spans ~4.9 token rows; cannot resolve sub-block spatial detail
S->R1,2,7,DENSE,0.3333333333333333,DENSE: entropy=0.72>0.7,,,,block_size=256 spans ~4.9 token rows; cannot resolve sub-block spatial detail
R1->X,2,7,DENSE,0.5,DENSE: entropy=0.77>0.7; many_blocks_above_0.01=38,,,,block_size=256 spans ~4.9 token rows; cannot resolve sub-block spatial detail
R1->R1,2,7,DENSE,0.5,DENSE: entropy=0.75>0.7; many_blocks_above_0.01=37,,,,block_size=256 spans ~4.9 token rows; cannot resolve sub-block spatial detail
P->X,2,8,DENSE,0.5,DENSE: entropy=0.94>0.7; many_blocks_above_0.01=27,,,"[0, 1, 2, 3, 4, 5, 6, 7, 8, 9, 10, 11, 12, 13, 14, 15, 16, 17, 18, 19, 20]",block_size=256 spans ~4.9 token rows; cannot resolve sub-block spatial detail
P->R1,2,8,DENSE,0.5,DENSE: entropy=0.95>0.7; many_blocks_above_0.01=31,,,"[0, 1, 7, 8, 9, 10, 11, 12, 13, 14, 15, 16, 17, 18, 19, 20, 21, 22, 23, 24, 25, 26, 27]",block_size=256 spans ~4.9 token rows; cannot resolve sub-block spatial detail
X->P,2,8,DENSE,0.5,DENSE: entropy=0.96>0.7; many_blocks_above_0.01=28,,,,block_size=256 spans ~4.9 token rows; cannot resolve sub-block spatial detail
X->X,2,8,DENSE,0.5,DENSE: entropy=0.91>0.7; many_blocks_above_0.01=22,,,,block_size=256 spans ~4.9 token rows; cannot resolve sub-block spatial detail
X->S,2,8,DENSE,0.7666666666666666,DENSE: entropy=0.88>0.7; max_block=0.028<0.03; many_blocks_above_0.01=29,,,,block_size=256 spans ~4.9 token rows; cannot resolve sub-block spatial detail
X->R1,2,8,DENSE,0.5,DENSE: entropy=0.89>0.7; many_blocks_above_0.01=26,,,,block_size=256 spans ~4.9 token rows; cannot resolve sub-block spatial detail
S->P,2,8,DENSE,0.5,DENSE: entropy=0.93>0.7; many_blocks_above_0.01=26,,,,block_size=256 spans ~4.9 token rows; cannot resolve sub-block spatial detail
S->S,2,8,DENSE,0.5,DENSE: entropy=0.86>0.7; many_blocks_above_0.01=24,,,,block_size=256 spans ~4.9 token rows; cannot resolve sub-block spatial detail
S->R1,2,8,DENSE,0.5,DENSE: entropy=0.82>0.7; many_blocks_above_0.01=22,,,,block_size=256 spans ~4.9 token rows; cannot resolve sub-block spatial detail
R1->P,2,8,DENSE,0.5,DENSE: entropy=0.91>0.7; many_blocks_above_0.01=23,,,,block_size=256 spans ~4.9 token rows; cannot resolve sub-block spatial detail
R1->X,2,8,DENSE,0.6,DENSE: entropy=0.95>0.7; max_block=0.023<0.03,,,,block_size=256 spans ~4.9 token rows; cannot resolve sub-block spatial detail
R1->S,2,8,DENSE,0.3333333333333333,DENSE: entropy=0.89>0.7,,,,block_size=256 spans ~4.9 token rows; cannot resolve sub-block spatial detail
R1->R1,2,8,DENSE,0.5,DENSE: entropy=0.86>0.7; many_blocks_above_0.01=25,,,,block_size=256 spans ~4.9 token rows; cannot resolve sub-block spatial detail
P->X,2,9,DENSE,0.5,DENSE: entropy=0.90>0.7; many_blocks_above_0.01=29,,,,block_size=256 spans ~4.9 token rows; cannot resolve sub-block spatial detail
P->S,2,9,DENSE,0.5,DENSE: entropy=0.95>0.7; many_blocks_above_0.01=33,,,"[0, 1, 2, 3, 4, 5, 6, 7, 8, 9, 10, 11, 12, 13, 14, 15, 16, 17, 18]",block_size=256 spans ~4.9 token rows; cannot resolve sub-block spatial detail
P->R1,2,9,DENSE,0.5,DENSE: entropy=0.94>0.7; many_blocks_above_0.01=34,,,"[1, 2, 3, 4, 5, 6, 7, 8, 9, 10, 11, 12, 13, 14, 15, 16, 17, 18, 19, 20, 21, 22, 23, 24, 25, 26, 27]",block_size=256 spans ~4.9 token rows; cannot resolve sub-block spatial detail
R1->X,2,9,DENSE,0.5,DENSE: entropy=0.72>0.7; many_blocks_above_0.01=36,,,,block_size=256 spans ~4.9 token rows; cannot resolve sub-block spatial detail
P->X,2,10,DENSE,0.5,DENSE: entropy=0.94>0.7; many_blocks_above_0.01=31,,,"[0, 1, 2, 3, 4, 5, 6, 7, 8, 9, 10, 11, 12, 13, 14, 15, 16, 17, 18, 19, 20, 21, 22, 23, 24, 25, 26, 27]",block_size=256 spans ~4.9 token rows; cannot resolve sub-block spatial detail
P->S,2,10,DENSE,0.5,DENSE: entropy=0.92>0.7; many_blocks_above_0.01=28,,,"[0, 1, 2, 3, 4, 5, 6, 7, 8, 9, 10, 11, 12, 13, 14, 15, 16, 17, 18, 19, 20]",block_size=256 spans ~4.9 token rows; cannot resolve sub-block spatial detail
X->P,2,10,DENSE,0.5,DENSE: entropy=0.93>0.7; many_blocks_above_0.01=25,,,"[24, 25, 26, 27]",block_size=256 spans ~4.9 token rows; cannot resolve sub-block spatial detail
X->S,2,10,DENSE,0.5,DENSE: entropy=0.86>0.7; many_blocks_above_0.01=25,,,,block_size=256 spans ~4.9 token rows; cannot resolve sub-block spatial detail
X->R1,2,10,DENSE,0.7666666666666666,DENSE: entropy=0.87>0.7; max_block=0.029<0.03; many_blocks_above_0.01=34,,,,block_size=256 spans ~4.9 token rows; cannot resolve sub-block spatial detail
S->X,2,10,DENSE,0.3333333333333333,DENSE: entropy=0.79>0.7,,,,block_size=256 spans ~4.9 token rows; cannot resolve sub-block spatial detail
S->R1,2,10,DENSE,0.3333333333333333,DENSE: entropy=0.80>0.7,,,,block_size=256 spans ~4.9 token rows; cannot resolve sub-block spatial detail
R1->X,2,10,DENSE,0.7666666666666666,DENSE: entropy=0.87>0.7; max_block=0.030<0.03; many_blocks_above_0.01=27,,,,block_size=256 spans ~4.9 token rows; cannot resolve sub-block spatial detail
R1->S,2,10,DENSE,0.3333333333333333,DENSE: entropy=0.79>0.7,,,,block_size=256 spans ~4.9 token rows; cannot resolve sub-block spatial detail
P->X,2,11,DENSE,0.5,DENSE: entropy=0.94>0.7; many_blocks_above_0.01=31,,,"[0, 1, 2, 3, 4, 5, 6, 7, 8, 9, 10, 11, 12, 13, 14, 15, 16, 17, 18]",block_size=256 spans ~4.9 token rows; cannot resolve sub-block spatial detail
P->S,2,11,DENSE,0.5,DENSE: entropy=0.96>0.7; many_blocks_above_0.01=33,,,"[0, 1, 2, 3, 4, 5, 6, 7, 8, 9, 10, 11, 12, 13, 14, 15, 16, 17, 18, 19, 20, 21, 22, 23, 24, 25, 26, 27]",block_size=256 spans ~4.9 token rows; cannot resolve sub-block spatial detail
P->R1,2,11,DENSE,0.5,DENSE: entropy=0.91>0.7; many_blocks_above_0.01=31,,,"[13, 14, 15, 16, 17, 18, 19, 20, 21, 22, 23, 24, 25, 26, 27]",block_size=256 spans ~4.9 token rows; cannot resolve sub-block spatial detail
X->P,2,11,DENSE,0.3333333333333333,DENSE: entropy=0.82>0.7,,,,block_size=256 spans ~4.9 token rows; cannot resolve sub-block spatial detail
X->S,2,11,DENSE,0.5,DENSE: entropy=0.84>0.7; many_blocks_above_0.01=26,,,,block_size=256 spans ~4.9 token rows; cannot resolve sub-block spatial detail
X->R1,2,11,DENSE,0.5,DENSE: entropy=0.85>0.7; many_blocks_above_0.01=30,,,,block_size=256 spans ~4.9 token rows; cannot resolve sub-block spatial detail
S->P,2,11,DENSE,0.3333333333333333,DENSE: entropy=0.84>0.7,,,,block_size=256 spans ~4.9 token rows; cannot resolve sub-block spatial detail
S->X,2,11,DENSE,0.3333333333333333,DENSE: entropy=0.94>0.7,,,,block_size=256 spans ~4.9 token rows; cannot resolve sub-block spatial detail
S->S,2,11,DENSE,0.3333333333333333,DENSE: entropy=0.88>0.7,,,,block_size=256 spans ~4.9 token rows; cannot resolve sub-block spatial detail
S->R1,2,11,DENSE,0.5,DENSE: entropy=0.90>0.7; many_blocks_above_0.01=22,,,,block_size=256 spans ~4.9 token rows; cannot resolve sub-block spatial detail
R1->P,2,11,DENSE,0.3333333333333333,DENSE: entropy=0.81>0.7,,,,block_size=256 spans ~4.9 token rows; cannot resolve sub-block spatial detail
R1->S,2,11,DENSE,0.6,DENSE: entropy=0.92>0.7; max_block=0.029<0.03,,,,block_size=256 spans ~4.9 token rows; cannot resolve sub-block spatial detail
R1->R1,2,11,DENSE,0.5,DENSE: entropy=0.88>0.7; many_blocks_above_0.01=21,,,,block_size=256 spans ~4.9 token rows; cannot resolve sub-block spatial detail
P->X,2,12,DENSE,0.5,DENSE: entropy=0.95>0.7; many_blocks_above_0.01=27,,,"[0, 1, 2, 3, 4, 5, 6, 7, 8, 9, 10, 11, 12, 13, 14, 15, 16, 17, 18, 19, 20, 21, 22, 23, 24, 25, 26, 27]",block_size=256 spans ~4.9 token rows; cannot resolve sub-block spatial detail
X->P,2,12,DENSE,0.5,DENSE: entropy=0.97>0.7; many_blocks_above_0.01=32,,,,block_size=256 spans ~4.9 token rows; cannot resolve sub-block spatial detail
X->X,2,12,DENSE,0.7666666666666666,DENSE: entropy=0.89>0.7; max_block=0.025<0.03; many_blocks_above_0.01=32,,,,block_size=256 spans ~4.9 token rows; cannot resolve sub-block spatial detail
X->S,2,12,DENSE,0.5,DENSE: entropy=0.84>0.7; many_blocks_above_0.01=22,,,,block_size=256 spans ~4.9 token rows; cannot resolve sub-block spatial detail
X->R1,2,12,DENSE,0.5,DENSE: entropy=0.84>0.7; many_blocks_above_0.01=32,,,,block_size=256 spans ~4.9 token rows; cannot resolve sub-block spatial detail
S->P,2,12,DENSE,0.5,DENSE: entropy=0.98>0.7; many_blocks_above_0.01=34,,,,block_size=256 spans ~4.9 token rows; cannot resolve sub-block spatial detail
S->X,2,12,DENSE,0.3333333333333333,DENSE: entropy=0.91>0.7,,,,block_size=256 spans ~4.9 token rows; cannot resolve sub-block spatial detail
S->S,2,12,DENSE,0.7666666666666666,DENSE: entropy=0.90>0.7; max_block=0.022<0.03; many_blocks_above_0.01=28,,,,block_size=256 spans ~4.9 token rows; cannot resolve sub-block spatial detail
S->R1,2,12,DENSE,0.5,DENSE: entropy=0.87>0.7; many_blocks_above_0.01=23,,,,block_size=256 spans ~4.9 token rows; cannot resolve sub-block spatial detail
R1->P,2,12,DENSE,0.5,DENSE: entropy=0.99>0.7; many_blocks_above_0.01=34,,,,block_size=256 spans ~4.9 token rows; cannot resolve sub-block spatial detail
R1->X,2,12,DENSE,0.6,DENSE: entropy=0.94>0.7; max_block=0.016<0.03,,,,block_size=256 spans ~4.9 token rows; cannot resolve sub-block spatial detail
R1->R1,2,12,DENSE,0.5,DENSE: entropy=0.89>0.7; many_blocks_above_0.01=26,,,,block_size=256 spans ~4.9 token rows; cannot resolve sub-block spatial detail
P->X,2,13,DENSE,0.5,DENSE: entropy=0.91>0.7; many_blocks_above_0.01=25,,,"[4, 5, 6, 7, 8, 9, 10, 11, 12, 13, 14, 15]",block_size=256 spans ~4.9 token rows; cannot resolve sub-block spatial detail
P->S,2,13,DENSE,0.5,DENSE: entropy=0.82>0.7; many_blocks_above_0.01=23,,,"[0, 1]",block_size=256 spans ~4.9 token rows; cannot resolve sub-block spatial detail
X->P,2,13,DENSE,0.5,DENSE: entropy=0.94>0.7; many_blocks_above_0.01=29,,,,block_size=256 spans ~4.9 token rows; cannot resolve sub-block spatial detail
S->P,2,13,DENSE,0.5,DENSE: entropy=0.92>0.7; many_blocks_above_0.01=22,,,,block_size=256 spans ~4.9 token rows; cannot resolve sub-block spatial detail
S->X,2,13,DENSE,0.3333333333333333,DENSE: entropy=0.91>0.7,,,,block_size=256 spans ~4.9 token rows; cannot resolve sub-block spatial detail
S->S,2,13,DENSE,0.6,DENSE: entropy=0.91>0.7; max_block=0.027<0.03,,,,block_size=256 spans ~4.9 token rows; cannot resolve sub-block spatial detail
R1->P,2,13,DENSE,0.5,DENSE: entropy=0.95>0.7; many_blocks_above_0.01=29,,,,block_size=256 spans ~4.9 token rows; cannot resolve sub-block spatial detail
R1->X,2,13,DENSE,0.6,DENSE: entropy=0.98>0.7; max_block=0.011<0.03,,,,block_size=256 spans ~4.9 token rows; cannot resolve sub-block spatial detail
R1->S,2,13,DENSE,0.5,DENSE: entropy=0.83>0.7; many_blocks_above_0.01=22,,,,block_size=256 spans ~4.9 token rows; cannot resolve sub-block spatial detail
R1->R1,2,13,DENSE,0.3333333333333333,DENSE: entropy=0.87>0.7,,,,block_size=256 spans ~4.9 token rows; cannot resolve sub-block spatial detail
P->X,2,14,DENSE,0.5,DENSE: entropy=0.98>0.7; many_blocks_above_0.01=30,,,,block_size=256 spans ~4.9 token rows; cannot resolve sub-block spatial detail
P->S,2,14,DENSE,0.5,DENSE: entropy=0.98>0.7; many_blocks_above_0.01=34,,,"[0, 1, 2, 3, 4, 5, 6, 7, 8, 9, 10, 11, 12, 13, 14, 15, 16, 17, 18, 19, 20, 21, 22, 23, 24, 25, 26, 27]",block_size=256 spans ~4.9 token rows; cannot resolve sub-block spatial detail
P->R1,2,14,DENSE,0.5,DENSE: entropy=0.98>0.7; many_blocks_above_0.01=34,,,"[0, 1, 2, 3, 4, 5, 6, 7, 8, 9, 10, 11, 12, 13, 14, 15, 16, 17, 18, 19, 20, 21, 22, 23, 24, 25, 26, 27]",block_size=256 spans ~4.9 token rows; cannot resolve sub-block spatial detail
P->X,2,15,DENSE,0.5,DENSE: entropy=0.92>0.7; many_blocks_above_0.01=31,,,"[4, 5, 6, 7, 8, 9]",block_size=256 spans ~4.9 token rows; cannot resolve sub-block spatial detail
P->X,2,16,DENSE,0.5,DENSE: entropy=0.82>0.7; many_blocks_above_0.01=24,,,,block_size=256 spans ~4.9 token rows; cannot resolve sub-block spatial detail
P->S,2,16,DENSE,0.5,DENSE: entropy=0.74>0.7; many_blocks_above_0.01=22,,,,block_size=256 spans ~4.9 token rows; cannot resolve sub-block spatial detail
P->R1,2,16,DENSE,0.5,DENSE: entropy=0.93>0.7; many_blocks_above_0.01=27,,,"[0, 1, 2, 3, 4, 5, 6, 7, 8, 9, 10, 11, 12, 13, 14, 15, 16, 17, 18, 19, 20, 21, 22, 23, 24, 25, 26, 27]",block_size=256 spans ~4.9 token rows; cannot resolve sub-block spatial detail
X->P,2,16,DENSE,0.5,DENSE: entropy=0.96>0.7; many_blocks_above_0.01=31,,,,block_size=256 spans ~4.9 token rows; cannot resolve sub-block spatial detail
X->X,2,16,DENSE,0.5,DENSE: entropy=0.76>0.7; many_blocks_above_0.01=31,,,,block_size=256 spans ~4.9 token rows; cannot resolve sub-block spatial detail
X->R1,2,16,DENSE,0.5,DENSE: entropy=0.75>0.7; many_blocks_above_0.01=31,,,,block_size=256 spans ~4.9 token rows; cannot resolve sub-block spatial detail
S->P,2,16,DENSE,0.5,DENSE: entropy=0.91>0.7; many_blocks_above_0.01=25,,,,block_size=256 spans ~4.9 token rows; cannot resolve sub-block spatial detail
S->X,2,16,DENSE,0.5,DENSE: entropy=0.81>0.7; many_blocks_above_0.01=25,,,,block_size=256 spans ~4.9 token rows; cannot resolve sub-block spatial detail
S->S,2,16,DENSE,0.5,DENSE: entropy=0.78>0.7; many_blocks_above_0.01=35,,,,block_size=256 spans ~4.9 token rows; cannot resolve sub-block spatial detail
S->R1,2,16,DENSE,0.5,DENSE: entropy=0.78>0.7; many_blocks_above_0.01=21,,,,block_size=256 spans ~4.9 token rows; cannot resolve sub-block spatial detail
R1->P,2,16,DENSE,0.5,DENSE: entropy=0.91>0.7; many_blocks_above_0.01=24,,,,block_size=256 spans ~4.9 token rows; cannot resolve sub-block spatial detail
R1->X,2,16,DENSE,0.5,DENSE: entropy=0.78>0.7; many_blocks_above_0.01=37,,,,block_size=256 spans ~4.9 token rows; cannot resolve sub-block spatial detail
P->X,2,17,DENSE,0.5,DENSE: entropy=0.97>0.7; many_blocks_above_0.01=31,,,,block_size=256 spans ~4.9 token rows; cannot resolve sub-block spatial detail
P->S,2,17,DENSE,0.5,DENSE: entropy=0.96>0.7; many_blocks_above_0.01=34,,,"[0, 1, 2, 3, 4, 5, 6, 7, 8, 9, 10, 11, 12, 13, 14, 15, 16, 17, 18, 19, 20, 21, 22, 23, 24, 25, 26, 27]",block_size=256 spans ~4.9 token rows; cannot resolve sub-block spatial detail
P->R1,2,17,DENSE,0.5,DENSE: entropy=0.96>0.7; many_blocks_above_0.01=32,,,"[0, 1, 2, 3, 4, 5, 6, 7, 8, 9, 10, 11, 12, 13, 14, 15, 16, 17, 18, 19, 20, 21, 22, 23, 24, 25, 26, 27]",block_size=256 spans ~4.9 token rows; cannot resolve sub-block spatial detail
X->P,2,17,DENSE,0.5,DENSE: entropy=0.83>0.7; many_blocks_above_0.01=24,,,,block_size=256 spans ~4.9 token rows; cannot resolve sub-block spatial detail
P->X,2,18,DENSE,0.5,DENSE: entropy=0.94>0.7; many_blocks_above_0.01=31,,,,block_size=256 spans ~4.9 token rows; cannot resolve sub-block spatial detail
P->S,2,18,DENSE,0.5,DENSE: entropy=0.89>0.7; many_blocks_above_0.01=31,,,"[0, 1, 2, 3, 4, 5, 6, 7, 27]",block_size=256 spans ~4.9 token rows; cannot resolve sub-block spatial detail
P->R1,2,18,DENSE,0.5,DENSE: entropy=0.96>0.7; many_blocks_above_0.01=33,,,"[0, 1, 2, 3, 4, 5, 6, 7, 8, 9, 10, 11, 12, 13, 14, 15, 16, 17, 18, 19, 20, 21, 22, 23, 24, 25, 26, 27]",block_size=256 spans ~4.9 token rows; cannot resolve sub-block spatial detail
P->X,2,19,DENSE,0.5,DENSE: entropy=0.90>0.7; many_blocks_above_0.01=25,,,"[13, 15, 16, 17, 18, 19, 20, 21]",block_size=256 spans ~4.9 token rows; cannot resolve sub-block spatial detail
P->S,2,19,DENSE,0.5,DENSE: entropy=0.96>0.7; many_blocks_above_0.01=30,,,"[0, 1, 2, 3, 4, 5, 6, 7, 8, 9, 10, 11, 12, 13, 14, 15, 16, 17, 18, 19, 20, 21, 22, 23, 24, 25, 26, 27]",block_size=256 spans ~4.9 token rows; cannot resolve sub-block spatial detail
X->P,2,19,DENSE,0.5,DENSE: entropy=0.88>0.7; many_blocks_above_0.01=20,,,,block_size=256 spans ~4.9 token rows; cannot resolve sub-block spatial detail
X->X,2,19,DENSE,0.7666666666666666,DENSE: entropy=0.86>0.7; max_block=0.029<0.03; many_blocks_above_0.01=39,,,,block_size=256 spans ~4.9 token rows; cannot resolve sub-block spatial detail
X->S,2,19,DENSE,0.5,DENSE: entropy=0.85>0.7; many_blocks_above_0.01=27,,,,block_size=256 spans ~4.9 token rows; cannot resolve sub-block spatial detail
X->R1,2,19,DENSE,0.5,DENSE: entropy=0.85>0.7; many_blocks_above_0.01=30,,,,block_size=256 spans ~4.9 token rows; cannot resolve sub-block spatial detail
S->P,2,19,DENSE,0.3333333333333333,DENSE: entropy=0.83>0.7,,,,block_size=256 spans ~4.9 token rows; cannot resolve sub-block spatial detail
S->X,2,19,DENSE,0.7666666666666666,DENSE: entropy=0.88>0.7; max_block=0.027<0.03; many_blocks_above_0.01=31,,,,block_size=256 spans ~4.9 token rows; cannot resolve sub-block spatial detail
S->S,2,19,DENSE,0.5,DENSE: entropy=0.87>0.7; many_blocks_above_0.01=24,,,,block_size=256 spans ~4.9 token rows; cannot resolve sub-block spatial detail
S->R1,2,19,DENSE,0.5,DENSE: entropy=0.87>0.7; many_blocks_above_0.01=22,,,,block_size=256 spans ~4.9 token rows; cannot resolve sub-block spatial detail
R1->P,2,19,DENSE,0.3333333333333333,DENSE: entropy=0.85>0.7,,,,block_size=256 spans ~4.9 token rows; cannot resolve sub-block spatial detail
R1->X,2,19,DENSE,0.7666666666666666,DENSE: entropy=0.87>0.7; max_block=0.029<0.03; many_blocks_above_0.01=35,,,,block_size=256 spans ~4.9 token rows; cannot resolve sub-block spatial detail
R1->S,2,19,DENSE,0.5,DENSE: entropy=0.86>0.7; many_blocks_above_0.01=25,,,,block_size=256 spans ~4.9 token rows; cannot resolve sub-block spatial detail
R1->R1,2,19,DENSE,0.5,DENSE: entropy=0.86>0.7; many_blocks_above_0.01=22,,,,block_size=256 spans ~4.9 token rows; cannot resolve sub-block spatial detail
P->P,2,20,DENSE,0.3333333333333333,DENSE: entropy=0.99>0.7,,,"[22, 23, 24, 25, 26, 27]",block_size=256 spans ~4.9 token rows; cannot resolve sub-block spatial detail
P->X,2,20,DENSE,0.5,DENSE: entropy=0.93>0.7; many_blocks_above_0.01=25,,,,block_size=256 spans ~4.9 token rows; cannot resolve sub-block spatial detail
P->S,2,20,DENSE,0.5,DENSE: entropy=0.90>0.7; many_blocks_above_0.01=27,,,"[0, 1, 2, 3, 4, 5, 6, 7, 8, 9, 10, 11, 12, 13]",block_size=256 spans ~4.9 token rows; cannot resolve sub-block spatial detail
P->R1,2,20,DENSE,0.5,DENSE: entropy=0.94>0.7; many_blocks_above_0.01=27,,,"[0, 1, 2, 3, 4, 5, 6, 7, 8, 9, 10, 11, 12, 13, 14, 15, 16, 17, 18, 19, 20, 21, 22, 23, 24, 25, 26, 27]",block_size=256 spans ~4.9 token rows; cannot resolve sub-block spatial detail
P->X,2,21,DENSE,0.5,DENSE: entropy=0.97>0.7; many_blocks_above_0.01=32,,,,block_size=256 spans ~4.9 token rows; cannot resolve sub-block spatial detail
P->S,2,21,DENSE,0.5,DENSE: entropy=0.82>0.7; many_blocks_above_0.01=26,,,,block_size=256 spans ~4.9 token rows; cannot resolve sub-block spatial detail
X->P,2,21,DENSE,0.5,DENSE: entropy=0.90>0.7; many_blocks_above_0.01=27,,,,block_size=256 spans ~4.9 token rows; cannot resolve sub-block spatial detail
P->X,2,22,DENSE,0.5,DENSE: entropy=0.95>0.7; many_blocks_above_0.01=27,,,,block_size=256 spans ~4.9 token rows; cannot resolve sub-block spatial detail
P->S,2,22,DENSE,0.5,DENSE: entropy=0.96>0.7; many_blocks_above_0.01=33,,,"[0, 1, 2, 3, 4, 5, 6, 7, 8, 9, 10, 11, 12, 13, 14, 15, 16, 17, 18, 19, 20, 21, 22, 23, 24, 25, 26, 27]",block_size=256 spans ~4.9 token rows; cannot resolve sub-block spatial detail
S->X,2,22,DENSE,0.3333333333333333,DENSE: entropy=0.79>0.7,,,,block_size=256 spans ~4.9 token rows; cannot resolve sub-block spatial detail
R1->X,2,22,DENSE,0.5,DENSE: entropy=0.87>0.7; many_blocks_above_0.01=22,,,,block_size=256 spans ~4.9 token rows; cannot resolve sub-block spatial detail
P->X,2,23,DENSE,0.5,DENSE: entropy=0.94>0.7; many_blocks_above_0.01=29,,,,block_size=256 spans ~4.9 token rows; cannot resolve sub-block spatial detail
P->X,3,0,DENSE,0.5,DENSE: entropy=0.99>0.7; many_blocks_above_0.01=32,,,"[0, 1, 2, 3, 4, 5, 6, 7, 8, 9, 10, 11, 12, 13, 14, 15, 16, 17, 18, 19, 20, 21, 22, 23, 24, 25, 26, 27]",block_size=256 spans ~4.9 token rows; cannot resolve sub-block spatial detail
P->S,3,0,DENSE,0.5,DENSE: entropy=0.99>0.7; many_blocks_above_0.01=34,,,"[0, 1, 2, 3, 4, 5, 6, 7, 8, 9, 10, 11, 12, 13, 14, 15, 16, 17, 18, 19, 20, 21, 22, 23, 24, 25, 26, 27]",block_size=256 spans ~4.9 token rows; cannot resolve sub-block spatial detail
P->X,3,1,DENSE,0.5,DENSE: entropy=0.95>0.7; many_blocks_above_0.01=30,,,,block_size=256 spans ~4.9 token rows; cannot resolve sub-block spatial detail
P->S,3,1,DENSE,0.5,DENSE: entropy=0.93>0.7; many_blocks_above_0.01=33,,,"[0, 1, 2, 3, 4, 5, 6, 7, 8, 9, 10, 11, 12, 13, 14, 15, 16, 17, 18, 19, 20, 21, 22, 23, 24, 25, 26, 27]",block_size=256 spans ~4.9 token rows; cannot resolve sub-block spatial detail
P->R1,3,1,DENSE,0.5,DENSE: entropy=0.99>0.7; many_blocks_above_0.01=34,,,"[0, 1, 2, 3, 4, 5, 6, 7, 8, 9, 10, 11, 12, 13, 14, 15, 16, 17, 18, 19, 20, 21, 22, 23, 24, 25, 26, 27]",block_size=256 spans ~4.9 token rows; cannot resolve sub-block spatial detail
P->X,3,2,DENSE,0.5,DENSE: entropy=0.97>0.7; many_blocks_above_0.01=31,,,,block_size=256 spans ~4.9 token rows; cannot resolve sub-block spatial detail
P->S,3,2,DENSE,0.5,DENSE: entropy=0.94>0.7; many_blocks_above_0.01=32,,,"[0, 1, 2, 3, 4, 5, 6, 7, 8, 9, 10, 11, 12, 13, 14, 15, 16, 17, 18, 19, 20, 21, 22, 23, 24, 25, 26, 27]",block_size=256 spans ~4.9 token rows; cannot resolve sub-block spatial detail
P->R1,3,2,DENSE,0.5,DENSE: entropy=0.97>0.7; many_blocks_above_0.01=33,,,"[0, 1, 2, 3, 4, 5, 6, 7, 8, 9, 10, 11, 12, 13, 14, 15, 16, 17, 18, 19, 20, 21, 22, 23, 24, 25, 26, 27]",block_size=256 spans ~4.9 token rows; cannot resolve sub-block spatial detail
X->P,3,2,DENSE,0.5,DENSE: entropy=0.95>0.7; many_blocks_above_0.01=30,,,,block_size=256 spans ~4.9 token rows; cannot resolve sub-block spatial detail
S->P,3,2,DENSE,0.5,DENSE: entropy=0.97>0.7; many_blocks_above_0.01=33,,,,block_size=256 spans ~4.9 token rows; cannot resolve sub-block spatial detail
S->X,3,2,DENSE,0.3333333333333333,DENSE: entropy=0.73>0.7,,,,block_size=256 spans ~4.9 token rows; cannot resolve sub-block spatial detail
S->R1,3,2,DENSE,0.3333333333333333,DENSE: entropy=0.74>0.7,,,,block_size=256 spans ~4.9 token rows; cannot resolve sub-block spatial detail
R1->P,3,2,DENSE,0.5,DENSE: entropy=0.98>0.7; many_blocks_above_0.01=34,,,,block_size=256 spans ~4.9 token rows; cannot resolve sub-block spatial detail
R1->X,3,2,DENSE,0.5,DENSE: entropy=0.87>0.7; many_blocks_above_0.01=26,,,,block_size=256 spans ~4.9 token rows; cannot resolve sub-block spatial detail
P->X,3,3,DENSE,0.5,DENSE: entropy=0.97>0.7; many_blocks_above_0.01=32,,,,block_size=256 spans ~4.9 token rows; cannot resolve sub-block spatial detail
P->S,3,3,DENSE,0.5,DENSE: entropy=0.96>0.7; many_blocks_above_0.01=33,,,"[0, 1, 2, 3, 4, 5, 6, 7, 8, 9, 10, 11, 12, 13, 14, 15, 16, 17, 18, 19, 20, 21, 22, 23, 24, 25, 26, 27]",block_size=256 spans ~4.9 token rows; cannot resolve sub-block spatial detail
P->R1,3,3,DENSE,0.5,DENSE: entropy=0.99>0.7; many_blocks_above_0.01=33,,,"[0, 1, 2, 3, 4, 5, 6, 7, 8, 9, 10, 11, 12, 13, 14, 15, 16, 17, 18, 19, 20, 21, 22, 23, 24, 25, 26, 27]",block_size=256 spans ~4.9 token rows; cannot resolve sub-block spatial detail
P->X,3,4,DENSE,0.5,DENSE: entropy=0.96>0.7; many_blocks_above_0.01=31,,,"[0, 1, 2, 3, 4, 5, 6, 7, 8, 9, 10, 11, 12]",block_size=256 spans ~4.9 token rows; cannot resolve sub-block spatial detail
P->S,3,4,DENSE,0.5,DENSE: entropy=0.94>0.7; many_blocks_above_0.01=30,,,"[0, 1, 2, 3, 4, 5, 6, 7, 8, 9, 10, 11, 12, 13, 14, 15, 16, 17, 18, 19, 20, 21, 22, 23, 24, 25, 26, 27]",block_size=256 spans ~4.9 token rows; cannot resolve sub-block spatial detail
P->R1,3,4,DENSE,0.5,DENSE: entropy=0.97>0.7; many_blocks_above_0.01=33,,,"[0, 1, 2, 3, 4, 5, 6, 7, 8, 9, 10, 11, 12, 13, 14, 15, 16, 17, 18, 19, 20, 21, 22, 23, 24, 25, 26, 27]",block_size=256 spans ~4.9 token rows; cannot resolve sub-block spatial detail
X->P,3,4,DENSE,0.5,DENSE: entropy=0.95>0.7; many_blocks_above_0.01=31,,,,block_size=256 spans ~4.9 token rows; cannot resolve sub-block spatial detail
X->X,3,4,DENSE,0.5,DENSE: entropy=0.87>0.7; many_blocks_above_0.01=37,,,,block_size=256 spans ~4.9 token rows; cannot resolve sub-block spatial detail
S->P,3,4,DENSE,0.5,DENSE: entropy=0.92>0.7; many_blocks_above_0.01=29,,,,block_size=256 spans ~4.9 token rows; cannot resolve sub-block spatial detail
S->X,3,4,DENSE,0.6,DENSE: entropy=0.93>0.7; max_block=0.025<0.03,,,,block_size=256 spans ~4.9 token rows; cannot resolve sub-block spatial detail
S->S,3,4,DENSE,0.5,DENSE: entropy=0.80>0.7; many_blocks_above_0.01=30,,,,block_size=256 spans ~4.9 token rows; cannot resolve sub-block spatial detail
S->R1,3,4,DENSE,0.3333333333333333,DENSE: entropy=0.88>0.7,,,,block_size=256 spans ~4.9 token rows; cannot resolve sub-block spatial detail
R1->P,3,4,DENSE,0.5,DENSE: entropy=0.94>0.7; many_blocks_above_0.01=31,,,"[26, 27]",block_size=256 spans ~4.9 token rows; cannot resolve sub-block spatial detail
R1->X,3,4,DENSE,0.7666666666666666,DENSE: entropy=0.90>0.7; max_block=0.025<0.03; many_blocks_above_0.01=27,,,,block_size=256 spans ~4.9 token rows; cannot resolve sub-block spatial detail
R1->S,3,4,DENSE,0.3333333333333333,DENSE: entropy=0.84>0.7,,,,block_size=256 spans ~4.9 token rows; cannot resolve sub-block spatial detail
R1->R1,3,4,DENSE,0.5,DENSE: entropy=0.78>0.7; many_blocks_above_0.01=32,,,,block_size=256 spans ~4.9 token rows; cannot resolve sub-block spatial detail
P->X,3,5,DENSE,0.5,DENSE: entropy=0.96>0.7; many_blocks_above_0.01=31,,,"[0, 1, 2, 3, 4, 5, 6, 7, 8, 9, 10, 11, 12, 13, 14, 15]",block_size=256 spans ~4.9 token rows; cannot resolve sub-block spatial detail
P->S,3,5,DENSE,0.5,DENSE: entropy=0.99>0.7; many_blocks_above_0.01=34,,,"[0, 1, 2, 3, 4, 5, 6, 7, 8, 9, 10, 11, 12, 13, 14, 15, 16, 17, 18, 19, 20, 21, 22, 23, 24, 25, 26, 27]",block_size=256 spans ~4.9 token rows; cannot resolve sub-block spatial detail
P->R1,3,5,DENSE,0.5,DENSE: entropy=0.98>0.7; many_blocks_above_0.01=34,,,"[0, 1, 2, 3, 4, 5, 6, 7, 8, 9, 10, 11, 12, 13, 14, 15, 16, 17, 18, 19, 20, 21, 22, 23, 24, 25, 26, 27]",block_size=256 spans ~4.9 token rows; cannot resolve sub-block spatial detail
X->P,3,5,DENSE,0.5,DENSE: entropy=0.89>0.7; many_blocks_above_0.01=24,,,,block_size=256 spans ~4.9 token rows; cannot resolve sub-block spatial detail
P->X,3,6,DENSE,0.5,DENSE: entropy=0.98>0.7; many_blocks_above_0.01=32,,,"[0, 1, 2, 3, 4, 5]",block_size=256 spans ~4.9 token rows; cannot resolve sub-block spatial detail
P->S,3,6,DENSE,0.5,DENSE: entropy=0.90>0.7; many_blocks_above_0.01=28,,,"[0, 1, 2, 3, 4, 5, 6, 7, 8, 9, 25, 26, 27]",block_size=256 spans ~4.9 token rows; cannot resolve sub-block spatial detail
P->R1,3,6,DENSE,0.5,DENSE: entropy=0.99>0.7; many_blocks_above_0.01=34,,,"[0, 1, 2, 3, 4, 5, 6, 7, 8, 9, 10, 11, 12, 13, 14, 15, 16, 17, 18, 19, 20, 21, 22, 23, 24, 25, 26, 27]",block_size=256 spans ~4.9 token rows; cannot resolve sub-block spatial detail
X->P,3,6,DENSE,0.5,DENSE: entropy=0.93>0.7; many_blocks_above_0.01=28,,,,block_size=256 spans ~4.9 token rows; cannot resolve sub-block spatial detail
X->X,3,6,DENSE,0.5,DENSE: entropy=0.78>0.7; many_blocks_above_0.01=33,,,,block_size=256 spans ~4.9 token rows; cannot resolve sub-block spatial detail
S->P,3,6,DENSE,0.5,DENSE: entropy=0.99>0.7; many_blocks_above_0.01=34,,,,block_size=256 spans ~4.9 token rows; cannot resolve sub-block spatial detail
S->X,3,6,DENSE,0.5,DENSE: entropy=0.78>0.7; many_blocks_above_0.01=23,,,,block_size=256 spans ~4.9 token rows; cannot resolve sub-block spatial detail
R1->P,3,6,DENSE,0.5,DENSE: entropy=0.98>0.7; many_blocks_above_0.01=33,,,,block_size=256 spans ~4.9 token rows; cannot resolve sub-block spatial detail
R1->X,3,6,DENSE,0.5,DENSE: entropy=0.82>0.7; many_blocks_above_0.01=33,,,,block_size=256 spans ~4.9 token rows; cannot resolve sub-block spatial detail
P->X,3,7,DENSE,0.5,DENSE: entropy=0.97>0.7; many_blocks_above_0.01=31,,,"[0, 1, 2, 3, 4, 5, 6, 7, 8, 9, 10, 11, 12, 13, 14, 15, 17, 24, 25, 26, 27]",block_size=256 spans ~4.9 token rows; cannot resolve sub-block spatial detail
P->S,3,7,DENSE,0.5,DENSE: entropy=0.96>0.7; many_blocks_above_0.01=32,,,"[0, 1, 2, 3, 4, 5, 6, 7, 8, 9, 10, 11, 12, 13, 14, 15, 16, 17, 18, 19, 20, 21, 22, 23, 24, 25, 26, 27]",block_size=256 spans ~4.9 token rows; cannot resolve sub-block spatial detail
P->R1,3,7,DENSE,0.5,DENSE: entropy=0.96>0.7; many_blocks_above_0.01=33,,,"[0, 1, 2, 3, 4, 5, 6, 7, 8, 9, 10, 11, 12, 13, 14, 15, 16, 17, 18, 19, 20, 21, 22, 23, 24, 25, 26, 27]",block_size=256 spans ~4.9 token rows; cannot resolve sub-block spatial detail
X->P,3,7,DENSE,0.5,DENSE: entropy=0.93>0.7; many_blocks_above_0.01=30,,,,block_size=256 spans ~4.9 token rows; cannot resolve sub-block spatial detail
X->X,3,7,DENSE,0.5,DENSE: entropy=0.78>0.7; many_blocks_above_0.01=32,,,,block_size=256 spans ~4.9 token rows; cannot resolve sub-block spatial detail
X->S,3,7,DENSE,0.5,DENSE: entropy=0.76>0.7; many_blocks_above_0.01=27,,,,block_size=256 spans ~4.9 token rows; cannot resolve sub-block spatial detail
X->R1,3,7,DENSE,0.5,DENSE: entropy=0.78>0.7; many_blocks_above_0.01=29,,,,block_size=256 spans ~4.9 token rows; cannot resolve sub-block spatial detail
R1->X,3,7,DENSE,0.5,DENSE: entropy=0.84>0.7; many_blocks_above_0.01=30,,,,block_size=256 spans ~4.9 token rows; cannot resolve sub-block spatial detail
P->X,3,8,DENSE,0.5,DENSE: entropy=0.98>0.7; many_blocks_above_0.01=32,,,"[0, 1, 2, 3, 4, 5, 6, 7, 8, 9]",block_size=256 spans ~4.9 token rows; cannot resolve sub-block spatial detail
P->S,3,8,DENSE,0.5,DENSE: entropy=0.98>0.7; many_blocks_above_0.01=34,,,"[0, 1, 2, 3, 4, 5, 6, 7, 8, 9, 10, 11, 12, 13, 14, 15, 16, 17, 18, 19, 20, 21, 22, 23, 24, 25, 26, 27]",block_size=256 spans ~4.9 token rows; cannot resolve sub-block spatial detail
P->R1,3,8,DENSE,0.5,DENSE: entropy=0.98>0.7; many_blocks_above_0.01=34,,,"[0, 1, 2, 3, 4, 5, 6, 7, 8, 9, 10, 11, 12, 13, 14, 15, 16, 17, 18, 19, 20, 21, 22, 23, 24, 25, 26, 27]",block_size=256 spans ~4.9 token rows; cannot resolve sub-block spatial detail
P->X,3,9,DENSE,0.5,DENSE: entropy=0.97>0.7; many_blocks_above_0.01=32,,,"[0, 1, 2, 3, 4, 5, 6, 7]",block_size=256 spans ~4.9 token rows; cannot resolve sub-block spatial detail
P->S,3,9,DENSE,0.5,DENSE: entropy=0.96>0.7; many_blocks_above_0.01=34,,,"[0, 1, 2, 3, 4, 5, 6, 7, 8, 9, 10, 11, 12, 13, 14, 15, 16, 17, 18, 19, 20, 21, 22, 23, 24, 25, 26, 27]",block_size=256 spans ~4.9 token rows; cannot resolve sub-block spatial detail
P->R1,3,9,DENSE,0.5,DENSE: entropy=0.99>0.7; many_blocks_above_0.01=34,,,"[0, 1, 2, 3, 4, 5, 6, 7, 8, 9, 10, 11, 12, 13, 14, 15, 16, 17, 18, 19, 20, 21, 22, 23, 24, 25, 26, 27]",block_size=256 spans ~4.9 token rows; cannot resolve sub-block spatial detail
X->P,3,9,DENSE,0.5,DENSE: entropy=0.73>0.7; many_blocks_above_0.01=22,,,,block_size=256 spans ~4.9 token rows; cannot resolve sub-block spatial detail
R1->X,3,9,DENSE,0.5,DENSE: entropy=0.74>0.7; many_blocks_above_0.01=32,,,,block_size=256 spans ~4.9 token rows; cannot resolve sub-block spatial detail
P->X,3,10,DENSE,0.5,DENSE: entropy=0.95>0.7; many_blocks_above_0.01=31,,,"[0, 1, 2, 3, 4, 5, 6, 7, 8, 9, 10, 11, 12, 13, 14, 15, 16, 17, 18, 19, 20, 21, 22, 23, 24, 25, 26, 27]",block_size=256 spans ~4.9 token rows; cannot resolve sub-block spatial detail
X->P,3,10,DENSE,0.5,DENSE: entropy=0.92>0.7; many_blocks_above_0.01=27,,,,block_size=256 spans ~4.9 token rows; cannot resolve sub-block spatial detail
S->P,3,10,DENSE,0.5,DENSE: entropy=0.92>0.7; many_blocks_above_0.01=28,,,"[0, 1, 2, 3, 4, 5, 6, 7, 8, 9]",block_size=256 spans ~4.9 token rows; cannot resolve sub-block spatial detail
R1->X,3,10,DENSE,0.5,DENSE: entropy=0.77>0.7; many_blocks_above_0.01=30,,,,block_size=256 spans ~4.9 token rows; cannot resolve sub-block spatial detail
P->X,3,11,DENSE,0.5,DENSE: entropy=0.99>0.7; many_blocks_above_0.01=32,,,,block_size=256 spans ~4.9 token rows; cannot resolve sub-block spatial detail
P->X,3,12,DENSE,0.5,DENSE: entropy=0.96>0.7; many_blocks_above_0.01=32,,,,block_size=256 spans ~4.9 token rows; cannot resolve sub-block spatial detail
P->S,3,12,DENSE,0.5,DENSE: entropy=0.96>0.7; many_blocks_above_0.01=33,,,"[0, 1, 2, 3, 4, 5, 6, 7, 8, 9, 10, 11, 12, 13, 14, 15, 16, 17, 18, 19, 20, 21, 22, 23, 24, 25, 26, 27]",block_size=256 spans ~4.9 token rows; cannot resolve sub-block spatial detail
P->R1,3,12,DENSE,0.5,DENSE: entropy=0.96>0.7; many_blocks_above_0.01=34,,,"[0, 1, 2, 3, 4, 5, 6, 7, 8, 9, 10, 11, 12, 13, 14, 15, 16, 17, 18, 19, 20, 21, 22, 23, 24, 25, 26, 27]",block_size=256 spans ~4.9 token rows; cannot resolve sub-block spatial detail
X->P,3,12,DENSE,0.5,DENSE: entropy=0.97>0.7; many_blocks_above_0.01=32,,,,block_size=256 spans ~4.9 token rows; cannot resolve sub-block spatial detail
X->X,3,12,DENSE,0.5,DENSE: entropy=0.80>0.7; many_blocks_above_0.01=31,,,,block_size=256 spans ~4.9 token rows; cannot resolve sub-block spatial detail
X->R1,3,12,DENSE,0.5,DENSE: entropy=0.79>0.7; many_blocks_above_0.01=26,,,,block_size=256 spans ~4.9 token rows; cannot resolve sub-block spatial detail
S->P,3,12,DENSE,0.5,DENSE: entropy=0.85>0.7; many_blocks_above_0.01=31,,,,block_size=256 spans ~4.9 token rows; cannot resolve sub-block spatial detail
S->X,3,12,DENSE,0.3333333333333333,DENSE: entropy=0.78>0.7,,,,block_size=256 spans ~4.9 token rows; cannot resolve sub-block spatial detail
R1->P,3,12,DENSE,0.5,DENSE: entropy=0.95>0.7; many_blocks_above_0.01=34,,,,block_size=256 spans ~4.9 token rows; cannot resolve sub-block spatial detail
R1->X,3,12,DENSE,0.5,DENSE: entropy=0.89>0.7; many_blocks_above_0.01=24,,,,block_size=256 spans ~4.9 token rows; cannot resolve sub-block spatial detail
R1->S,3,12,DENSE,0.3333333333333333,DENSE: entropy=0.78>0.7,,,,block_size=256 spans ~4.9 token rows; cannot resolve sub-block spatial detail
P->X,3,13,DENSE,0.5,DENSE: entropy=0.97>0.7; many_blocks_above_0.01=32,,,"[0, 1, 2, 3, 4, 5, 6, 7, 8, 9, 10, 11, 12, 13, 14, 15, 16, 17, 18, 19, 20, 21, 22, 23, 24, 25, 26, 27]",block_size=256 spans ~4.9 token rows; cannot resolve sub-block spatial detail
X->P,3,13,DENSE,0.5,DENSE: entropy=0.96>0.7; many_blocks_above_0.01=31,,,,block_size=256 spans ~4.9 token rows; cannot resolve sub-block spatial detail
R1->X,3,13,DENSE,0.5,DENSE: entropy=0.76>0.7; many_blocks_above_0.01=33,,,,block_size=256 spans ~4.9 token rows; cannot resolve sub-block spatial detail
P->X,3,14,DENSE,0.5,DENSE: entropy=0.97>0.7; many_blocks_above_0.01=32,,,"[0, 1, 2, 3, 4, 5, 6, 7, 8, 9, 10, 11, 12, 13, 14, 15, 16, 17, 18, 19, 20, 21, 22, 23, 24, 25, 26, 27]",block_size=256 spans ~4.9 token rows; cannot resolve sub-block spatial detail
X->P,3,14,DENSE,0.5,DENSE: entropy=0.89>0.7; many_blocks_above_0.01=24,,,,block_size=256 spans ~4.9 token rows; cannot resolve sub-block spatial detail
P->X,3,15,DENSE,0.5,DENSE: entropy=0.93>0.7; many_blocks_above_0.01=30,,,"[8, 9, 10, 11, 12, 13, 14, 15, 16, 17, 18, 19, 20, 21, 22, 23, 24, 25, 26, 27]",block_size=256 spans ~4.9 token rows; cannot resolve sub-block spatial detail
P->R1,3,15,DENSE,0.5,DENSE: entropy=0.97>0.7; many_blocks_above_0.01=34,,,"[0, 1, 2, 3, 4, 5, 6, 7, 8, 9, 10, 11, 12, 13, 14, 15, 16, 17, 18, 19, 20, 21, 22, 23, 24, 25, 26, 27]",block_size=256 spans ~4.9 token rows; cannot resolve sub-block spatial detail
S->P,3,15,DENSE,0.5,DENSE: entropy=0.95>0.7; many_blocks_above_0.01=32,,,,block_size=256 spans ~4.9 token rows; cannot resolve sub-block spatial detail
S->X,3,15,DENSE,0.5,DENSE: entropy=0.85>0.7; many_blocks_above_0.01=22,,,,block_size=256 spans ~4.9 token rows; cannot resolve sub-block spatial detail
S->R1,3,15,DENSE,0.3333333333333333,DENSE: entropy=0.82>0.7,,,,block_size=256 spans ~4.9 token rows; cannot resolve sub-block spatial detail
R1->P,3,15,DENSE,0.5,DENSE: entropy=0.95>0.7; many_blocks_above_0.01=32,,,,block_size=256 spans ~4.9 token rows; cannot resolve sub-block spatial detail
R1->X,3,15,DENSE,0.5,DENSE: entropy=0.77>0.7; many_blocks_above_0.01=32,,,,block_size=256 spans ~4.9 token rows; cannot resolve sub-block spatial detail
R1->S,3,15,DENSE,0.3333333333333333,DENSE: entropy=0.77>0.7,,,,block_size=256 spans ~4.9 token rows; cannot resolve sub-block spatial detail
P->X,3,16,DENSE,0.5,DENSE: entropy=0.97>0.7; many_blocks_above_0.01=32,,,,block_size=256 spans ~4.9 token rows; cannot resolve sub-block spatial detail
P->R1,3,16,DENSE,0.5,DENSE: entropy=0.99>0.7; many_blocks_above_0.01=34,,,"[0, 1, 2, 3, 4, 5, 6, 7, 8, 9, 10, 11, 12, 13, 14, 15, 16, 17, 18, 19, 20, 21, 22, 23, 24, 25, 26, 27]",block_size=256 spans ~4.9 token rows; cannot resolve sub-block spatial detail
X->P,3,16,DENSE,0.5,DENSE: entropy=0.94>0.7; many_blocks_above_0.01=27,,,,block_size=256 spans ~4.9 token rows; cannot resolve sub-block spatial detail
X->X,3,16,DENSE,0.3333333333333333,DENSE: entropy=0.80>0.7,,,,block_size=256 spans ~4.9 token rows; cannot resolve sub-block spatial detail
X->R1,3,16,DENSE,0.5,DENSE: entropy=0.80>0.7; many_blocks_above_0.01=31,,,,block_size=256 spans ~4.9 token rows; cannot resolve sub-block spatial detail
R1->X,3,16,DENSE,0.5,DENSE: entropy=0.86>0.7; many_blocks_above_0.01=25,,,"[0, 1, 2, 3]",block_size=256 spans ~4.9 token rows; cannot resolve sub-block spatial detail
P->X,3,17,DENSE,0.5,DENSE: entropy=0.96>0.7; many_blocks_above_0.01=31,,,"[0, 1, 2, 3, 4, 5, 6, 7, 8, 9, 10, 11, 12, 13, 14, 15, 16, 17, 18, 19, 20, 21, 22, 23, 24, 25, 26, 27]",block_size=256 spans ~4.9 token rows; cannot resolve sub-block spatial detail
X->P,3,17,DENSE,0.5,DENSE: entropy=0.94>0.7; many_blocks_above_0.01=29,,,,block_size=256 spans ~4.9 token rows; cannot resolve sub-block spatial detail
S->P,3,17,DENSE,0.5,DENSE: entropy=0.91>0.7; many_blocks_above_0.01=25,,,,block_size=256 spans ~4.9 token rows; cannot resolve sub-block spatial detail
R1->P,3,17,DENSE,0.5,DENSE: entropy=0.93>0.7; many_blocks_above_0.01=29,,,,block_size=256 spans ~4.9 token rows; cannot resolve sub-block spatial detail
R1->X,3,17,DENSE,0.5,DENSE: entropy=0.75>0.7; many_blocks_above_0.01=30,,,,block_size=256 spans ~4.9 token rows; cannot resolve sub-block spatial detail
P->X,3,18,DENSE,0.5,DENSE: entropy=0.83>0.7; many_blocks_above_0.01=23,,,"[26, 27]",block_size=256 spans ~4.9 token rows; cannot resolve sub-block spatial detail
P->X,3,19,DENSE,0.5,DENSE: entropy=0.96>0.7; many_blocks_above_0.01=31,,,"[0, 1, 2, 3, 4, 5, 6, 7, 8, 9, 10, 11, 12, 13, 14, 15, 16, 17, 18, 19, 20, 21, 22, 23, 24, 25, 26, 27]",block_size=256 spans ~4.9 token rows; cannot resolve sub-block spatial detail
R1->X,3,19,DENSE,0.5,DENSE: entropy=0.72>0.7; many_blocks_above_0.01=35,,,,block_size=256 spans ~4.9 token rows; cannot resolve sub-block spatial detail
P->X,3,20,DENSE,0.5,DENSE: entropy=0.95>0.7; many_blocks_above_0.01=26,,,,block_size=256 spans ~4.9 token rows; cannot resolve sub-block spatial detail
P->R1,3,20,DENSE,0.5,DENSE: entropy=0.98>0.7; many_blocks_above_0.01=34,,,"[0, 1, 2, 3, 4, 5, 6, 7, 8, 9, 10, 11, 12, 13, 14, 15, 16, 17, 18, 19, 20, 21, 22, 23, 24, 25, 26, 27]",block_size=256 spans ~4.9 token rows; cannot resolve sub-block spatial detail
X->P,3,20,DENSE,0.5,DENSE: entropy=0.95>0.7; many_blocks_above_0.01=28,,,,block_size=256 spans ~4.9 token rows; cannot resolve sub-block spatial detail
R1->X,3,20,DENSE,0.5,DENSE: entropy=0.78>0.7; many_blocks_above_0.01=31,,,,block_size=256 spans ~4.9 token rows; cannot resolve sub-block spatial detail
P->X,3,21,DENSE,0.5,DENSE: entropy=0.95>0.7; many_blocks_above_0.01=31,,,"[0, 1, 2, 3, 4, 5, 6, 7, 8, 9, 10, 11, 12, 13]",block_size=256 spans ~4.9 token rows; cannot resolve sub-block spatial detail
P->S,3,21,DENSE,0.5,DENSE: entropy=0.94>0.7; many_blocks_above_0.01=33,,,"[0, 1, 2, 3, 4, 5, 6, 7, 8, 9, 10, 11, 12, 13, 14, 15, 16, 17, 18, 19, 20, 21, 22, 23, 24, 25, 26, 27]",block_size=256 spans ~4.9 token rows; cannot resolve sub-block spatial detail
X->P,3,21,DENSE,0.3333333333333333,DENSE: entropy=0.87>0.7,,,,block_size=256 spans ~4.9 token rows; cannot resolve sub-block spatial detail
P->X,3,22,DENSE,0.5,DENSE: entropy=0.97>0.7; many_blocks_above_0.01=32,,,"[0, 1, 2, 3, 4, 5, 6, 7, 8, 9]",block_size=256 spans ~4.9 token rows; cannot resolve sub-block spatial detail
P->S,3,22,DENSE,0.5,DENSE: entropy=0.97>0.7; many_blocks_above_0.01=34,,,"[0, 1, 2, 3, 4, 5, 6, 7, 8, 9, 10, 11, 12, 13, 14, 15, 16, 17, 18, 19, 20, 21, 22, 23, 24, 25, 26, 27]",block_size=256 spans ~4.9 token rows; cannot resolve sub-block spatial detail
P->R1,3,22,DENSE,0.5,DENSE: entropy=0.97>0.7; many_blocks_above_0.01=31,,,"[0, 1, 2, 3, 4, 5, 6, 7, 8, 9, 10, 11, 12, 13, 14, 15, 16, 17, 18, 19, 20, 21, 22, 23, 24, 25, 26, 27]",block_size=256 spans ~4.9 token rows; cannot resolve sub-block spatial detail
R1->X,3,22,DENSE,0.5,DENSE: entropy=0.79>0.7; many_blocks_above_0.01=34,,,,block_size=256 spans ~4.9 token rows; cannot resolve sub-block spatial detail
P->X,3,23,DENSE,0.5,DENSE: entropy=0.98>0.7; many_blocks_above_0.01=31,,,,block_size=256 spans ~4.9 token rows; cannot resolve sub-block spatial detail
P->S,3,23,DENSE,0.5,DENSE: entropy=0.71>0.7; many_blocks_above_0.01=22,,,,block_size=256 spans ~4.9 token rows; cannot resolve sub-block spatial detail
P->R1,3,23,DENSE,0.5,DENSE: entropy=0.98>0.7; many_blocks_above_0.01=34,,,"[0, 1, 2, 3, 4, 5, 6, 7, 8, 9, 10, 11, 12, 13, 14, 15, 16, 17, 18, 19, 20, 21, 22, 23, 24, 25, 26, 27]",block_size=256 spans ~4.9 token rows; cannot resolve sub-block spatial detail
X->P,3,23,DENSE,0.5,DENSE: entropy=0.97>0.7; many_blocks_above_0.01=31,,,,block_size=256 spans ~4.9 token rows; cannot resolve sub-block spatial detail
S->P,3,23,DENSE,0.5,DENSE: entropy=0.99>0.7; many_blocks_above_0.01=34,,,,block_size=256 spans ~4.9 token rows; cannot resolve sub-block spatial detail
S->X,3,23,DENSE,0.3333333333333333,DENSE: entropy=0.79>0.7,,,,block_size=256 spans ~4.9 token rows; cannot resolve sub-block spatial detail
R1->P,3,23,DENSE,0.5,DENSE: entropy=0.99>0.7; many_blocks_above_0.01=34,,,,block_size=256 spans ~4.9 token rows; cannot resolve sub-block spatial detail
R1->X,3,23,DENSE,0.5,DENSE: entropy=0.84>0.7; many_blocks_above_0.01=30,,,,block_size=256 spans ~4.9 token rows; cannot resolve sub-block spatial detail
P->X,4,0,DENSE,0.5,DENSE: entropy=0.95>0.7; many_blocks_above_0.01=32,,,"[0, 1, 2, 3, 4, 5, 6, 7, 8, 9, 10, 11, 12, 13, 14, 15, 16, 17, 18, 19, 20, 21, 22, 23]",block_size=256 spans ~4.9 token rows; cannot resolve sub-block spatial detail
P->S,4,0,DENSE,0.5,DENSE: entropy=0.95>0.7; many_blocks_above_0.01=32,,,"[0, 1, 2, 3, 4, 5, 6, 7, 8, 9, 10, 11, 12, 13, 14, 15, 16, 17, 18, 19, 20, 21, 22, 23, 24, 25, 26, 27]",block_size=256 spans ~4.9 token rows; cannot resolve sub-block spatial detail
P->R1,4,0,DENSE,0.5,DENSE: entropy=0.93>0.7; many_blocks_above_0.01=34,,,"[0, 1, 2, 3, 4, 5, 6, 7, 8, 9, 10, 11, 12, 13, 14, 15, 16, 17, 18, 19, 20, 21, 22, 23, 24, 25, 26, 27]",block_size=256 spans ~4.9 token rows; cannot resolve sub-block spatial detail
X->P,4,0,DENSE,0.5,DENSE: entropy=0.93>0.7; many_blocks_above_0.01=27,,,,block_size=256 spans ~4.9 token rows; cannot resolve sub-block spatial detail
P->P,4,1,DENSE,0.3333333333333333,DENSE: entropy=0.81>0.7,,,,block_size=256 spans ~4.9 token rows; cannot resolve sub-block spatial detail
P->X,4,1,DENSE,0.5,DENSE: entropy=0.93>0.7; many_blocks_above_0.01=26,,,,block_size=256 spans ~4.9 token rows; cannot resolve sub-block spatial detail
P->S,4,1,DENSE,0.5,DENSE: entropy=0.92>0.7; many_blocks_above_0.01=28,,,"[1, 2, 3, 4, 5, 6, 7, 8, 9, 10, 11, 12, 13, 14, 15, 16, 17, 18, 19, 20, 21, 22, 23, 24, 25, 26, 27]",block_size=256 spans ~4.9 token rows; cannot resolve sub-block spatial detail
P->R1,4,1,DENSE,0.5,DENSE: entropy=0.97>0.7; many_blocks_above_0.01=33,,,"[0, 1, 2, 3, 4, 5, 6, 7, 8, 9, 10, 11, 12, 13, 14, 15, 16, 17, 18, 19, 20, 21, 22, 23, 24, 25, 26, 27]",block_size=256 spans ~4.9 token rows; cannot resolve sub-block spatial detail
X->P,4,1,DENSE,0.5,DENSE: entropy=0.93>0.7; many_blocks_above_0.01=25,,,,block_size=256 spans ~4.9 token rows; cannot resolve sub-block spatial detail
X->X,4,1,DENSE,0.7666666666666666,DENSE: entropy=0.85>0.7; max_block=0.028<0.03; many_blocks_above_0.01=37,,,,block_size=256 spans ~4.9 token rows; cannot resolve sub-block spatial detail
X->S,4,1,DENSE,0.3333333333333333,DENSE: entropy=0.79>0.7,,,,block_size=256 spans ~4.9 token rows; cannot resolve sub-block spatial detail
X->R1,4,1,DENSE,0.7666666666666666,DENSE: entropy=0.91>0.7; max_block=0.024<0.03; many_blocks_above_0.01=28,,,,block_size=256 spans ~4.9 token rows; cannot resolve sub-block spatial detail
S->P,4,1,DENSE,0.5,DENSE: entropy=0.89>0.7; many_blocks_above_0.01=24,,,,block_size=256 spans ~4.9 token rows; cannot resolve sub-block spatial detail
S->X,4,1,DENSE,0.5,DENSE: entropy=0.86>0.7; many_blocks_above_0.01=31,,,,block_size=256 spans ~4.9 token rows; cannot resolve sub-block spatial detail
S->S,4,1,DENSE,0.7666666666666666,DENSE: entropy=0.87>0.7; max_block=0.026<0.03; many_blocks_above_0.01=35,,,,block_size=256 spans ~4.9 token rows; cannot resolve sub-block spatial detail
S->R1,4,1,DENSE,0.3333333333333333,DENSE: entropy=0.84>0.7,,,,block_size=256 spans ~4.9 token rows; cannot resolve sub-block spatial detail
R1->P,4,1,DENSE,0.5,DENSE: entropy=0.90>0.7; many_blocks_above_0.01=24,,,,block_size=256 spans ~4.9 token rows; cannot resolve sub-block spatial detail
R1->X,4,1,DENSE,0.7666666666666666,DENSE: entropy=0.87>0.7; max_block=0.027<0.03; many_blocks_above_0.01=32,,,,block_size=256 spans ~4.9 token rows; cannot resolve sub-block spatial detail
R1->S,4,1,DENSE,0.5,DENSE: entropy=0.91>0.7; many_blocks_above_0.01=23,,,,block_size=256 spans ~4.9 token rows; cannot resolve sub-block spatial detail
R1->R1,4,1,DENSE,0.5,DENSE: entropy=0.86>0.7; many_blocks_above_0.01=30,,,,block_size=256 spans ~4.9 token rows; cannot resolve sub-block spatial detail
P->X,4,2,DENSE,0.5,DENSE: entropy=0.99>0.7; many_blocks_above_0.01=32,,,"[0, 1, 2, 3, 4, 5, 6, 7, 8, 9, 10, 11, 12, 13, 14, 15, 16, 17, 18, 19, 20, 21, 22, 23, 24, 25, 26, 27]",block_size=256 spans ~4.9 token rows; cannot resolve sub-block spatial detail
X->X,4,2,DENSE,0.5,DENSE: entropy=0.75>0.7; many_blocks_above_0.01=30,,,,block_size=256 spans ~4.9 token rows; cannot resolve sub-block spatial detail
X->S,4,2,DENSE,0.5,DENSE: entropy=0.77>0.7; many_blocks_above_0.01=27,,,,block_size=256 spans ~4.9 token rows; cannot resolve sub-block spatial detail
X->R1,4,2,DENSE,0.5,DENSE: entropy=0.79>0.7; many_blocks_above_0.01=34,,,,block_size=256 spans ~4.9 token rows; cannot resolve sub-block spatial detail
S->X,4,2,DENSE,0.3333333333333333,DENSE: entropy=0.73>0.7,,,,block_size=256 spans ~4.9 token rows; cannot resolve sub-block spatial detail
S->R1,4,2,DENSE,0.5,DENSE: entropy=0.77>0.7; many_blocks_above_0.01=21,,,,block_size=256 spans ~4.9 token rows; cannot resolve sub-block spatial detail
R1->X,4,2,DENSE,0.5,DENSE: entropy=0.81>0.7; many_blocks_above_0.01=36,,,,block_size=256 spans ~4.9 token rows; cannot resolve sub-block spatial detail
R1->S,4,2,DENSE,0.5,DENSE: entropy=0.79>0.7; many_blocks_above_0.01=23,,,,block_size=256 spans ~4.9 token rows; cannot resolve sub-block spatial detail
R1->R1,4,2,DENSE,0.5,DENSE: entropy=0.78>0.7; many_blocks_above_0.01=31,,,,block_size=256 spans ~4.9 token rows; cannot resolve sub-block spatial detail
X->P,4,3,DENSE,0.5,DENSE: entropy=0.86>0.7; many_blocks_above_0.01=23,,,,block_size=256 spans ~4.9 token rows; cannot resolve sub-block spatial detail
X->S,4,3,DENSE,0.5,DENSE: entropy=0.73>0.7; many_blocks_above_0.01=24,,,,block_size=256 spans ~4.9 token rows; cannot resolve sub-block spatial detail
X->R1,4,3,DENSE,0.5,DENSE: entropy=0.79>0.7; many_blocks_above_0.01=32,,,,block_size=256 spans ~4.9 token rows; cannot resolve sub-block spatial detail
R1->X,4,3,DENSE,0.5,DENSE: entropy=0.84>0.7; many_blocks_above_0.01=33,,,,block_size=256 spans ~4.9 token rows; cannot resolve sub-block spatial detail
X->X,4,4,DENSE,0.5,DENSE: entropy=0.75>0.7; many_blocks_above_0.01=31,,,,block_size=256 spans ~4.9 token rows; cannot resolve sub-block spatial detail
X->R1,4,4,DENSE,0.5,DENSE: entropy=0.74>0.7; many_blocks_above_0.01=32,,,,block_size=256 spans ~4.9 token rows; cannot resolve sub-block spatial detail
S->P,4,4,DENSE,0.5,DENSE: entropy=0.98>0.7; many_blocks_above_0.01=34,,,"[0, 1, 2, 3, 4, 5, 6, 7, 8, 9]",block_size=256 spans ~4.9 token rows; cannot resolve sub-block spatial detail
R1->X,4,4,DENSE,0.5,DENSE: entropy=0.87>0.7; many_blocks_above_0.01=28,,,,block_size=256 spans ~4.9 token rows; cannot resolve sub-block spatial detail
P->X,4,5,DENSE,0.5,DENSE: entropy=0.97>0.7; many_blocks_above_0.01=31,,,"[0, 1, 2, 3, 4, 5, 6, 7, 8, 9, 10, 11, 12, 13, 14, 15, 16, 17, 18, 19, 20, 21, 22, 23, 24, 25, 26, 27]",block_size=256 spans ~4.9 token rows; cannot resolve sub-block spatial detail
P->S,4,5,DENSE,0.5,DENSE: entropy=0.98>0.7; many_blocks_above_0.01=34,,,"[0, 1, 2, 3, 4, 5, 6, 7, 8, 9, 10, 11, 12, 13, 14, 15, 16, 17, 18, 19, 20, 21, 22, 23, 24, 25, 26, 27]",block_size=256 spans ~4.9 token rows; cannot resolve sub-block spatial detail
P->R1,4,5,DENSE,0.5,DENSE: entropy=0.98>0.7; many_blocks_above_0.01=34,,,"[0, 1, 2, 3, 4, 5, 6, 7, 8, 9, 10, 11, 12, 13, 14, 15, 16, 17, 18, 19, 20, 21, 22, 23, 24, 25, 26, 27]",block_size=256 spans ~4.9 token rows; cannot resolve sub-block spatial detail
P->P,4,6,DENSE,0.3333333333333333,DENSE: entropy=0.96>0.7,,,,block_size=256 spans ~4.9 token rows; cannot resolve sub-block spatial detail
P->X,4,6,DENSE,0.5,DENSE: entropy=0.95>0.7; many_blocks_above_0.01=30,,,,block_size=256 spans ~4.9 token rows; cannot resolve sub-block spatial detail
P->S,4,6,DENSE,0.5,DENSE: entropy=0.87>0.7; many_blocks_above_0.01=31,,,[22],block_size=256 spans ~4.9 token rows; cannot resolve sub-block spatial detail
P->R1,4,6,DENSE,0.5,DENSE: entropy=0.93>0.7; many_blocks_above_0.01=31,,,"[1, 2, 3, 4, 5, 6, 7, 8, 9, 10, 11, 12, 13, 14, 15, 16, 17, 18, 19, 20, 21, 22, 23, 24, 25, 26, 27]",block_size=256 spans ~4.9 token rows; cannot resolve sub-block spatial detail
X->P,4,6,DENSE,0.5,DENSE: entropy=0.92>0.7; many_blocks_above_0.01=24,,,"[18, 19, 20, 21, 22, 23, 24]",block_size=256 spans ~4.9 token rows; cannot resolve sub-block spatial detail
X->X,4,6,DENSE,0.5,DENSE: entropy=0.75>0.7; many_blocks_above_0.01=37,,,,block_size=256 spans ~4.9 token rows; cannot resolve sub-block spatial detail
X->R1,4,6,DENSE,0.5,DENSE: entropy=0.77>0.7; many_blocks_above_0.01=34,,,,block_size=256 spans ~4.9 token rows; cannot resolve sub-block spatial detail
R1->X,4,6,DENSE,0.5,DENSE: entropy=0.77>0.7; many_blocks_above_0.01=30,,,,block_size=256 spans ~4.9 token rows; cannot resolve sub-block spatial detail
X->P,4,7,DENSE,0.5,DENSE: entropy=0.93>0.7; many_blocks_above_0.01=27,,,"[17, 27]",block_size=256 spans ~4.9 token rows; cannot resolve sub-block spatial detail
X->X,4,7,DENSE,0.5,DENSE: entropy=0.81>0.7; many_blocks_above_0.01=40,,,,block_size=256 spans ~4.9 token rows; cannot resolve sub-block spatial detail
X->S,4,7,DENSE,0.5,DENSE: entropy=0.76>0.7; many_blocks_above_0.01=28,,,,block_size=256 spans ~4.9 token rows; cannot resolve sub-block spatial detail
X->R1,4,7,DENSE,0.5,DENSE: entropy=0.81>0.7; many_blocks_above_0.01=36,,,,block_size=256 spans ~4.9 token rows; cannot resolve sub-block spatial detail
S->X,4,7,DENSE,0.5,DENSE: entropy=0.88>0.7; many_blocks_above_0.01=26,,,,block_size=256 spans ~4.9 token rows; cannot resolve sub-block spatial detail
S->S,4,7,DENSE,0.5,DENSE: entropy=0.76>0.7; many_blocks_above_0.01=30,,,,block_size=256 spans ~4.9 token rows; cannot resolve sub-block spatial detail
R1->X,4,7,DENSE,0.7666666666666666,DENSE: entropy=0.86>0.7; max_block=0.026<0.03; many_blocks_above_0.01=35,,,,block_size=256 spans ~4.9 token rows; cannot resolve sub-block spatial detail
R1->R1,4,7,DENSE,0.5,DENSE: entropy=0.74>0.7; many_blocks_above_0.01=32,,,,block_size=256 spans ~4.9 token rows; cannot resolve sub-block spatial detail
P->X,4,8,DENSE,0.5,DENSE: entropy=0.94>0.7; many_blocks_above_0.01=29,,,"[0, 1, 2, 3, 4, 5, 6, 7, 8, 9, 10, 11, 12, 13, 14, 15, 16, 17, 18, 19, 20, 21, 22, 23, 24, 25, 26, 27]",block_size=256 spans ~4.9 token rows; cannot resolve sub-block spatial detail
P->X,4,9,DENSE,0.5,DENSE: entropy=0.97>0.7; many_blocks_above_0.01=30,,,"[0, 1, 2, 3, 4, 5, 6, 7, 8, 9, 10, 11, 12, 13, 14, 15, 16, 17, 18, 19, 20, 21, 22, 23, 24, 25, 26, 27]",block_size=256 spans ~4.9 token rows; cannot resolve sub-block spatial detail
X->P,4,9,DENSE,0.5,DENSE: entropy=0.95>0.7; many_blocks_above_0.01=27,,,,block_size=256 spans ~4.9 token rows; cannot resolve sub-block spatial detail
X->X,4,9,DENSE,0.5,DENSE: entropy=0.74>0.7; many_blocks_above_0.01=36,,,,block_size=256 spans ~4.9 token rows; cannot resolve sub-block spatial detail
R1->X,4,9,DENSE,0.5,DENSE: entropy=0.77>0.7; many_blocks_above_0.01=34,,,,block_size=256 spans ~4.9 token rows; cannot resolve sub-block spatial detail
P->X,4,10,DENSE,0.5,DENSE: entropy=0.96>0.7; many_blocks_above_0.01=32,,,"[0, 1, 2, 3, 4, 5, 6, 7, 8, 9, 10, 11, 12, 13, 14, 15, 16, 17, 18, 19, 20, 21, 22, 23, 24, 25, 26, 27]",block_size=256 spans ~4.9 token rows; cannot resolve sub-block spatial detail
P->S,4,10,DENSE,0.5,DENSE: entropy=0.94>0.7; many_blocks_above_0.01=29,,,"[0, 1, 2, 3, 4, 5, 6, 7, 8, 9, 10, 11, 12, 13, 14, 15, 16, 17, 18, 19, 20, 21, 22, 23, 24, 25, 26, 27]",block_size=256 spans ~4.9 token rows; cannot resolve sub-block spatial detail
P->R1,4,10,DENSE,0.5,DENSE: entropy=0.98>0.7; many_blocks_above_0.01=34,,,"[0, 1, 2, 3, 4, 5, 6, 7, 8, 9, 10, 11, 12, 13, 14, 15, 16, 17, 18, 19, 20, 21, 22, 23, 24, 25, 26, 27]",block_size=256 spans ~4.9 token rows; cannot resolve sub-block spatial detail
X->X,4,10,DENSE,0.7666666666666666,DENSE: entropy=0.91>0.7; max_block=0.020<0.03; many_blocks_above_0.01=31,,,,block_size=256 spans ~4.9 token rows; cannot resolve sub-block spatial detail
X->S,4,10,DENSE,0.5,DENSE: entropy=0.85>0.7; many_blocks_above_0.01=25,,,,block_size=256 spans ~4.9 token rows; cannot resolve sub-block spatial detail
X->R1,4,10,DENSE,0.5,DENSE: entropy=0.84>0.7; many_blocks_above_0.01=31,,,,block_size=256 spans ~4.9 token rows; cannot resolve sub-block spatial detail
S->X,4,10,DENSE,0.3333333333333333,DENSE: entropy=0.94>0.7,,,,block_size=256 spans ~4.9 token rows; cannot resolve sub-block spatial detail
S->S,4,10,DENSE,0.7666666666666666,DENSE: entropy=0.88>0.7; max_block=0.030<0.03; many_blocks_above_0.01=27,,,,block_size=256 spans ~4.9 token rows; cannot resolve sub-block spatial detail
S->R1,4,10,DENSE,0.6,DENSE: entropy=0.93>0.7; max_block=0.025<0.03,,,,block_size=256 spans ~4.9 token rows; cannot resolve sub-block spatial detail
R1->S,4,10,DENSE,0.3333333333333333,DENSE: entropy=0.92>0.7,,,,block_size=256 spans ~4.9 token rows; cannot resolve sub-block spatial detail
R1->R1,4,10,DENSE,0.7666666666666666,DENSE: entropy=0.86>0.7; max_block=0.030<0.03; many_blocks_above_0.01=31,,,,block_size=256 spans ~4.9 token rows; cannot resolve sub-block spatial detail
P->X,4,11,DENSE,0.5,DENSE: entropy=0.92>0.7; many_blocks_above_0.01=25,,,"[0, 1, 2, 3, 4, 5, 6, 7, 8]",block_size=256 spans ~4.9 token rows; cannot resolve sub-block spatial detail
X->P,4,11,DENSE,0.5,DENSE: entropy=0.95>0.7; many_blocks_above_0.01=28,,,,block_size=256 spans ~4.9 token rows; cannot resolve sub-block spatial detail
X->X,4,11,DENSE,0.6,DENSE: entropy=0.95>0.7; max_block=0.018<0.03,,,,block_size=256 spans ~4.9 token rows; cannot resolve sub-block spatial detail
X->S,4,11,DENSE,0.3333333333333333,DENSE: entropy=0.87>0.7,,,,block_size=256 spans ~4.9 token rows; cannot resolve sub-block spatial detail
X->R1,4,11,DENSE,0.6,DENSE: entropy=0.94>0.7; max_block=0.021<0.03,,,,block_size=256 spans ~4.9 token rows; cannot resolve sub-block spatial detail
S->P,4,11,DENSE,0.5,DENSE: entropy=0.90>0.7; many_blocks_above_0.01=20,,,,block_size=256 spans ~4.9 token rows; cannot resolve sub-block spatial detail
S->X,4,11,DENSE,0.3333333333333333,DENSE: entropy=0.82>0.7,,,,block_size=256 spans ~4.9 token rows; cannot resolve sub-block spatial detail
S->R1,4,11,DENSE,0.6,DENSE: entropy=0.93>0.7; max_block=0.025<0.03,,,,block_size=256 spans ~4.9 token rows; cannot resolve sub-block spatial detail
R1->P,4,11,DENSE,0.3333333333333333,DENSE: entropy=0.87>0.7,,,,block_size=256 spans ~4.9 token rows; cannot resolve sub-block spatial detail
R1->X,4,11,DENSE,0.6,DENSE: entropy=0.95>0.7; max_block=0.018<0.03,,,,block_size=256 spans ~4.9 token rows; cannot resolve sub-block spatial detail
R1->S,4,11,DENSE,0.6,DENSE: entropy=0.93>0.7; max_block=0.030<0.03,,,,block_size=256 spans ~4.9 token rows; cannot resolve sub-block spatial detail
R1->R1,4,11,DENSE,0.5,DENSE: entropy=0.89>0.7; many_blocks_above_0.01=21,,,,block_size=256 spans ~4.9 token rows; cannot resolve sub-block spatial detail
P->X,4,12,DENSE,0.5,DENSE: entropy=0.97>0.7; many_blocks_above_0.01=32,,,"[0, 1, 2, 3, 4, 5, 6, 7, 8, 9, 10, 11, 12, 13, 14, 15, 16, 17, 18, 19, 20, 21, 22, 23, 24, 25, 26]",block_size=256 spans ~4.9 token rows; cannot resolve sub-block spatial detail
P->R1,4,12,DENSE,0.5,DENSE: entropy=0.98>0.7; many_blocks_above_0.01=34,,,"[0, 1, 2, 3, 4, 5, 6, 7, 8, 9, 10, 11, 12, 13, 14, 15, 16, 17, 18, 19, 20, 21, 22, 23, 24, 25, 26, 27]",block_size=256 spans ~4.9 token rows; cannot resolve sub-block spatial detail
X->P,4,12,DENSE,0.5,DENSE: entropy=0.97>0.7; many_blocks_above_0.01=32,,,,block_size=256 spans ~4.9 token rows; cannot resolve sub-block spatial detail
X->P,4,13,DENSE,0.5,DENSE: entropy=0.93>0.7; many_blocks_above_0.01=26,,,,block_size=256 spans ~4.9 token rows; cannot resolve sub-block spatial detail
X->S,4,13,DENSE,0.3333333333333333,DENSE: entropy=0.78>0.7,,,,block_size=256 spans ~4.9 token rows; cannot resolve sub-block spatial detail
X->R1,4,13,DENSE,0.5,DENSE: entropy=0.77>0.7; many_blocks_above_0.01=29,,,,block_size=256 spans ~4.9 token rows; cannot resolve sub-block spatial detail
S->P,4,13,DENSE,0.5,DENSE: entropy=0.99>0.7; many_blocks_above_0.01=33,,,,block_size=256 spans ~4.9 token rows; cannot resolve sub-block spatial detail
S->X,4,13,DENSE,0.3333333333333333,DENSE: entropy=0.88>0.7,,,,block_size=256 spans ~4.9 token rows; cannot resolve sub-block spatial detail
S->S,4,13,DENSE,0.5,DENSE: entropy=0.83>0.7; many_blocks_above_0.01=22,,,,block_size=256 spans ~4.9 token rows; cannot resolve sub-block spatial detail
S->R1,4,13,DENSE,0.3333333333333333,DENSE: entropy=0.84>0.7,,,,block_size=256 spans ~4.9 token rows; cannot resolve sub-block spatial detail
R1->P,4,13,DENSE,0.5,DENSE: entropy=0.98>0.7; many_blocks_above_0.01=33,,,,block_size=256 spans ~4.9 token rows; cannot resolve sub-block spatial detail
R1->X,4,13,DENSE,0.5,DENSE: entropy=0.77>0.7; many_blocks_above_0.01=29,,,,block_size=256 spans ~4.9 token rows; cannot resolve sub-block spatial detail
P->X,4,14,DENSE,0.5,DENSE: entropy=0.98>0.7; many_blocks_above_0.01=32,,,"[0, 1, 2, 3, 4, 5, 6, 7, 8, 9, 10, 11, 12, 13, 14, 15, 16, 17, 18, 19, 20, 21, 22, 23, 24, 25, 26, 27]",block_size=256 spans ~4.9 token rows; cannot resolve sub-block spatial detail
P->S,4,14,DENSE,0.5,DENSE: entropy=0.94>0.7; many_blocks_above_0.01=32,,,"[0, 1, 2, 3, 4, 5, 6, 7, 8, 9, 10, 11, 12, 13, 14, 15, 16, 17, 18, 19, 20, 21, 22, 23, 24, 25, 26, 27]",block_size=256 spans ~4.9 token rows; cannot resolve sub-block spatial detail
X->P,4,14,DENSE,0.5,DENSE: entropy=0.96>0.7; many_blocks_above_0.01=30,,,,block_size=256 spans ~4.9 token rows; cannot resolve sub-block spatial detail
X->X,4,14,DENSE,0.5,DENSE: entropy=0.86>0.7; many_blocks_above_0.01=35,,,,block_size=256 spans ~4.9 token rows; cannot resolve sub-block spatial detail
X->S,4,14,DENSE,0.5,DENSE: entropy=0.84>0.7; many_blocks_above_0.01=23,,,,block_size=256 spans ~4.9 token rows; cannot resolve sub-block spatial detail
X->R1,4,14,DENSE,0.7666666666666666,DENSE: entropy=0.85>0.7; max_block=0.027<0.03; many_blocks_above_0.01=33,,,,block_size=256 spans ~4.9 token rows; cannot resolve sub-block spatial detail
S->P,4,14,DENSE,0.5,DENSE: entropy=0.96>0.7; many_blocks_above_0.01=30,,,,block_size=256 spans ~4.9 token rows; cannot resolve sub-block spatial detail
S->X,4,14,DENSE,0.5,DENSE: entropy=0.88>0.7; many_blocks_above_0.01=26,,,,block_size=256 spans ~4.9 token rows; cannot resolve sub-block spatial detail
S->S,4,14,DENSE,0.7666666666666666,DENSE: entropy=0.84>0.7; max_block=0.030<0.03; many_blocks_above_0.01=37,,,,block_size=256 spans ~4.9 token rows; cannot resolve sub-block spatial detail
S->R1,4,14,DENSE,0.5,DENSE: entropy=0.89>0.7; many_blocks_above_0.01=22,,,,block_size=256 spans ~4.9 token rows; cannot resolve sub-block spatial detail
R1->P,4,14,DENSE,0.5,DENSE: entropy=0.94>0.7; many_blocks_above_0.01=30,,,,block_size=256 spans ~4.9 token rows; cannot resolve sub-block spatial detail
R1->X,4,14,DENSE,0.5,DENSE: entropy=0.86>0.7; many_blocks_above_0.01=31,,,,block_size=256 spans ~4.9 token rows; cannot resolve sub-block spatial detail
R1->S,4,14,DENSE,0.3333333333333333,DENSE: entropy=0.83>0.7,,,,block_size=256 spans ~4.9 token rows; cannot resolve sub-block spatial detail
R1->R1,4,14,DENSE,0.5,DENSE: entropy=0.82>0.7; many_blocks_above_0.01=38,,,,block_size=256 spans ~4.9 token rows; cannot resolve sub-block spatial detail
S->P,4,15,DENSE,0.3333333333333333,DENSE: entropy=0.71>0.7,,,,block_size=256 spans ~4.9 token rows; cannot resolve sub-block spatial detail
R1->P,4,15,DENSE,0.3333333333333333,DENSE: entropy=0.75>0.7,,,,block_size=256 spans ~4.9 token rows; cannot resolve sub-block spatial detail
P->X,4,16,DENSE,0.5,DENSE: entropy=0.98>0.7; many_blocks_above_0.01=32,,,"[0, 1, 2, 3, 4, 5, 6, 7, 8, 9, 10, 11, 12, 13, 14, 15, 16, 17, 18, 19, 20, 21, 22, 23, 24, 25, 26, 27]",block_size=256 spans ~4.9 token rows; cannot resolve sub-block spatial detail
X->P,4,16,DENSE,0.5,DENSE: entropy=0.93>0.7; many_blocks_above_0.01=28,,,,block_size=256 spans ~4.9 token rows; cannot resolve sub-block spatial detail
P->X,4,17,DENSE,0.5,DENSE: entropy=0.98>0.7; many_blocks_above_0.01=32,,,"[0, 1, 2, 3, 4, 5, 6, 7, 8, 9, 10, 11, 12, 13, 14, 15, 16, 17, 18, 19, 20, 21, 22, 23, 24, 25, 26, 27]",block_size=256 spans ~4.9 token rows; cannot resolve sub-block spatial detail
X->P,4,17,DENSE,0.5,DENSE: entropy=0.91>0.7; many_blocks_above_0.01=22,,,,block_size=256 spans ~4.9 token rows; cannot resolve sub-block spatial detail
P->X,4,18,DENSE,0.5,DENSE: entropy=0.94>0.7; many_blocks_above_0.01=29,,,"[0, 1, 2, 3, 4, 5, 6, 7, 8, 9, 10, 11, 12, 13, 14, 15, 16, 17, 18, 19, 20, 21, 22, 23, 24, 25, 26, 27]",block_size=256 spans ~4.9 token rows; cannot resolve sub-block spatial detail
X->P,4,18,DENSE,0.5,DENSE: entropy=0.96>0.7; many_blocks_above_0.01=31,,,,block_size=256 spans ~4.9 token rows; cannot resolve sub-block spatial detail
X->X,4,18,DENSE,0.5,DENSE: entropy=0.75>0.7; many_blocks_above_0.01=31,,,,block_size=256 spans ~4.9 token rows; cannot resolve sub-block spatial detail
X->R1,4,18,DENSE,0.5,DENSE: entropy=0.75>0.7; many_blocks_above_0.01=33,,,,block_size=256 spans ~4.9 token rows; cannot resolve sub-block spatial detail
S->P,4,18,DENSE,0.5,DENSE: entropy=0.98>0.7; many_blocks_above_0.01=33,,,,block_size=256 spans ~4.9 token rows; cannot resolve sub-block spatial detail
R1->P,4,18,DENSE,0.5,DENSE: entropy=0.99>0.7; many_blocks_above_0.01=34,,,,block_size=256 spans ~4.9 token rows; cannot resolve sub-block spatial detail
R1->X,4,18,DENSE,0.7666666666666666,DENSE: entropy=0.90>0.7; max_block=0.030<0.03; many_blocks_above_0.01=29,,,,block_size=256 spans ~4.9 token rows; cannot resolve sub-block spatial detail
P->X,4,19,DENSE,0.5,DENSE: entropy=0.97>0.7; many_blocks_above_0.01=32,,,"[0, 1, 2, 3, 4, 5, 6, 7, 8, 9, 10, 11, 12, 13, 14, 15, 16, 17, 18, 19, 20, 21, 22, 23, 24, 25, 26, 27]",block_size=256 spans ~4.9 token rows; cannot resolve sub-block spatial detail
X->P,4,19,DENSE,0.5,DENSE: entropy=0.96>0.7; many_blocks_above_0.01=31,,,,block_size=256 spans ~4.9 token rows; cannot resolve sub-block spatial detail
X->X,4,19,DENSE,0.5,DENSE: entropy=0.76>0.7; many_blocks_above_0.01=33,,,,block_size=256 spans ~4.9 token rows; cannot resolve sub-block spatial detail
X->R1,4,19,DENSE,0.5,DENSE: entropy=0.75>0.7; many_blocks_above_0.01=31,,,,block_size=256 spans ~4.9 token rows; cannot resolve sub-block spatial detail
S->P,4,19,DENSE,0.5,DENSE: entropy=0.96>0.7; many_blocks_above_0.01=32,,,,block_size=256 spans ~4.9 token rows; cannot resolve sub-block spatial detail
S->S,4,19,DENSE,0.5,DENSE: entropy=0.75>0.7; many_blocks_above_0.01=35,,,,block_size=256 spans ~4.9 token rows; cannot resolve sub-block spatial detail
S->R1,4,19,DENSE,0.5,DENSE: entropy=0.76>0.7; many_blocks_above_0.01=28,,,,block_size=256 spans ~4.9 token rows; cannot resolve sub-block spatial detail
R1->P,4,19,DENSE,0.5,DENSE: entropy=0.93>0.7; many_blocks_above_0.01=27,,,,block_size=256 spans ~4.9 token rows; cannot resolve sub-block spatial detail
R1->X,4,19,DENSE,0.5,DENSE: entropy=0.80>0.7; many_blocks_above_0.01=29,,,,block_size=256 spans ~4.9 token rows; cannot resolve sub-block spatial detail
R1->R1,4,19,DENSE,0.5,DENSE: entropy=0.76>0.7; many_blocks_above_0.01=36,,,,block_size=256 spans ~4.9 token rows; cannot resolve sub-block spatial detail
P->X,4,20,DENSE,0.5,DENSE: entropy=0.94>0.7; many_blocks_above_0.01=28,,,"[0, 1, 2, 3, 4, 5, 6, 7, 8, 9, 10, 11, 12, 13, 14, 15, 16, 17, 18, 19, 20, 21, 22, 23, 24, 25, 26, 27]",block_size=256 spans ~4.9 token rows; cannot resolve sub-block spatial detail
X->P,4,20,DENSE,0.5,DENSE: entropy=0.96>0.7; many_blocks_above_0.01=32,,,,block_size=256 spans ~4.9 token rows; cannot resolve sub-block spatial detail
S->P,4,20,DENSE,0.5,DENSE: entropy=0.92>0.7; many_blocks_above_0.01=22,,,,block_size=256 spans ~4.9 token rows; cannot resolve sub-block spatial detail
R1->P,4,20,DENSE,0.5,DENSE: entropy=0.94>0.7; many_blocks_above_0.01=29,,,,block_size=256 spans ~4.9 token rows; cannot resolve sub-block spatial detail
R1->X,4,20,DENSE,0.5,DENSE: entropy=0.76>0.7; many_blocks_above_0.01=29,,,,block_size=256 spans ~4.9 token rows; cannot resolve sub-block spatial detail
P->X,4,21,DENSE,0.5,DENSE: entropy=0.97>0.7; many_blocks_above_0.01=31,,,"[0, 1, 2, 3, 4, 5, 6, 7, 8, 9, 10, 11, 12, 13, 14, 15, 16, 17, 18, 19, 20, 21, 22, 23, 24, 25, 26, 27]",block_size=256 spans ~4.9 token rows; cannot resolve sub-block spatial detail
X->P,4,21,DENSE,0.5,DENSE: entropy=0.84>0.7; many_blocks_above_0.01=24,,,,block_size=256 spans ~4.9 token rows; cannot resolve sub-block spatial detail
X->X,4,22,DENSE,0.5,DENSE: entropy=0.81>0.7; many_blocks_above_0.01=34,,,,block_size=256 spans ~4.9 token rows; cannot resolve sub-block spatial detail
X->S,4,22,DENSE,0.5,DENSE: entropy=0.76>0.7; many_blocks_above_0.01=24,,,,block_size=256 spans ~4.9 token rows; cannot resolve sub-block spatial detail
X->R1,4,22,DENSE,0.5,DENSE: entropy=0.81>0.7; many_blocks_above_0.01=32,,,,block_size=256 spans ~4.9 token rows; cannot resolve sub-block spatial detail
S->X,4,22,DENSE,0.7666666666666666,DENSE: entropy=0.90>0.7; max_block=0.026<0.03; many_blocks_above_0.01=27,,,,block_size=256 spans ~4.9 token rows; cannot resolve sub-block spatial detail
S->S,4,22,DENSE,0.5,DENSE: entropy=0.83>0.7; many_blocks_above_0.01=35,,,,block_size=256 spans ~4.9 token rows; cannot resolve sub-block spatial detail
S->R1,4,22,DENSE,0.3333333333333333,DENSE: entropy=0.79>0.7,,,,block_size=256 spans ~4.9 token rows; cannot resolve sub-block spatial detail
R1->X,4,22,DENSE,0.7666666666666666,DENSE: entropy=0.86>0.7; max_block=0.026<0.03; many_blocks_above_0.01=34,,,,block_size=256 spans ~4.9 token rows; cannot resolve sub-block spatial detail
R1->R1,4,22,DENSE,0.5,DENSE: entropy=0.80>0.7; many_blocks_above_0.01=36,,,,block_size=256 spans ~4.9 token rows; cannot resolve sub-block spatial detail
P->X,4,23,DENSE,0.5,DENSE: entropy=0.98>0.7; many_blocks_above_0.01=32,,,"[0, 1, 2, 3, 4, 5, 6, 7, 8, 9, 10, 11, 12, 13, 14, 15, 16, 17, 18, 19, 20, 21, 22, 23, 24, 25, 26, 27]",block_size=256 spans ~4.9 token rows; cannot resolve sub-block spatial detail
X->P,4,23,DENSE,0.5,DENSE: entropy=0.94>0.7; many_blocks_above_0.01=29,,,,block_size=256 spans ~4.9 token rows; cannot resolve sub-block spatial detail
P->X,5,0,DENSE,0.5,DENSE: entropy=0.99>0.7; many_blocks_above_0.01=32,,,,block_size=256 spans ~4.9 token rows; cannot resolve sub-block spatial detail
X->P,5,0,DENSE,0.3333333333333333,DENSE: entropy=0.86>0.7,,,,block_size=256 spans ~4.9 token rows; cannot resolve sub-block spatial detail
S->P,5,0,DENSE,0.3333333333333333,DENSE: entropy=0.85>0.7,,,,block_size=256 spans ~4.9 token rows; cannot resolve sub-block spatial detail
S->R1,5,0,DENSE,0.3333333333333333,DENSE: entropy=0.82>0.7,,,,block_size=256 spans ~4.9 token rows; cannot resolve sub-block spatial detail
R1->P,5,0,DENSE,0.3333333333333333,DENSE: entropy=0.84>0.7,,,,block_size=256 spans ~4.9 token rows; cannot resolve sub-block spatial detail
R1->S,5,0,DENSE,0.5,DENSE: entropy=0.87>0.7; many_blocks_above_0.01=20,,,,block_size=256 spans ~4.9 token rows; cannot resolve sub-block spatial detail
P->X,5,1,DENSE,0.5,DENSE: entropy=0.94>0.7; many_blocks_above_0.01=27,,,,block_size=256 spans ~4.9 token rows; cannot resolve sub-block spatial detail
P->S,5,1,DENSE,0.5,DENSE: entropy=0.84>0.7; many_blocks_above_0.01=24,,,,block_size=256 spans ~4.9 token rows; cannot resolve sub-block spatial detail
X->P,5,1,DENSE,0.5,DENSE: entropy=0.92>0.7; many_blocks_above_0.01=25,,,,block_size=256 spans ~4.9 token rows; cannot resolve sub-block spatial detail
X->X,5,1,DENSE,0.5,DENSE: entropy=0.84>0.7; many_blocks_above_0.01=34,,,,block_size=256 spans ~4.9 token rows; cannot resolve sub-block spatial detail
S->P,5,1,DENSE,0.5,DENSE: entropy=0.94>0.7; many_blocks_above_0.01=31,,,,block_size=256 spans ~4.9 token rows; cannot resolve sub-block spatial detail
S->X,5,1,DENSE,0.5,DENSE: entropy=0.83>0.7; many_blocks_above_0.01=21,,,,block_size=256 spans ~4.9 token rows; cannot resolve sub-block spatial detail
S->S,5,1,DENSE,0.5,DENSE: entropy=0.82>0.7; many_blocks_above_0.01=36,,,,block_size=256 spans ~4.9 token rows; cannot resolve sub-block spatial detail
R1->P,5,1,DENSE,0.5,DENSE: entropy=0.89>0.7; many_blocks_above_0.01=27,,,,block_size=256 spans ~4.9 token rows; cannot resolve sub-block spatial detail
R1->X,5,1,DENSE,0.5,DENSE: entropy=0.88>0.7; many_blocks_above_0.01=25,,,,block_size=256 spans ~4.9 token rows; cannot resolve sub-block spatial detail
R1->S,5,1,DENSE,0.5,DENSE: entropy=0.77>0.7; many_blocks_above_0.01=22,,,,block_size=256 spans ~4.9 token rows; cannot resolve sub-block spatial detail
R1->R1,5,1,DENSE,0.5,DENSE: entropy=0.83>0.7; many_blocks_above_0.01=37,,,,block_size=256 spans ~4.9 token rows; cannot resolve sub-block spatial detail
P->X,5,2,DENSE,0.5,DENSE: entropy=0.94>0.7; many_blocks_above_0.01=29,,,,block_size=256 spans ~4.9 token rows; cannot resolve sub-block spatial detail
P->S,5,2,DENSE,0.5,DENSE: entropy=0.85>0.7; many_blocks_above_0.01=28,,,[0],block_size=256 spans ~4.9 token rows; cannot resolve sub-block spatial detail
P->R1,5,2,DENSE,0.5,DENSE: entropy=0.91>0.7; many_blocks_above_0.01=26,,,"[0, 1, 10, 11, 12, 13, 14, 15, 16, 17, 18, 19, 20, 21, 22, 27]",block_size=256 spans ~4.9 token rows; cannot resolve sub-block spatial detail
X->P,5,2,DENSE,0.3333333333333333,DENSE: entropy=0.89>0.7,,,,block_size=256 spans ~4.9 token rows; cannot resolve sub-block spatial detail
S->P,5,2,DENSE,0.5,DENSE: entropy=0.93>0.7; many_blocks_above_0.01=29,,,,block_size=256 spans ~4.9 token rows; cannot resolve sub-block spatial detail
R1->P,5,2,DENSE,0.5,DENSE: entropy=0.94>0.7; many_blocks_above_0.01=30,,,,block_size=256 spans ~4.9 token rows; cannot resolve sub-block spatial detail
P->X,5,3,DENSE,0.5,DENSE: entropy=0.97>0.7; many_blocks_above_0.01=32,,,"[0, 1, 2]",block_size=256 spans ~4.9 token rows; cannot resolve sub-block spatial detail
P->S,5,3,DENSE,0.5,DENSE: entropy=0.93>0.7; many_blocks_above_0.01=31,,,"[1, 2, 3, 4, 5, 6, 7, 8, 9, 10, 11, 12, 13, 14, 15, 16, 17, 18, 19, 20, 21, 22]",block_size=256 spans ~4.9 token rows; cannot resolve sub-block spatial detail
P->R1,5,3,DENSE,0.5,DENSE: entropy=0.95>0.7; many_blocks_above_0.01=31,,,"[3, 4, 5, 6, 7, 8, 9, 10, 11, 12, 13, 14, 15, 16, 17, 18, 19, 20, 21, 22, 23, 24, 25, 26, 27]",block_size=256 spans ~4.9 token rows; cannot resolve sub-block spatial detail
X->P,5,3,DENSE,0.5,DENSE: entropy=0.95>0.7; many_blocks_above_0.01=26,,,,block_size=256 spans ~4.9 token rows; cannot resolve sub-block spatial detail
X->X,5,3,DENSE,0.7666666666666666,DENSE: entropy=0.91>0.7; max_block=0.020<0.03; many_blocks_above_0.01=31,,,,block_size=256 spans ~4.9 token rows; cannot resolve sub-block spatial detail
X->S,5,3,DENSE,0.5,DENSE: entropy=0.83>0.7; many_blocks_above_0.01=24,,,,block_size=256 spans ~4.9 token rows; cannot resolve sub-block spatial detail
X->R1,5,3,DENSE,0.7666666666666666,DENSE: entropy=0.90>0.7; max_block=0.023<0.03; many_blocks_above_0.01=26,,,,block_size=256 spans ~4.9 token rows; cannot resolve sub-block spatial detail
S->P,5,3,DENSE,0.5,DENSE: entropy=0.98>0.7; many_blocks_above_0.01=34,,,,block_size=256 spans ~4.9 token rows; cannot resolve sub-block spatial detail
S->S,5,3,DENSE,0.7666666666666666,DENSE: entropy=0.86>0.7; max_block=0.021<0.03; many_blocks_above_0.01=36,,,,block_size=256 spans ~4.9 token rows; cannot resolve sub-block spatial detail
S->R1,5,3,DENSE,0.3333333333333333,DENSE: entropy=0.78>0.7,,,,block_size=256 spans ~4.9 token rows; cannot resolve sub-block spatial detail
R1->P,5,3,DENSE,0.5,DENSE: entropy=0.96>0.7; many_blocks_above_0.01=33,,,,block_size=256 spans ~4.9 token rows; cannot resolve sub-block spatial detail
R1->X,5,3,DENSE,0.7666666666666666,DENSE: entropy=0.93>0.7; max_block=0.017<0.03; many_blocks_above_0.01=24,,,,block_size=256 spans ~4.9 token rows; cannot resolve sub-block spatial detail
R1->S,5,3,DENSE,0.3333333333333333,DENSE: entropy=0.80>0.7,,,,block_size=256 spans ~4.9 token rows; cannot resolve sub-block spatial detail
R1->R1,5,3,DENSE,0.5,DENSE: entropy=0.86>0.7; many_blocks_above_0.01=32,,,,block_size=256 spans ~4.9 token rows; cannot resolve sub-block spatial detail
P->X,5,4,DENSE,0.5,DENSE: entropy=0.94>0.7; many_blocks_above_0.01=27,,,,block_size=256 spans ~4.9 token rows; cannot resolve sub-block spatial detail
X->P,5,4,DENSE,0.5,DENSE: entropy=0.95>0.7; many_blocks_above_0.01=30,,,,block_size=256 spans ~4.9 token rows; cannot resolve sub-block spatial detail
X->X,5,4,DENSE,0.6,DENSE: entropy=0.94>0.7; max_block=0.020<0.03,,,,block_size=256 spans ~4.9 token rows; cannot resolve sub-block spatial detail
S->P,5,4,DENSE,0.5,DENSE: entropy=0.97>0.7; many_blocks_above_0.01=34,,,,block_size=256 spans ~4.9 token rows; cannot resolve sub-block spatial detail
S->X,5,4,DENSE,0.6,DENSE: entropy=0.95>0.7; max_block=0.025<0.03,,,,block_size=256 spans ~4.9 token rows; cannot resolve sub-block spatial detail
S->S,5,4,DENSE,0.6,DENSE: entropy=0.92>0.7; max_block=0.026<0.03,,,,block_size=256 spans ~4.9 token rows; cannot resolve sub-block spatial detail
R1->P,5,4,DENSE,0.5,DENSE: entropy=0.96>0.7; many_blocks_above_0.01=34,,,,block_size=256 spans ~4.9 token rows; cannot resolve sub-block spatial detail
R1->S,5,4,DENSE,0.3333333333333333,DENSE: entropy=0.91>0.7,,,,block_size=256 spans ~4.9 token rows; cannot resolve sub-block spatial detail
R1->R1,5,4,DENSE,0.6,DENSE: entropy=0.92>0.7; max_block=0.030<0.03,,,,block_size=256 spans ~4.9 token rows; cannot resolve sub-block spatial detail
P->X,5,5,DENSE,0.5,DENSE: entropy=0.95>0.7; many_blocks_above_0.01=27,,,"[3, 4, 5, 6, 7, 8, 9, 10, 11, 12, 13, 14, 15, 16, 17, 18, 19, 20, 21, 22, 23, 24, 25, 26, 27]",block_size=256 spans ~4.9 token rows; cannot resolve sub-block spatial detail
X->P,5,5,DENSE,0.5,DENSE: entropy=0.90>0.7; many_blocks_above_0.01=29,,,,block_size=256 spans ~4.9 token rows; cannot resolve sub-block spatial detail
X->X,5,5,DENSE,0.5,DENSE: entropy=0.75>0.7; many_blocks_above_0.01=35,,,,block_size=256 spans ~4.9 token rows; cannot resolve sub-block spatial detail
S->P,5,5,DENSE,0.5,DENSE: entropy=0.94>0.7; many_blocks_above_0.01=33,,,,block_size=256 spans ~4.9 token rows; cannot resolve sub-block spatial detail
S->X,5,5,DENSE,0.5,DENSE: entropy=0.75>0.7; many_blocks_above_0.01=25,,,,block_size=256 spans ~4.9 token rows; cannot resolve sub-block spatial detail
S->S,5,5,DENSE,0.5,DENSE: entropy=0.74>0.7; many_blocks_above_0.01=38,,,,block_size=256 spans ~4.9 token rows; cannot resolve sub-block spatial detail
S->R1,5,5,DENSE,0.5,DENSE: entropy=0.79>0.7; many_blocks_above_0.01=29,,,,block_size=256 spans ~4.9 token rows; cannot resolve sub-block spatial detail
R1->P,5,5,DENSE,0.5,DENSE: entropy=0.92>0.7; many_blocks_above_0.01=30,,,,block_size=256 spans ~4.9 token rows; cannot resolve sub-block spatial detail
R1->X,5,5,DENSE,0.5,DENSE: entropy=0.78>0.7; many_blocks_above_0.01=34,,,,block_size=256 spans ~4.9 token rows; cannot resolve sub-block spatial detail
R1->R1,5,5,DENSE,0.5,DENSE: entropy=0.72>0.7; many_blocks_above_0.01=34,,,,block_size=256 spans ~4.9 token rows; cannot resolve sub-block spatial detail
P->X,5,6,DENSE,0.5,DENSE: entropy=0.97>0.7; many_blocks_above_0.01=32,,,,block_size=256 spans ~4.9 token rows; cannot resolve sub-block spatial detail
P->S,5,6,DENSE,0.5,DENSE: entropy=0.94>0.7; many_blocks_above_0.01=34,,,"[0, 1, 2, 3, 4, 5, 6, 7, 8, 9, 10, 11, 12, 13, 14, 15, 16, 17, 18, 19, 20, 21, 22, 23, 24, 25, 26, 27]",block_size=256 spans ~4.9 token rows; cannot resolve sub-block spatial detail
P->R1,5,6,DENSE,0.5,DENSE: entropy=0.97>0.7; many_blocks_above_0.01=32,,,"[0, 1, 2, 3, 4, 5, 6, 7, 8, 9, 10, 11, 12, 13, 14, 15, 16, 17, 18, 19, 20, 21, 22, 23, 24, 25, 26, 27]",block_size=256 spans ~4.9 token rows; cannot resolve sub-block spatial detail
X->X,5,6,DENSE,0.7666666666666666,DENSE: entropy=0.91>0.7; max_block=0.022<0.03; many_blocks_above_0.01=26,,,,block_size=256 spans ~4.9 token rows; cannot resolve sub-block spatial detail
S->P,5,6,DENSE,0.5,DENSE: entropy=0.96>0.7; many_blocks_above_0.01=31,,,,block_size=256 spans ~4.9 token rows; cannot resolve sub-block spatial detail
S->X,5,6,DENSE,0.6,DENSE: entropy=0.96>0.7; max_block=0.016<0.03,,,,block_size=256 spans ~4.9 token rows; cannot resolve sub-block spatial detail
S->S,5,6,DENSE,0.7666666666666666,DENSE: entropy=0.90>0.7; max_block=0.029<0.03; many_blocks_above_0.01=23,,,,block_size=256 spans ~4.9 token rows; cannot resolve sub-block spatial detail
R1->P,5,6,DENSE,0.5,DENSE: entropy=0.94>0.7; many_blocks_above_0.01=27,,,,block_size=256 spans ~4.9 token rows; cannot resolve sub-block spatial detail
R1->X,5,6,DENSE,0.6,DENSE: entropy=0.97>0.7; max_block=0.013<0.03,,,,block_size=256 spans ~4.9 token rows; cannot resolve sub-block spatial detail
R1->R1,5,6,DENSE,0.6,DENSE: entropy=0.93>0.7; max_block=0.027<0.03,,,,block_size=256 spans ~4.9 token rows; cannot resolve sub-block spatial detail
P->X,5,7,DENSE,0.5,DENSE: entropy=0.96>0.7; many_blocks_above_0.01=31,,,,block_size=256 spans ~4.9 token rows; cannot resolve sub-block spatial detail
P->S,5,7,DENSE,0.5,DENSE: entropy=0.73>0.7; many_blocks_above_0.01=21,,,"[0, 1]",block_size=256 spans ~4.9 token rows; cannot resolve sub-block spatial detail
X->P,5,7,DENSE,0.5,DENSE: entropy=0.94>0.7; many_blocks_above_0.01=31,,,,block_size=256 spans ~4.9 token rows; cannot resolve sub-block spatial detail
X->X,5,7,DENSE,0.7666666666666666,DENSE: entropy=0.92>0.7; max_block=0.018<0.03; many_blocks_above_0.01=27,,,,block_size=256 spans ~4.9 token rows; cannot resolve sub-block spatial detail
X->P,5,8,DENSE,0.3333333333333333,DENSE: entropy=0.83>0.7,,,,block_size=256 spans ~4.9 token rows; cannot resolve sub-block spatial detail
P->X,5,9,DENSE,0.5,DENSE: entropy=0.96>0.7; many_blocks_above_0.01=29,,,,block_size=256 spans ~4.9 token rows; cannot resolve sub-block spatial detail
P->S,5,9,DENSE,0.5,DENSE: entropy=0.84>0.7; many_blocks_above_0.01=23,,,,block_size=256 spans ~4.9 token rows; cannot resolve sub-block spatial detail
X->P,5,9,DENSE,0.5,DENSE: entropy=0.93>0.7; many_blocks_above_0.01=26,,,,block_size=256 spans ~4.9 token rows; cannot resolve sub-block spatial detail
P->X,5,10,DENSE,0.5,DENSE: entropy=0.97>0.7; many_blocks_above_0.01=31,,,,block_size=256 spans ~4.9 token rows; cannot resolve sub-block spatial detail
P->S,5,10,DENSE,0.5,DENSE: entropy=0.88>0.7; many_blocks_above_0.01=29,,,"[0, 1]",block_size=256 spans ~4.9 token rows; cannot resolve sub-block spatial detail
X->P,5,10,DENSE,0.5,DENSE: entropy=0.96>0.7; many_blocks_above_0.01=30,,,,block_size=256 spans ~4.9 token rows; cannot resolve sub-block spatial detail
X->X,5,10,DENSE,0.5,DENSE: entropy=0.77>0.7; many_blocks_above_0.01=32,,,,block_size=256 spans ~4.9 token rows; cannot resolve sub-block spatial detail
X->S,5,10,DENSE,0.5,DENSE: entropy=0.76>0.7; many_blocks_above_0.01=24,,,,block_size=256 spans ~4.9 token rows; cannot resolve sub-block spatial detail
X->R1,5,10,DENSE,0.5,DENSE: entropy=0.78>0.7; many_blocks_above_0.01=35,,,,block_size=256 spans ~4.9 token rows; cannot resolve sub-block spatial detail
S->P,5,10,DENSE,0.5,DENSE: entropy=0.95>0.7; many_blocks_above_0.01=32,,,,block_size=256 spans ~4.9 token rows; cannot resolve sub-block spatial detail
S->X,5,10,DENSE,0.5,DENSE: entropy=0.81>0.7; many_blocks_above_0.01=23,,,,block_size=256 spans ~4.9 token rows; cannot resolve sub-block spatial detail
S->S,5,10,DENSE,0.5,DENSE: entropy=0.77>0.7; many_blocks_above_0.01=32,,,,block_size=256 spans ~4.9 token rows; cannot resolve sub-block spatial detail
S->R1,5,10,DENSE,0.3333333333333333,DENSE: entropy=0.79>0.7,,,,block_size=256 spans ~4.9 token rows; cannot resolve sub-block spatial detail
R1->X,5,10,DENSE,0.5,DENSE: entropy=0.83>0.7; many_blocks_above_0.01=30,,,,block_size=256 spans ~4.9 token rows; cannot resolve sub-block spatial detail
X->P,5,11,DENSE,0.5,DENSE: entropy=0.92>0.7; many_blocks_above_0.01=24,,,,block_size=256 spans ~4.9 token rows; cannot resolve sub-block spatial detail
X->X,5,11,DENSE,0.7666666666666666,DENSE: entropy=0.92>0.7; max_block=0.021<0.03; many_blocks_above_0.01=26,,,,block_size=256 spans ~4.9 token rows; cannot resolve sub-block spatial detail
X->S,5,11,DENSE,0.5,DENSE: entropy=0.89>0.7; many_blocks_above_0.01=24,,,,block_size=256 spans ~4.9 token rows; cannot resolve sub-block spatial detail
X->R1,5,11,DENSE,0.7666666666666666,DENSE: entropy=0.91>0.7; max_block=0.025<0.03; many_blocks_above_0.01=27,,,,block_size=256 spans ~4.9 token rows; cannot resolve sub-block spatial detail
S->X,5,11,DENSE,0.3333333333333333,DENSE: entropy=0.92>0.7,,,,block_size=256 spans ~4.9 token rows; cannot resolve sub-block spatial detail
S->S,5,11,DENSE,0.7666666666666666,DENSE: entropy=0.89>0.7; max_block=0.020<0.03; many_blocks_above_0.01=28,,,,block_size=256 spans ~4.9 token rows; cannot resolve sub-block spatial detail
S->R1,5,11,DENSE,0.3333333333333333,DENSE: entropy=0.90>0.7,,,,block_size=256 spans ~4.9 token rows; cannot resolve sub-block spatial detail
R1->X,5,11,DENSE,0.6,DENSE: entropy=0.93>0.7; max_block=0.018<0.03,,,,block_size=256 spans ~4.9 token rows; cannot resolve sub-block spatial detail
R1->S,5,11,DENSE,0.3333333333333333,DENSE: entropy=0.83>0.7,,,,block_size=256 spans ~4.9 token rows; cannot resolve sub-block spatial detail
X->P,5,12,DENSE,0.5,DENSE: entropy=0.93>0.7; many_blocks_above_0.01=29,,,,block_size=256 spans ~4.9 token rows; cannot resolve sub-block spatial detail
S->P,5,12,DENSE,0.5,DENSE: entropy=0.93>0.7; many_blocks_above_0.01=28,,,,block_size=256 spans ~4.9 token rows; cannot resolve sub-block spatial detail
R1->P,5,12,DENSE,0.5,DENSE: entropy=0.90>0.7; many_blocks_above_0.01=24,,,,block_size=256 spans ~4.9 token rows; cannot resolve sub-block spatial detail
P->X,5,13,DENSE,0.5,DENSE: entropy=0.96>0.7; many_blocks_above_0.01=31,,,"[0, 1, 2, 3, 4, 5, 6, 7, 8, 9, 10, 11, 12, 13, 14, 15, 27]",block_size=256 spans ~4.9 token rows; cannot resolve sub-block spatial detail
P->S,5,13,DENSE,0.5,DENSE: entropy=0.92>0.7; many_blocks_above_0.01=26,,,"[0, 1, 2, 3, 4, 5, 6, 7, 8, 9, 10, 11, 12, 13, 14, 15, 16, 17, 18, 19, 20, 21, 22, 23, 24, 25, 26, 27]",block_size=256 spans ~4.9 token rows; cannot resolve sub-block spatial detail
P->R1,5,13,DENSE,0.5,DENSE: entropy=0.94>0.7; many_blocks_above_0.01=29,,,"[1, 2, 3, 4, 5, 6, 7, 8, 9, 10, 11, 12, 13, 14, 15, 16, 17, 18, 19, 20, 21, 22, 23, 24, 25, 26, 27]",block_size=256 spans ~4.9 token rows; cannot resolve sub-block spatial detail
X->P,5,13,DENSE,0.5,DENSE: entropy=0.98>0.7; many_blocks_above_0.01=32,,,,block_size=256 spans ~4.9 token rows; cannot resolve sub-block spatial detail
X->X,5,13,DENSE,0.6,DENSE: entropy=0.94>0.7; max_block=0.017<0.03,,,,block_size=256 spans ~4.9 token rows; cannot resolve sub-block spatial detail
X->S,5,13,DENSE,0.5,DENSE: entropy=0.88>0.7; many_blocks_above_0.01=22,,,,block_size=256 spans ~4.9 token rows; cannot resolve sub-block spatial detail
X->R1,5,13,DENSE,0.5,DENSE: entropy=0.90>0.7; many_blocks_above_0.01=21,,,,block_size=256 spans ~4.9 token rows; cannot resolve sub-block spatial detail
S->P,5,13,DENSE,0.5,DENSE: entropy=0.97>0.7; many_blocks_above_0.01=32,,,,block_size=256 spans ~4.9 token rows; cannot resolve sub-block spatial detail
S->X,5,13,DENSE,0.6,DENSE: entropy=0.94>0.7; max_block=0.017<0.03,,,,block_size=256 spans ~4.9 token rows; cannot resolve sub-block spatial detail
S->S,5,13,DENSE,0.7666666666666666,DENSE: entropy=0.89>0.7; max_block=0.022<0.03; many_blocks_above_0.01=27,,,,block_size=256 spans ~4.9 token rows; cannot resolve sub-block spatial detail
S->R1,5,13,DENSE,0.3333333333333333,DENSE: entropy=0.90>0.7,,,,block_size=256 spans ~4.9 token rows; cannot resolve sub-block spatial detail
R1->P,5,13,DENSE,0.5,DENSE: entropy=0.96>0.7; many_blocks_above_0.01=32,,,,block_size=256 spans ~4.9 token rows; cannot resolve sub-block spatial detail
R1->X,5,13,DENSE,0.6,DENSE: entropy=0.94>0.7; max_block=0.015<0.03,,,,block_size=256 spans ~4.9 token rows; cannot resolve sub-block spatial detail
R1->S,5,13,DENSE,0.3333333333333333,DENSE: entropy=0.89>0.7,,,,block_size=256 spans ~4.9 token rows; cannot resolve sub-block spatial detail
R1->R1,5,13,DENSE,0.5,DENSE: entropy=0.89>0.7; many_blocks_above_0.01=20,,,,block_size=256 spans ~4.9 token rows; cannot resolve sub-block spatial detail
P->X,5,14,DENSE,0.5,DENSE: entropy=0.97>0.7; many_blocks_above_0.01=32,,,,block_size=256 spans ~4.9 token rows; cannot resolve sub-block spatial detail
P->S,5,14,DENSE,0.5,DENSE: entropy=0.93>0.7; many_blocks_above_0.01=28,,,"[0, 1, 2, 3, 4, 5, 6, 7, 8, 9, 10, 11, 12, 13, 14, 15, 16, 17, 18, 19, 20, 21, 22, 23, 24, 25]",block_size=256 spans ~4.9 token rows; cannot resolve sub-block spatial detail
P->R1,5,14,DENSE,0.5,DENSE: entropy=0.97>0.7; many_blocks_above_0.01=34,,,"[0, 1, 2, 3, 4, 5, 6, 7, 8, 9, 10, 11, 12, 13, 14, 15, 16, 17, 18, 19, 20, 21, 22, 23, 24, 25, 26, 27]",block_size=256 spans ~4.9 token rows; cannot resolve sub-block spatial detail
X->P,5,14,DENSE,0.5,DENSE: entropy=0.94>0.7; many_blocks_above_0.01=28,,,,block_size=256 spans ~4.9 token rows; cannot resolve sub-block spatial detail
X->S,5,14,DENSE,0.6,DENSE: entropy=0.94>0.7; max_block=0.026<0.03,,,,block_size=256 spans ~4.9 token rows; cannot resolve sub-block spatial detail
X->R1,5,14,DENSE,0.6,DENSE: entropy=0.96>0.7; max_block=0.018<0.03,,,,block_size=256 spans ~4.9 token rows; cannot resolve sub-block spatial detail
S->P,5,14,DENSE,0.5,DENSE: entropy=0.96>0.7; many_blocks_above_0.01=34,,,,block_size=256 spans ~4.9 token rows; cannot resolve sub-block spatial detail
S->X,5,14,DENSE,0.6,DENSE: entropy=0.97>0.7; max_block=0.018<0.03,,,,block_size=256 spans ~4.9 token rows; cannot resolve sub-block spatial detail
R1->P,5,14,DENSE,0.5,DENSE: entropy=0.95>0.7; many_blocks_above_0.01=31,,,,block_size=256 spans ~4.9 token rows; cannot resolve sub-block spatial detail
R1->R1,5,14,DENSE,0.6,DENSE: entropy=0.95>0.7; max_block=0.021<0.03,,,,block_size=256 spans ~4.9 token rows; cannot resolve sub-block spatial detail
P->X,5,16,DENSE,0.5,DENSE: entropy=0.96>0.7; many_blocks_above_0.01=30,,,[0],block_size=256 spans ~4.9 token rows; cannot resolve sub-block spatial detail
P->S,5,16,DENSE,0.3333333333333333,DENSE: entropy=0.78>0.7,,,,block_size=256 spans ~4.9 token rows; cannot resolve sub-block spatial detail
P->R1,5,16,DENSE,0.5,DENSE: entropy=0.95>0.7; many_blocks_above_0.01=30,,,"[0, 1, 2, 3, 4, 5, 6, 7, 8, 9, 10, 11, 12, 13, 14, 15, 16, 17, 18, 19, 20, 21, 22, 23, 24, 25, 26, 27]",block_size=256 spans ~4.9 token rows; cannot resolve sub-block spatial detail
X->P,5,16,DENSE,0.5,DENSE: entropy=0.93>0.7; many_blocks_above_0.01=27,,,,block_size=256 spans ~4.9 token rows; cannot resolve sub-block spatial detail
X->X,5,16,DENSE,0.5,DENSE: entropy=0.85>0.7; many_blocks_above_0.01=37,,,,block_size=256 spans ~4.9 token rows; cannot resolve sub-block spatial detail
X->S,5,16,DENSE,0.5,DENSE: entropy=0.75>0.7; many_blocks_above_0.01=24,,,,block_size=256 spans ~4.9 token rows; cannot resolve sub-block spatial detail
X->R1,5,16,DENSE,0.5,DENSE: entropy=0.83>0.7; many_blocks_above_0.01=35,,,,block_size=256 spans ~4.9 token rows; cannot resolve sub-block spatial detail
S->P,5,16,DENSE,0.5,DENSE: entropy=0.95>0.7; many_blocks_above_0.01=33,,,,block_size=256 spans ~4.9 token rows; cannot resolve sub-block spatial detail
S->X,5,16,DENSE,0.5,DENSE: entropy=0.84>0.7; many_blocks_above_0.01=23,,,,block_size=256 spans ~4.9 token rows; cannot resolve sub-block spatial detail
S->S,5,16,DENSE,0.5,DENSE: entropy=0.82>0.7; many_blocks_above_0.01=35,,,,block_size=256 spans ~4.9 token rows; cannot resolve sub-block spatial detail
S->R1,5,16,DENSE,0.3333333333333333,DENSE: entropy=0.77>0.7,,,,block_size=256 spans ~4.9 token rows; cannot resolve sub-block spatial detail
R1->P,5,16,DENSE,0.5,DENSE: entropy=0.96>0.7; many_blocks_above_0.01=33,,,,block_size=256 spans ~4.9 token rows; cannot resolve sub-block spatial detail
R1->X,5,16,DENSE,0.5,DENSE: entropy=0.88>0.7; many_blocks_above_0.01=31,,,,block_size=256 spans ~4.9 token rows; cannot resolve sub-block spatial detail
R1->S,5,16,DENSE,0.3333333333333333,DENSE: entropy=0.79>0.7,,,,block_size=256 spans ~4.9 token rows; cannot resolve sub-block spatial detail
R1->R1,5,16,DENSE,0.5,DENSE: entropy=0.82>0.7; many_blocks_above_0.01=31,,,,block_size=256 spans ~4.9 token rows; cannot resolve sub-block spatial detail
P->P,5,17,DENSE,0.3333333333333333,DENSE: entropy=0.73>0.7,,,,block_size=256 spans ~4.9 token rows; cannot resolve sub-block spatial detail
P->X,5,17,DENSE,0.5,DENSE: entropy=0.94>0.7; many_blocks_above_0.01=28,,,,block_size=256 spans ~4.9 token rows; cannot resolve sub-block spatial detail
X->P,5,17,DENSE,0.3333333333333333,DENSE: entropy=0.86>0.7,,,,block_size=256 spans ~4.9 token rows; cannot resolve sub-block spatial detail
S->P,5,17,DENSE,0.3333333333333333,DENSE: entropy=0.90>0.7,,,,block_size=256 spans ~4.9 token rows; cannot resolve sub-block spatial detail
R1->P,5,17,DENSE,0.3333333333333333,DENSE: entropy=0.90>0.7,,,,block_size=256 spans ~4.9 token rows; cannot resolve sub-block spatial detail
R1->X,5,17,DENSE,0.5,DENSE: entropy=0.78>0.7; many_blocks_above_0.01=32,,,,block_size=256 spans ~4.9 token rows; cannot resolve sub-block spatial detail
X->P,5,18,DENSE,0.5,DENSE: entropy=0.92>0.7; many_blocks_above_0.01=23,,,,block_size=256 spans ~4.9 token rows; cannot resolve sub-block spatial detail
S->P,5,18,DENSE,0.5,DENSE: entropy=0.98>0.7; many_blocks_above_0.01=34,,,,block_size=256 spans ~4.9 token rows; cannot resolve sub-block spatial detail
R1->P,5,18,DENSE,0.5,DENSE: entropy=0.97>0.7; many_blocks_above_0.01=33,,,,block_size=256 spans ~4.9 token rows; cannot resolve sub-block spatial detail
P->S,5,19,DENSE,0.5,DENSE: entropy=0.74>0.7; many_blocks_above_0.01=21,,,,block_size=256 spans ~4.9 token rows; cannot resolve sub-block spatial detail
X->P,5,19,DENSE,0.3333333333333333,DENSE: entropy=0.87>0.7,,,,block_size=256 spans ~4.9 token rows; cannot resolve sub-block spatial detail
X->X,5,19,DENSE,0.5,DENSE: entropy=0.74>0.7; many_blocks_above_0.01=28,,,,block_size=256 spans ~4.9 token rows; cannot resolve sub-block spatial detail
R1->X,5,19,DENSE,0.5,DENSE: entropy=0.82>0.7; many_blocks_above_0.01=29,,,,block_size=256 spans ~4.9 token rows; cannot resolve sub-block spatial detail
P->X,5,20,DENSE,0.5,DENSE: entropy=0.97>0.7; many_blocks_above_0.01=31,,,"[0, 1, 2, 3, 4, 5, 6, 7, 8, 9, 10, 11, 12, 13, 14, 15, 16, 17, 18, 19, 20, 21, 22, 23, 24, 25, 26, 27]",block_size=256 spans ~4.9 token rows; cannot resolve sub-block spatial detail
X->X,5,20,DENSE,0.3333333333333333,DENSE: entropy=0.89>0.7,,,,block_size=256 spans ~4.9 token rows; cannot resolve sub-block spatial detail
S->X,5,20,DENSE,0.6,DENSE: entropy=0.94>0.7; max_block=0.023<0.03,,,,block_size=256 spans ~4.9 token rows; cannot resolve sub-block spatial detail
S->S,5,20,DENSE,0.3333333333333333,DENSE: entropy=0.83>0.7,,,,block_size=256 spans ~4.9 token rows; cannot resolve sub-block spatial detail
R1->X,5,20,DENSE,0.6,DENSE: entropy=0.94>0.7; max_block=0.025<0.03,,,[0],block_size=256 spans ~4.9 token rows; cannot resolve sub-block spatial detail
R1->S,5,20,DENSE,0.7666666666666666,DENSE: entropy=0.90>0.7; max_block=0.026<0.03; many_blocks_above_0.01=25,,,,block_size=256 spans ~4.9 token rows; cannot resolve sub-block spatial detail
R1->R1,5,20,DENSE,0.3333333333333333,DENSE: entropy=0.91>0.7,,,,block_size=256 spans ~4.9 token rows; cannot resolve sub-block spatial detail
P->X,5,21,DENSE,0.5,DENSE: entropy=0.98>0.7; many_blocks_above_0.01=32,,,,block_size=256 spans ~4.9 token rows; cannot resolve sub-block spatial detail
P->S,5,21,DENSE,0.5,DENSE: entropy=0.95>0.7; many_blocks_above_0.01=32,,,"[2, 3, 4, 5, 6, 7, 8, 9, 10, 11, 12, 13, 14, 15, 16, 17, 18, 19, 20, 21, 22, 23, 24, 25, 26]",block_size=256 spans ~4.9 token rows; cannot resolve sub-block spatial detail
P->R1,5,21,DENSE,0.5,DENSE: entropy=0.97>0.7; many_blocks_above_0.01=33,,,"[0, 1, 2, 3, 4, 5, 6, 7, 8, 9, 10, 11, 12, 13, 14, 15, 16, 17, 18, 19, 20, 21, 22, 23, 24, 25, 26, 27]",block_size=256 spans ~4.9 token rows; cannot resolve sub-block spatial detail
X->P,5,21,DENSE,0.5,DENSE: entropy=0.95>0.7; many_blocks_above_0.01=29,,,,block_size=256 spans ~4.9 token rows; cannot resolve sub-block spatial detail
X->X,5,21,DENSE,0.6,DENSE: entropy=0.94>0.7; max_block=0.016<0.03,,,,block_size=256 spans ~4.9 token rows; cannot resolve sub-block spatial detail
X->S,5,21,DENSE,0.7666666666666666,DENSE: entropy=0.92>0.7; max_block=0.029<0.03; many_blocks_above_0.01=22,,,,block_size=256 spans ~4.9 token rows; cannot resolve sub-block spatial detail
X->R1,5,21,DENSE,0.7666666666666666,DENSE: entropy=0.93>0.7; max_block=0.019<0.03; many_blocks_above_0.01=20,,,,block_size=256 spans ~4.9 token rows; cannot resolve sub-block spatial detail
S->P,5,21,DENSE,0.5,DENSE: entropy=0.99>0.7; many_blocks_above_0.01=34,,,,block_size=256 spans ~4.9 token rows; cannot resolve sub-block spatial detail
S->X,5,21,DENSE,0.6,DENSE: entropy=0.95>0.7; max_block=0.017<0.03,,,,block_size=256 spans ~4.9 token rows; cannot resolve sub-block spatial detail
S->S,5,21,DENSE,0.6,DENSE: entropy=0.93>0.7; max_block=0.020<0.03,,,,block_size=256 spans ~4.9 token rows; cannot resolve sub-block spatial detail
S->R1,5,21,DENSE,0.6,DENSE: entropy=0.93>0.7; max_block=0.029<0.03,,,,block_size=256 spans ~4.9 token rows; cannot resolve sub-block spatial detail
R1->P,5,21,DENSE,0.5,DENSE: entropy=0.99>0.7; many_blocks_above_0.01=34,,,,block_size=256 spans ~4.9 token rows; cannot resolve sub-block spatial detail
R1->S,5,21,DENSE,0.6,DENSE: entropy=0.95>0.7; max_block=0.016<0.03,,,,block_size=256 spans ~4.9 token rows; cannot resolve sub-block spatial detail
P->P,5,22,DENSE,0.3333333333333333,DENSE: entropy=0.87>0.7,,,,block_size=256 spans ~4.9 token rows; cannot resolve sub-block spatial detail
P->X,5,22,DENSE,0.5,DENSE: entropy=0.96>0.7; many_blocks_above_0.01=30,,,,block_size=256 spans ~4.9 token rows; cannot resolve sub-block spatial detail
P->S,5,22,DENSE,0.5,DENSE: entropy=0.88>0.7; many_blocks_above_0.01=27,,,,block_size=256 spans ~4.9 token rows; cannot resolve sub-block spatial detail
P->R1,5,22,DENSE,0.5,DENSE: entropy=0.93>0.7; many_blocks_above_0.01=30,,,"[0, 1, 2, 3, 4, 5, 6, 7, 8, 9, 10, 11, 12, 13, 14, 15, 16, 17, 18, 19, 20, 21, 22, 23, 27]",block_size=256 spans ~4.9 token rows; cannot resolve sub-block spatial detail
X->R1,5,22,DENSE,0.5,DENSE: entropy=0.75>0.7; many_blocks_above_0.01=35,,,,block_size=256 spans ~4.9 token rows; cannot resolve sub-block spatial detail
S->P,5,22,DENSE,0.5,DENSE: entropy=0.87>0.7; many_blocks_above_0.01=21,,,,block_size=256 spans ~4.9 token rows; cannot resolve sub-block spatial detail
S->X,5,22,DENSE,0.5,DENSE: entropy=0.83>0.7; many_blocks_above_0.01=28,,,,block_size=256 spans ~4.9 token rows; cannot resolve sub-block spatial detail
R1->P,5,22,DENSE,0.5,DENSE: entropy=0.86>0.7; many_blocks_above_0.01=24,,,,block_size=256 spans ~4.9 token rows; cannot resolve sub-block spatial detail
P->X,5,23,DENSE,0.5,DENSE: entropy=0.92>0.7; many_blocks_above_0.01=26,,,,block_size=256 spans ~4.9 token rows; cannot resolve sub-block spatial detail
X->P,5,23,DENSE,0.5,DENSE: entropy=0.92>0.7; many_blocks_above_0.01=27,,,,block_size=256 spans ~4.9 token rows; cannot resolve sub-block spatial detail
X->X,5,23,DENSE,0.5,DENSE: entropy=0.82>0.7; many_blocks_above_0.01=29,,,,block_size=256 spans ~4.9 token rows; cannot resolve sub-block spatial detail
S->P,5,23,DENSE,0.5,DENSE: entropy=0.93>0.7; many_blocks_above_0.01=26,,,,block_size=256 spans ~4.9 token rows; cannot resolve sub-block spatial detail
S->X,5,23,DENSE,0.3333333333333333,DENSE: entropy=0.79>0.7,,,,block_size=256 spans ~4.9 token rows; cannot resolve sub-block spatial detail
S->S,5,23,DENSE,0.5,DENSE: entropy=0.79>0.7; many_blocks_above_0.01=29,,,,block_size=256 spans ~4.9 token rows; cannot resolve sub-block spatial detail
R1->P,5,23,DENSE,0.5,DENSE: entropy=0.93>0.7; many_blocks_above_0.01=25,,,,block_size=256 spans ~4.9 token rows; cannot resolve sub-block spatial detail
R1->X,5,23,DENSE,0.5,DENSE: entropy=0.88>0.7; many_blocks_above_0.01=26,,,,block_size=256 spans ~4.9 token rows; cannot resolve sub-block spatial detail
R1->S,5,23,DENSE,0.3333333333333333,DENSE: entropy=0.81>0.7,,,,block_size=256 spans ~4.9 token rows; cannot resolve sub-block spatial detail
R1->R1,5,23,DENSE,0.5,DENSE: entropy=0.82>0.7; many_blocks_above_0.01=24,,,,block_size=256 spans ~4.9 token rows; cannot resolve sub-block spatial detail
P->X,6,0,DENSE,0.5,DENSE: entropy=0.94>0.7; many_blocks_above_0.01=28,,,,block_size=256 spans ~4.9 token rows; cannot resolve sub-block spatial detail
P->S,6,0,DENSE,0.5,DENSE: entropy=0.86>0.7; many_blocks_above_0.01=22,,,"[1, 2, 3, 4]",block_size=256 spans ~4.9 token rows; cannot resolve sub-block spatial detail
P->R1,6,0,DENSE,0.5,DENSE: entropy=0.90>0.7; many_blocks_above_0.01=27,,,"[10, 11, 12, 13, 14, 15, 16, 17, 18, 19, 20, 21, 22, 23]",block_size=256 spans ~4.9 token rows; cannot resolve sub-block spatial detail
X->P,6,0,DENSE,0.5,DENSE: entropy=0.93>0.7; many_blocks_above_0.01=27,,,,block_size=256 spans ~4.9 token rows; cannot resolve sub-block spatial detail
X->X,6,0,DENSE,0.5,DENSE: entropy=0.74>0.7; many_blocks_above_0.01=31,,,,block_size=256 spans ~4.9 token rows; cannot resolve sub-block spatial detail
X->R1,6,0,DENSE,0.5,DENSE: entropy=0.78>0.7; many_blocks_above_0.01=32,,,,block_size=256 spans ~4.9 token rows; cannot resolve sub-block spatial detail
S->P,6,0,DENSE,0.5,DENSE: entropy=0.81>0.7; many_blocks_above_0.01=23,,,,block_size=256 spans ~4.9 token rows; cannot resolve sub-block spatial detail
R1->X,6,0,DENSE,0.5,DENSE: entropy=0.77>0.7; many_blocks_above_0.01=30,,,,block_size=256 spans ~4.9 token rows; cannot resolve sub-block spatial detail
R1->R1,6,0,DENSE,0.5,DENSE: entropy=0.76>0.7; many_blocks_above_0.01=31,,,,block_size=256 spans ~4.9 token rows; cannot resolve sub-block spatial detail
P->X,6,1,DENSE,0.5,DENSE: entropy=0.93>0.7; many_blocks_above_0.01=28,,,"[26, 27]",block_size=256 spans ~4.9 token rows; cannot resolve sub-block spatial detail
X->P,6,1,DENSE,0.5,DENSE: entropy=0.92>0.7; many_blocks_above_0.01=25,,,,block_size=256 spans ~4.9 token rows; cannot resolve sub-block spatial detail
X->X,6,1,DENSE,0.5,DENSE: entropy=0.73>0.7; many_blocks_above_0.01=31,,,,block_size=256 spans ~4.9 token rows; cannot resolve sub-block spatial detail
X->R1,6,1,DENSE,0.5,DENSE: entropy=0.75>0.7; many_blocks_above_0.01=30,,,,block_size=256 spans ~4.9 token rows; cannot resolve sub-block spatial detail
S->P,6,1,DENSE,0.5,DENSE: entropy=0.93>0.7; many_blocks_above_0.01=30,,,,block_size=256 spans ~4.9 token rows; cannot resolve sub-block spatial detail
S->S,6,1,DENSE,0.5,DENSE: entropy=0.79>0.7; many_blocks_above_0.01=35,,,,block_size=256 spans ~4.9 token rows; cannot resolve sub-block spatial detail
R1->P,6,1,DENSE,0.5,DENSE: entropy=0.88>0.7; many_blocks_above_0.01=24,,,,block_size=256 spans ~4.9 token rows; cannot resolve sub-block spatial detail
R1->X,6,1,DENSE,0.5,DENSE: entropy=0.78>0.7; many_blocks_above_0.01=26,,,,block_size=256 spans ~4.9 token rows; cannot resolve sub-block spatial detail
P->X,6,2,DENSE,0.5,DENSE: entropy=0.93>0.7; many_blocks_above_0.01=27,,,"[0, 1, 2, 3]",block_size=256 spans ~4.9 token rows; cannot resolve sub-block spatial detail
P->S,6,2,DENSE,0.5,DENSE: entropy=0.93>0.7; many_blocks_above_0.01=27,,,"[0, 1, 2, 3, 4, 5, 6, 7, 8, 9, 10, 11, 12, 13, 14, 15, 16, 17, 18, 19, 20, 21, 22, 23, 24, 25, 26, 27]",block_size=256 spans ~4.9 token rows; cannot resolve sub-block spatial detail
P->R1,6,2,DENSE,0.5,DENSE: entropy=0.89>0.7; many_blocks_above_0.01=25,,,"[7, 23, 24, 25, 26, 27]",block_size=256 spans ~4.9 token rows; cannot resolve sub-block spatial detail
X->P,6,2,DENSE,0.3333333333333333,DENSE: entropy=0.90>0.7,,,,block_size=256 spans ~4.9 token rows; cannot resolve sub-block spatial detail
X->X,6,2,DENSE,0.5,DENSE: entropy=0.90>0.7; many_blocks_above_0.01=26,,,,block_size=256 spans ~4.9 token rows; cannot resolve sub-block spatial detail
X->S,6,2,DENSE,0.5,DENSE: entropy=0.88>0.7; many_blocks_above_0.01=23,,,,block_size=256 spans ~4.9 token rows; cannot resolve sub-block spatial detail
X->R1,6,2,DENSE,0.5,DENSE: entropy=0.85>0.7; many_blocks_above_0.01=24,,,,block_size=256 spans ~4.9 token rows; cannot resolve sub-block spatial detail
S->P,6,2,DENSE,0.5,DENSE: entropy=0.91>0.7; many_blocks_above_0.01=23,,,,block_size=256 spans ~4.9 token rows; cannot resolve sub-block spatial detail
S->X,6,2,DENSE,0.6,DENSE: entropy=0.94>0.7; max_block=0.028<0.03,,,,block_size=256 spans ~4.9 token rows; cannot resolve sub-block spatial detail
S->S,6,2,DENSE,0.6,DENSE: entropy=0.93>0.7; max_block=0.020<0.03,,,,block_size=256 spans ~4.9 token rows; cannot resolve sub-block spatial detail
S->R1,6,2,DENSE,0.3333333333333333,DENSE: entropy=0.90>0.7,,,,block_size=256 spans ~4.9 token rows; cannot resolve sub-block spatial detail
R1->P,6,2,DENSE,0.3333333333333333,DENSE: entropy=0.90>0.7,,,,block_size=256 spans ~4.9 token rows; cannot resolve sub-block spatial detail
R1->X,6,2,DENSE,0.6,DENSE: entropy=0.93>0.7; max_block=0.020<0.03,,,,block_size=256 spans ~4.9 token rows; cannot resolve sub-block spatial detail
R1->S,6,2,DENSE,0.3333333333333333,DENSE: entropy=0.91>0.7,,,,block_size=256 spans ~4.9 token rows; cannot resolve sub-block spatial detail
R1->R1,6,2,DENSE,0.5,DENSE: entropy=0.87>0.7; many_blocks_above_0.01=27,,,,block_size=256 spans ~4.9 token rows; cannot resolve sub-block spatial detail
P->P,6,3,DENSE,0.3333333333333333,DENSE: entropy=0.83>0.7,,,,block_size=256 spans ~4.9 token rows; cannot resolve sub-block spatial detail
P->X,6,3,DENSE,0.5,DENSE: entropy=0.94>0.7; many_blocks_above_0.01=27,,,,block_size=256 spans ~4.9 token rows; cannot resolve sub-block spatial detail
P->S,6,3,DENSE,0.5,DENSE: entropy=0.74>0.7; many_blocks_above_0.01=24,,,,block_size=256 spans ~4.9 token rows; cannot resolve sub-block spatial detail
X->P,6,3,DENSE,0.3333333333333333,DENSE: entropy=0.87>0.7,,,,block_size=256 spans ~4.9 token rows; cannot resolve sub-block spatial detail
S->P,6,3,DENSE,0.3333333333333333,DENSE: entropy=0.86>0.7,,,,block_size=256 spans ~4.9 token rows; cannot resolve sub-block spatial detail
R1->P,6,3,DENSE,0.3333333333333333,DENSE: entropy=0.80>0.7,,,,block_size=256 spans ~4.9 token rows; cannot resolve sub-block spatial detail
P->X,6,4,DENSE,0.5,DENSE: entropy=0.95>0.7; many_blocks_above_0.01=30,,,,block_size=256 spans ~4.9 token rows; cannot resolve sub-block spatial detail
P->S,6,4,DENSE,0.5,DENSE: entropy=0.87>0.7; many_blocks_above_0.01=25,,,"[1, 2, 3, 4, 5]",block_size=256 spans ~4.9 token rows; cannot resolve sub-block spatial detail
X->P,6,4,DENSE,0.5,DENSE: entropy=0.95>0.7; many_blocks_above_0.01=29,,,,block_size=256 spans ~4.9 token rows; cannot resolve sub-block spatial detail
X->X,6,4,DENSE,0.5,DENSE: entropy=0.80>0.7; many_blocks_above_0.01=35,,,,block_size=256 spans ~4.9 token rows; cannot resolve sub-block spatial detail
X->R1,6,4,DENSE,0.5,DENSE: entropy=0.78>0.7; many_blocks_above_0.01=25,,,,block_size=256 spans ~4.9 token rows; cannot resolve sub-block spatial detail
S->P,6,4,DENSE,0.5,DENSE: entropy=0.90>0.7; many_blocks_above_0.01=21,,,,block_size=256 spans ~4.9 token rows; cannot resolve sub-block spatial detail
S->S,6,4,DENSE,0.5,DENSE: entropy=0.82>0.7; many_blocks_above_0.01=31,,,,block_size=256 spans ~4.9 token rows; cannot resolve sub-block spatial detail
R1->P,6,4,DENSE,0.5,DENSE: entropy=0.95>0.7; many_blocks_above_0.01=29,,,,block_size=256 spans ~4.9 token rows; cannot resolve sub-block spatial detail
R1->X,6,4,DENSE,0.5,DENSE: entropy=0.83>0.7; many_blocks_above_0.01=27,,,,block_size=256 spans ~4.9 token rows; cannot resolve sub-block spatial detail
R1->R1,6,4,DENSE,0.5,DENSE: entropy=0.82>0.7; many_blocks_above_0.01=32,,,,block_size=256 spans ~4.9 token rows; cannot resolve sub-block spatial detail
P->X,6,5,DENSE,0.5,DENSE: entropy=0.94>0.7; many_blocks_above_0.01=28,,,[27],block_size=256 spans ~4.9 token rows; cannot resolve sub-block spatial detail
X->P,6,5,DENSE,0.5,DENSE: entropy=0.92>0.7; many_blocks_above_0.01=24,,,,block_size=256 spans ~4.9 token rows; cannot resolve sub-block spatial detail
X->X,6,5,DENSE,0.5,DENSE: entropy=0.84>0.7; many_blocks_above_0.01=35,,,,block_size=256 spans ~4.9 token rows; cannot resolve sub-block spatial detail
S->P,6,5,DENSE,0.3333333333333333,DENSE: entropy=0.90>0.7,,,,block_size=256 spans ~4.9 token rows; cannot resolve sub-block spatial detail
S->S,6,5,DENSE,0.5,DENSE: entropy=0.85>0.7; many_blocks_above_0.01=29,,,,block_size=256 spans ~4.9 token rows; cannot resolve sub-block spatial detail
R1->P,6,5,DENSE,0.5,DENSE: entropy=0.91>0.7; many_blocks_above_0.01=23,,,,block_size=256 spans ~4.9 token rows; cannot resolve sub-block spatial detail
R1->X,6,5,DENSE,0.5,DENSE: entropy=0.88>0.7; many_blocks_above_0.01=28,,,,block_size=256 spans ~4.9 token rows; cannot resolve sub-block spatial detail
R1->R1,6,5,DENSE,0.5,DENSE: entropy=0.86>0.7; many_blocks_above_0.01=26,,,,block_size=256 spans ~4.9 token rows; cannot resolve sub-block spatial detail
P->X,6,6,DENSE,0.5,DENSE: entropy=0.91>0.7; many_blocks_above_0.01=23,,,"[0, 18, 19, 26, 27]",block_size=256 spans ~4.9 token rows; cannot resolve sub-block spatial detail
X->P,6,6,DENSE,0.5,DENSE: entropy=0.91>0.7; many_blocks_above_0.01=23,,,,block_size=256 spans ~4.9 token rows; cannot resolve sub-block spatial detail
X->X,6,6,DENSE,0.7666666666666666,DENSE: entropy=0.90>0.7; max_block=0.025<0.03; many_blocks_above_0.01=27,,,,block_size=256 spans ~4.9 token rows; cannot resolve sub-block spatial detail
S->P,6,6,DENSE,0.5,DENSE: entropy=0.96>0.7; many_blocks_above_0.01=29,,,,block_size=256 spans ~4.9 token rows; cannot resolve sub-block spatial detail
S->X,6,6,DENSE,0.3333333333333333,DENSE: entropy=0.92>0.7,,,,block_size=256 spans ~4.9 token rows; cannot resolve sub-block spatial detail
S->S,6,6,DENSE,0.6,DENSE: entropy=0.92>0.7; max_block=0.021<0.03,,,,block_size=256 spans ~4.9 token rows; cannot resolve sub-block spatial detail
S->R1,6,6,DENSE,0.6,DENSE: entropy=0.93>0.7; max_block=0.020<0.03,,,,block_size=256 spans ~4.9 token rows; cannot resolve sub-block spatial detail
R1->P,6,6,DENSE,0.5,DENSE: entropy=0.96>0.7; many_blocks_above_0.01=30,,,,block_size=256 spans ~4.9 token rows; cannot resolve sub-block spatial detail
R1->X,6,6,DENSE,0.6,DENSE: entropy=0.95>0.7; max_block=0.017<0.03,,,,block_size=256 spans ~4.9 token rows; cannot resolve sub-block spatial detail
R1->S,6,6,DENSE,0.5,DENSE: entropy=0.87>0.7; many_blocks_above_0.01=26,,,,block_size=256 spans ~4.9 token rows; cannot resolve sub-block spatial detail
R1->R1,6,6,DENSE,0.7666666666666666,DENSE: entropy=0.90>0.7; max_block=0.025<0.03; many_blocks_above_0.01=21,,,,block_size=256 spans ~4.9 token rows; cannot resolve sub-block spatial detail
P->X,6,7,DENSE,0.5,DENSE: entropy=0.95>0.7; many_blocks_above_0.01=30,,,,block_size=256 spans ~4.9 token rows; cannot resolve sub-block spatial detail
P->S,6,7,DENSE,0.5,DENSE: entropy=0.87>0.7; many_blocks_above_0.01=26,,,"[0, 1, 2, 3, 4]",block_size=256 spans ~4.9 token rows; cannot resolve sub-block spatial detail
X->P,6,7,DENSE,0.5,DENSE: entropy=0.97>0.7; many_blocks_above_0.01=32,,,,block_size=256 spans ~4.9 token rows; cannot resolve sub-block spatial detail
X->X,6,7,DENSE,0.5,DENSE: entropy=0.76>0.7; many_blocks_above_0.01=38,,,,block_size=256 spans ~4.9 token rows; cannot resolve sub-block spatial detail
X->R1,6,7,DENSE,0.5,DENSE: entropy=0.77>0.7; many_blocks_above_0.01=33,,,,block_size=256 spans ~4.9 token rows; cannot resolve sub-block spatial detail
S->X,6,7,DENSE,0.5,DENSE: entropy=0.74>0.7; many_blocks_above_0.01=26,,,,block_size=256 spans ~4.9 token rows; cannot resolve sub-block spatial detail
S->S,6,7,DENSE,0.5,DENSE: entropy=0.80>0.7; many_blocks_above_0.01=32,,,,block_size=256 spans ~4.9 token rows; cannot resolve sub-block spatial detail
S->R1,6,7,DENSE,0.5,DENSE: entropy=0.76>0.7; many_blocks_above_0.01=28,,,,block_size=256 spans ~4.9 token rows; cannot resolve sub-block spatial detail
R1->X,6,7,DENSE,0.5,DENSE: entropy=0.78>0.7; many_blocks_above_0.01=32,,,,block_size=256 spans ~4.9 token rows; cannot resolve sub-block spatial detail
R1->R1,6,7,DENSE,0.5,DENSE: entropy=0.78>0.7; many_blocks_above_0.01=34,,,,block_size=256 spans ~4.9 token rows; cannot resolve sub-block spatial detail
P->X,6,8,DENSE,0.5,DENSE: entropy=0.95>0.7; many_blocks_above_0.01=29,,,,block_size=256 spans ~4.9 token rows; cannot resolve sub-block spatial detail
P->S,6,8,DENSE,0.5,DENSE: entropy=0.86>0.7; many_blocks_above_0.01=24,,,"[0, 1, 2, 3, 4, 5, 6, 7, 8, 9, 10]",block_size=256 spans ~4.9 token rows; cannot resolve sub-block spatial detail
X->P,6,8,DENSE,0.5,DENSE: entropy=0.90>0.7; many_blocks_above_0.01=27,,,,block_size=256 spans ~4.9 token rows; cannot resolve sub-block spatial detail
P->P,6,9,DENSE,0.3333333333333333,DENSE: entropy=0.88>0.7,,,,block_size=256 spans ~4.9 token rows; cannot resolve sub-block spatial detail
P->X,6,9,DENSE,0.5,DENSE: entropy=0.97>0.7; many_blocks_above_0.01=31,,,"[0, 1]",block_size=256 spans ~4.9 token rows; cannot resolve sub-block spatial detail
P->S,6,9,DENSE,0.5,DENSE: entropy=0.93>0.7; many_blocks_above_0.01=29,,,,block_size=256 spans ~4.9 token rows; cannot resolve sub-block spatial detail
P->R1,6,9,DENSE,0.5,DENSE: entropy=0.89>0.7; many_blocks_above_0.01=25,,,[15],block_size=256 spans ~4.9 token rows; cannot resolve sub-block spatial detail
X->P,6,9,DENSE,0.5,DENSE: entropy=0.95>0.7; many_blocks_above_0.01=30,,,,block_size=256 spans ~4.9 token rows; cannot resolve sub-block spatial detail
X->X,6,9,DENSE,0.7666666666666666,DENSE: entropy=0.85>0.7; max_block=0.027<0.03; many_blocks_above_0.01=37,,,,block_size=256 spans ~4.9 token rows; cannot resolve sub-block spatial detail
X->S,6,9,DENSE,0.5,DENSE: entropy=0.80>0.7; many_blocks_above_0.01=28,,,,block_size=256 spans ~4.9 token rows; cannot resolve sub-block spatial detail
X->R1,6,9,DENSE,0.5,DENSE: entropy=0.84>0.7; many_blocks_above_0.01=34,,,,block_size=256 spans ~4.9 token rows; cannot resolve sub-block spatial detail
S->X,6,9,DENSE,0.5,DENSE: entropy=0.88>0.7; many_blocks_above_0.01=30,,,,block_size=256 spans ~4.9 token rows; cannot resolve sub-block spatial detail
S->S,6,9,DENSE,0.7666666666666666,DENSE: entropy=0.85>0.7; max_block=0.028<0.03; many_blocks_above_0.01=32,,,,block_size=256 spans ~4.9 token rows; cannot resolve sub-block spatial detail
S->R1,6,9,DENSE,0.3333333333333333,DENSE: entropy=0.82>0.7,,,,block_size=256 spans ~4.9 token rows; cannot resolve sub-block spatial detail
R1->X,6,9,DENSE,0.7666666666666666,DENSE: entropy=0.86>0.7; max_block=0.023<0.03; many_blocks_above_0.01=36,,,,block_size=256 spans ~4.9 token rows; cannot resolve sub-block spatial detail
R1->R1,6,9,DENSE,0.5,DENSE: entropy=0.81>0.7; many_blocks_above_0.01=30,,,,block_size=256 spans ~4.9 token rows; cannot resolve sub-block spatial detail
P->X,6,10,DENSE,0.5,DENSE: entropy=0.95>0.7; many_blocks_above_0.01=29,,,,block_size=256 spans ~4.9 token rows; cannot resolve sub-block spatial detail
P->S,6,10,DENSE,0.5,DENSE: entropy=0.81>0.7; many_blocks_above_0.01=22,,,,block_size=256 spans ~4.9 token rows; cannot resolve sub-block spatial detail
P->R1,6,10,DENSE,0.5,DENSE: entropy=0.95>0.7; many_blocks_above_0.01=31,,,"[0, 1, 2, 3, 4, 5, 6, 7, 8, 9, 10, 11, 12, 13, 14, 15, 16, 17, 18, 19, 20, 21, 22, 23, 24, 25, 26, 27]",block_size=256 spans ~4.9 token rows; cannot resolve sub-block spatial detail
X->P,6,10,DENSE,0.5,DENSE: entropy=0.94>0.7; many_blocks_above_0.01=29,,,,block_size=256 spans ~4.9 token rows; cannot resolve sub-block spatial detail
X->R1,6,10,DENSE,0.5,DENSE: entropy=0.75>0.7; many_blocks_above_0.01=31,,,,block_size=256 spans ~4.9 token rows; cannot resolve sub-block spatial detail
S->P,6,10,DENSE,0.5,DENSE: entropy=0.94>0.7; many_blocks_above_0.01=30,,,,block_size=256 spans ~4.9 token rows; cannot resolve sub-block spatial detail
S->X,6,10,DENSE,0.5,DENSE: entropy=0.83>0.7; many_blocks_above_0.01=27,,,,block_size=256 spans ~4.9 token rows; cannot resolve sub-block spatial detail
S->R1,6,10,DENSE,0.3333333333333333,DENSE: entropy=0.78>0.7,,,,block_size=256 spans ~4.9 token rows; cannot resolve sub-block spatial detail
R1->P,6,10,DENSE,0.5,DENSE: entropy=0.95>0.7; many_blocks_above_0.01=33,,,,block_size=256 spans ~4.9 token rows; cannot resolve sub-block spatial detail
R1->X,6,10,DENSE,0.5,DENSE: entropy=0.77>0.7; many_blocks_above_0.01=34,,,,block_size=256 spans ~4.9 token rows; cannot resolve sub-block spatial detail
X->P,6,11,DENSE,0.3333333333333333,DENSE: entropy=0.90>0.7,,,,block_size=256 spans ~4.9 token rows; cannot resolve sub-block spatial detail
S->P,6,11,DENSE,0.5,DENSE: entropy=0.89>0.7; many_blocks_above_0.01=23,,,,block_size=256 spans ~4.9 token rows; cannot resolve sub-block spatial detail
P->X,6,12,DENSE,0.5,DENSE: entropy=0.90>0.7; many_blocks_above_0.01=24,,,[27],block_size=256 spans ~4.9 token rows; cannot resolve sub-block spatial detail
X->P,6,12,DENSE,0.5,DENSE: entropy=0.89>0.7; many_blocks_above_0.01=23,,,,block_size=256 spans ~4.9 token rows; cannot resolve sub-block spatial detail
X->X,6,12,DENSE,0.7666666666666666,DENSE: entropy=0.88>0.7; max_block=0.029<0.03; many_blocks_above_0.01=32,,,,block_size=256 spans ~4.9 token rows; cannot resolve sub-block spatial detail
S->P,6,12,DENSE,0.3333333333333333,DENSE: entropy=0.85>0.7,,,,block_size=256 spans ~4.9 token rows; cannot resolve sub-block spatial detail
S->X,6,12,DENSE,0.5,DENSE: entropy=0.86>0.7; many_blocks_above_0.01=28,,,,block_size=256 spans ~4.9 token rows; cannot resolve sub-block spatial detail
S->S,6,12,DENSE,0.5,DENSE: entropy=0.86>0.7; many_blocks_above_0.01=28,,,,block_size=256 spans ~4.9 token rows; cannot resolve sub-block spatial detail
S->R1,6,12,DENSE,0.5,DENSE: entropy=0.86>0.7; many_blocks_above_0.01=23,,,,block_size=256 spans ~4.9 token rows; cannot resolve sub-block spatial detail
R1->P,6,12,DENSE,0.3333333333333333,DENSE: entropy=0.79>0.7,,,,block_size=256 spans ~4.9 token rows; cannot resolve sub-block spatial detail
R1->S,6,12,DENSE,0.3333333333333333,DENSE: entropy=0.87>0.7,,,,block_size=256 spans ~4.9 token rows; cannot resolve sub-block spatial detail
R1->R1,6,12,DENSE,0.7666666666666666,DENSE: entropy=0.90>0.7; max_block=0.021<0.03; many_blocks_above_0.01=29,,,,block_size=256 spans ~4.9 token rows; cannot resolve sub-block spatial detail
X->P,6,13,DENSE,0.5,DENSE: entropy=0.95>0.7; many_blocks_above_0.01=29,,,,block_size=256 spans ~4.9 token rows; cannot resolve sub-block spatial detail
X->R1,6,13,DENSE,0.5,DENSE: entropy=0.81>0.7; many_blocks_above_0.01=34,,,,block_size=256 spans ~4.9 token rows; cannot resolve sub-block spatial detail
S->P,6,13,DENSE,0.5,DENSE: entropy=0.92>0.7; many_blocks_above_0.01=27,,,,block_size=256 spans ~4.9 token rows; cannot resolve sub-block spatial detail
S->X,6,13,DENSE,0.3333333333333333,DENSE: entropy=0.81>0.7,,,,block_size=256 spans ~4.9 token rows; cannot resolve sub-block spatial detail
S->S,6,13,DENSE,0.5,DENSE: entropy=0.78>0.7; many_blocks_above_0.01=26,,,,block_size=256 spans ~4.9 token rows; cannot resolve sub-block spatial detail
S->R1,6,13,DENSE,0.3333333333333333,DENSE: entropy=0.74>0.7,,,,block_size=256 spans ~4.9 token rows; cannot resolve sub-block spatial detail
R1->X,6,13,DENSE,0.5,DENSE: entropy=0.82>0.7; many_blocks_above_0.01=39,,,,block_size=256 spans ~4.9 token rows; cannot resolve sub-block spatial detail
R1->S,6,13,DENSE,0.3333333333333333,DENSE: entropy=0.73>0.7,,,,block_size=256 spans ~4.9 token rows; cannot resolve sub-block spatial detail
P->X,6,14,DENSE,0.5,DENSE: entropy=0.94>0.7; many_blocks_above_0.01=27,,,,block_size=256 spans ~4.9 token rows; cannot resolve sub-block spatial detail
X->P,6,14,DENSE,0.5,DENSE: entropy=0.88>0.7; many_blocks_above_0.01=21,,,,block_size=256 spans ~4.9 token rows; cannot resolve sub-block spatial detail
X->X,6,14,DENSE,0.5,DENSE: entropy=0.77>0.7; many_blocks_above_0.01=39,,,,block_size=256 spans ~4.9 token rows; cannot resolve sub-block spatial detail
S->P,6,14,DENSE,0.3333333333333333,DENSE: entropy=0.75>0.7,,,,block_size=256 spans ~4.9 token rows; cannot resolve sub-block spatial detail
R1->P,6,14,DENSE,0.5,DENSE: entropy=0.83>0.7; many_blocks_above_0.01=20,,,,block_size=256 spans ~4.9 token rows; cannot resolve sub-block spatial detail
R1->X,6,14,DENSE,0.5,DENSE: entropy=0.80>0.7; many_blocks_above_0.01=37,,,,block_size=256 spans ~4.9 token rows; cannot resolve sub-block spatial detail
P->X,6,15,DENSE,0.5,DENSE: entropy=0.94>0.7; many_blocks_above_0.01=29,,,,block_size=256 spans ~4.9 token rows; cannot resolve sub-block spatial detail
X->P,6,15,DENSE,0.5,DENSE: entropy=0.94>0.7; many_blocks_above_0.01=28,,,,block_size=256 spans ~4.9 token rows; cannot resolve sub-block spatial detail
X->X,6,15,DENSE,0.5,DENSE: entropy=0.79>0.7; many_blocks_above_0.01=33,,,,block_size=256 spans ~4.9 token rows; cannot resolve sub-block spatial detail
X->R1,6,15,DENSE,0.5,DENSE: entropy=0.81>0.7; many_blocks_above_0.01=32,,,,block_size=256 spans ~4.9 token rows; cannot resolve sub-block spatial detail
S->P,6,15,DENSE,0.3333333333333333,DENSE: entropy=0.88>0.7,,,,block_size=256 spans ~4.9 token rows; cannot resolve sub-block spatial detail
R1->P,6,15,DENSE,0.5,DENSE: entropy=0.91>0.7; many_blocks_above_0.01=20,,,,block_size=256 spans ~4.9 token rows; cannot resolve sub-block spatial detail
R1->X,6,15,DENSE,0.5,DENSE: entropy=0.85>0.7; many_blocks_above_0.01=30,,,,block_size=256 spans ~4.9 token rows; cannot resolve sub-block spatial detail
R1->R1,6,15,DENSE,0.5,DENSE: entropy=0.82>0.7; many_blocks_above_0.01=26,,,,block_size=256 spans ~4.9 token rows; cannot resolve sub-block spatial detail
X->P,6,16,DENSE,0.3333333333333333,DENSE: entropy=0.88>0.7,,,,block_size=256 spans ~4.9 token rows; cannot resolve sub-block spatial detail
X->X,6,16,DENSE,0.5,DENSE: entropy=0.81>0.7; many_blocks_above_0.01=30,,,,block_size=256 spans ~4.9 token rows; cannot resolve sub-block spatial detail
S->P,6,16,DENSE,0.3333333333333333,DENSE: entropy=0.87>0.7,,,,block_size=256 spans ~4.9 token rows; cannot resolve sub-block spatial detail
S->X,6,16,DENSE,0.3333333333333333,DENSE: entropy=0.76>0.7,,,,block_size=256 spans ~4.9 token rows; cannot resolve sub-block spatial detail
S->S,6,16,DENSE,0.5,DENSE: entropy=0.79>0.7; many_blocks_above_0.01=25,,,,block_size=256 spans ~4.9 token rows; cannot resolve sub-block spatial detail
R1->P,6,16,DENSE,0.3333333333333333,DENSE: entropy=0.88>0.7,,,,block_size=256 spans ~4.9 token rows; cannot resolve sub-block spatial detail
R1->S,6,16,DENSE,0.3333333333333333,DENSE: entropy=0.82>0.7,,,,block_size=256 spans ~4.9 token rows; cannot resolve sub-block spatial detail
R1->R1,6,16,DENSE,0.5,DENSE: entropy=0.79>0.7; many_blocks_above_0.01=26,,,,block_size=256 spans ~4.9 token rows; cannot resolve sub-block spatial detail
P->P,6,17,DENSE,0.3333333333333333,DENSE: entropy=0.89>0.7,,,,block_size=256 spans ~4.9 token rows; cannot resolve sub-block spatial detail
P->X,6,17,DENSE,0.5,DENSE: entropy=0.96>0.7; many_blocks_above_0.01=30,,,,block_size=256 spans ~4.9 token rows; cannot resolve sub-block spatial detail
P->S,6,17,DENSE,0.5,DENSE: entropy=0.82>0.7; many_blocks_above_0.01=25,,,"[0, 1, 2, 3]",block_size=256 spans ~4.9 token rows; cannot resolve sub-block spatial detail
P->R1,6,17,DENSE,0.5,DENSE: entropy=0.93>0.7; many_blocks_above_0.01=30,,,"[0, 1, 2, 3, 4, 5, 6, 7, 8, 9, 10, 11, 12, 13, 14, 15, 16, 17, 18, 19, 20, 21, 22, 23, 24, 25, 26, 27]",block_size=256 spans ~4.9 token rows; cannot resolve sub-block spatial detail
X->R1,6,17,DENSE,0.5,DENSE: entropy=0.77>0.7; many_blocks_above_0.01=34,,,,block_size=256 spans ~4.9 token rows; cannot resolve sub-block spatial detail
R1->X,6,17,DENSE,0.5,DENSE: entropy=0.77>0.7; many_blocks_above_0.01=34,,,,block_size=256 spans ~4.9 token rows; cannot resolve sub-block spatial detail
R1->R1,6,17,DENSE,0.5,DENSE: entropy=0.74>0.7; many_blocks_above_0.01=33,,,,block_size=256 spans ~4.9 token rows; cannot resolve sub-block spatial detail
P->P,6,18,DENSE,0.3333333333333333,DENSE: entropy=0.80>0.7,,,,block_size=256 spans ~4.9 token rows; cannot resolve sub-block spatial detail
P->S,6,18,DENSE,0.5,DENSE: entropy=0.75>0.7; many_blocks_above_0.01=23,,,,block_size=256 spans ~4.9 token rows; cannot resolve sub-block spatial detail
X->P,6,18,DENSE,0.5,DENSE: entropy=0.89>0.7; many_blocks_above_0.01=20,,,,block_size=256 spans ~4.9 token rows; cannot resolve sub-block spatial detail
S->P,6,18,DENSE,0.5,DENSE: entropy=0.93>0.7; many_blocks_above_0.01=27,,,,block_size=256 spans ~4.9 token rows; cannot resolve sub-block spatial detail
R1->P,6,18,DENSE,0.5,DENSE: entropy=0.92>0.7; many_blocks_above_0.01=25,,,,block_size=256 spans ~4.9 token rows; cannot resolve sub-block spatial detail
P->X,6,19,DENSE,0.5,DENSE: entropy=0.95>0.7; many_blocks_above_0.01=30,,,"[24, 25, 26, 27]",block_size=256 spans ~4.9 token rows; cannot resolve sub-block spatial detail
X->P,6,19,DENSE,0.5,DENSE: entropy=0.93>0.7; many_blocks_above_0.01=26,,,,block_size=256 spans ~4.9 token rows; cannot resolve sub-block spatial detail
X->X,6,19,DENSE,0.7666666666666666,DENSE: entropy=0.93>0.7; max_block=0.022<0.03; many_blocks_above_0.01=21,,,,block_size=256 spans ~4.9 token rows; cannot resolve sub-block spatial detail
S->P,6,19,DENSE,0.5,DENSE: entropy=0.96>0.7; many_blocks_above_0.01=34,,,,block_size=256 spans ~4.9 token rows; cannot resolve sub-block spatial detail
S->X,6,19,DENSE,0.5,DENSE: entropy=0.90>0.7; many_blocks_above_0.01=21,,,,block_size=256 spans ~4.9 token rows; cannot resolve sub-block spatial detail
S->R1,6,19,DENSE,0.3333333333333333,DENSE: entropy=0.88>0.7,,,,block_size=256 spans ~4.9 token rows; cannot resolve sub-block spatial detail
R1->P,6,19,DENSE,0.5,DENSE: entropy=0.96>0.7; many_blocks_above_0.01=32,,,,block_size=256 spans ~4.9 token rows; cannot resolve sub-block spatial detail
R1->S,6,19,DENSE,0.5,DENSE: entropy=0.84>0.7; many_blocks_above_0.01=23,,,,block_size=256 spans ~4.9 token rows; cannot resolve sub-block spatial detail
R1->R1,6,19,DENSE,0.6,DENSE: entropy=0.93>0.7; max_block=0.026<0.03,,,,block_size=256 spans ~4.9 token rows; cannot resolve sub-block spatial detail
P->X,6,20,DENSE,0.5,DENSE: entropy=0.96>0.7; many_blocks_above_0.01=30,,,"[0, 1]",block_size=256 spans ~4.9 token rows; cannot resolve sub-block spatial detail
P->S,6,20,DENSE,0.5,DENSE: entropy=0.83>0.7; many_blocks_above_0.01=20,,,"[0, 1, 2]",block_size=256 spans ~4.9 token rows; cannot resolve sub-block spatial detail
P->R1,6,20,DENSE,0.5,DENSE: entropy=0.92>0.7; many_blocks_above_0.01=26,,,"[0, 1, 2, 3, 4, 5, 6, 7, 8, 9, 10, 11, 12, 13, 14, 22, 23, 24, 25, 26, 27]",block_size=256 spans ~4.9 token rows; cannot resolve sub-block spatial detail
X->P,6,20,DENSE,0.5,DENSE: entropy=0.95>0.7; many_blocks_above_0.01=30,,,,block_size=256 spans ~4.9 token rows; cannot resolve sub-block spatial detail
X->X,6,20,DENSE,0.7666666666666666,DENSE: entropy=0.91>0.7; max_block=0.020<0.03; many_blocks_above_0.01=27,,,,block_size=256 spans ~4.9 token rows; cannot resolve sub-block spatial detail
X->S,6,20,DENSE,0.5,DENSE: entropy=0.80>0.7; many_blocks_above_0.01=24,,,,block_size=256 spans ~4.9 token rows; cannot resolve sub-block spatial detail
X->R1,6,20,DENSE,0.5,DENSE: entropy=0.85>0.7; many_blocks_above_0.01=33,,,,block_size=256 spans ~4.9 token rows; cannot resolve sub-block spatial detail
S->P,6,20,DENSE,0.5,DENSE: entropy=0.94>0.7; many_blocks_above_0.01=27,,,,block_size=256 spans ~4.9 token rows; cannot resolve sub-block spatial detail
S->X,6,20,DENSE,0.5,DENSE: entropy=0.92>0.7; many_blocks_above_0.01=20,,,,block_size=256 spans ~4.9 token rows; cannot resolve sub-block spatial detail
S->S,6,20,DENSE,0.7666666666666666,DENSE: entropy=0.88>0.7; max_block=0.027<0.03; many_blocks_above_0.01=31,,,,block_size=256 spans ~4.9 token rows; cannot resolve sub-block spatial detail
S->R1,6,20,DENSE,0.3333333333333333,DENSE: entropy=0.85>0.7,,,,block_size=256 spans ~4.9 token rows; cannot resolve sub-block spatial detail
R1->P,6,20,DENSE,0.5,DENSE: entropy=0.97>0.7; many_blocks_above_0.01=34,,,,block_size=256 spans ~4.9 token rows; cannot resolve sub-block spatial detail
R1->S,6,20,DENSE,0.3333333333333333,DENSE: entropy=0.88>0.7,,,,block_size=256 spans ~4.9 token rows; cannot resolve sub-block spatial detail
R1->R1,6,20,DENSE,0.5,DENSE: entropy=0.85>0.7; many_blocks_above_0.01=28,,,,block_size=256 spans ~4.9 token rows; cannot resolve sub-block spatial detail
P->X,6,21,DENSE,0.5,DENSE: entropy=0.96>0.7; many_blocks_above_0.01=30,,,,block_size=256 spans ~4.9 token rows; cannot resolve sub-block spatial detail
P->S,6,21,DENSE,0.5,DENSE: entropy=0.94>0.7; many_blocks_above_0.01=31,,,"[0, 1, 2, 3, 4, 5, 6, 7, 8, 9, 10, 11, 12, 13, 14, 15, 16, 17, 18, 19, 20, 21, 22, 23, 24, 25, 26, 27]",block_size=256 spans ~4.9 token rows; cannot resolve sub-block spatial detail
P->R1,6,21,DENSE,0.5,DENSE: entropy=0.97>0.7; many_blocks_above_0.01=33,,,"[0, 1, 2, 3, 4, 5, 6, 7, 8, 9, 10, 11, 12, 13, 14, 15, 16, 17, 18, 19, 20, 21, 22, 23, 24, 25, 26, 27]",block_size=256 spans ~4.9 token rows; cannot resolve sub-block spatial detail
X->P,6,21,DENSE,0.5,DENSE: entropy=0.97>0.7; many_blocks_above_0.01=32,,,,block_size=256 spans ~4.9 token rows; cannot resolve sub-block spatial detail
X->X,6,21,DENSE,0.7666666666666666,DENSE: entropy=0.90>0.7; max_block=0.022<0.03; many_blocks_above_0.01=33,,,,block_size=256 spans ~4.9 token rows; cannot resolve sub-block spatial detail
X->S,6,21,DENSE,0.5,DENSE: entropy=0.88>0.7; many_blocks_above_0.01=23,,,,block_size=256 spans ~4.9 token rows; cannot resolve sub-block spatial detail
X->R1,6,21,DENSE,0.7666666666666666,DENSE: entropy=0.90>0.7; max_block=0.027<0.03; many_blocks_above_0.01=26,,,,block_size=256 spans ~4.9 token rows; cannot resolve sub-block spatial detail
S->P,6,21,DENSE,0.5,DENSE: entropy=0.98>0.7; many_blocks_above_0.01=34,,,,block_size=256 spans ~4.9 token rows; cannot resolve sub-block spatial detail
S->X,6,21,DENSE,0.7666666666666666,DENSE: entropy=0.91>0.7; max_block=0.028<0.03; many_blocks_above_0.01=24,,,,block_size=256 spans ~4.9 token rows; cannot resolve sub-block spatial detail
S->S,6,21,DENSE,0.7666666666666666,DENSE: entropy=0.89>0.7; max_block=0.027<0.03; many_blocks_above_0.01=27,,,,block_size=256 spans ~4.9 token rows; cannot resolve sub-block spatial detail
S->R1,6,21,DENSE,0.6,DENSE: entropy=0.93>0.7; max_block=0.017<0.03,,,,block_size=256 spans ~4.9 token rows; cannot resolve sub-block spatial detail
R1->P,6,21,DENSE,0.5,DENSE: entropy=0.96>0.7; many_blocks_above_0.01=31,,,,block_size=256 spans ~4.9 token rows; cannot resolve sub-block spatial detail
R1->X,6,21,DENSE,0.7666666666666666,DENSE: entropy=0.92>0.7; max_block=0.026<0.03; many_blocks_above_0.01=20,,,,block_size=256 spans ~4.9 token rows; cannot resolve sub-block spatial detail
R1->S,6,21,DENSE,0.5,DENSE: entropy=0.90>0.7; many_blocks_above_0.01=21,,,,block_size=256 spans ~4.9 token rows; cannot resolve sub-block spatial detail
R1->R1,6,21,DENSE,0.7666666666666666,DENSE: entropy=0.91>0.7; max_block=0.022<0.03; many_blocks_above_0.01=22,,,,block_size=256 spans ~4.9 token rows; cannot resolve sub-block spatial detail
P->X,6,22,DENSE,0.5,DENSE: entropy=0.94>0.7; many_blocks_above_0.01=27,,,,block_size=256 spans ~4.9 token rows; cannot resolve sub-block spatial detail
P->S,6,22,DENSE,0.5,DENSE: entropy=0.90>0.7; many_blocks_above_0.01=30,,,"[2, 3, 4, 5, 6, 7, 8, 9, 10, 11, 12, 13, 14, 15, 16, 17, 18, 19]",block_size=256 spans ~4.9 token rows; cannot resolve sub-block spatial detail
X->P,6,22,DENSE,0.5,DENSE: entropy=0.95>0.7; many_blocks_above_0.01=28,,,,block_size=256 spans ~4.9 token rows; cannot resolve sub-block spatial detail
X->X,6,22,DENSE,0.6,DENSE: entropy=0.95>0.7; max_block=0.014<0.03,,,,block_size=256 spans ~4.9 token rows; cannot resolve sub-block spatial detail
P->X,6,23,DENSE,0.5,DENSE: entropy=0.91>0.7; many_blocks_above_0.01=25,,,"[0, 1, 2]",block_size=256 spans ~4.9 token rows; cannot resolve sub-block spatial detail
P->S,6,23,DENSE,0.5,DENSE: entropy=0.91>0.7; many_blocks_above_0.01=25,,,"[0, 1, 2, 3, 4, 5, 6, 7, 8, 9, 10, 11, 12, 13, 14, 15, 16, 17, 18, 19, 20, 21, 22]",block_size=256 spans ~4.9 token rows; cannot resolve sub-block spatial detail
P->R1,6,23,DENSE,0.5,DENSE: entropy=0.95>0.7; many_blocks_above_0.01=32,,,"[3, 4, 5, 6, 7, 8, 9, 10, 11, 12, 13, 14, 15, 16, 17, 18, 19, 20, 21, 22, 23, 24, 25, 26, 27]",block_size=256 spans ~4.9 token rows; cannot resolve sub-block spatial detail
X->P,6,23,DENSE,0.5,DENSE: entropy=0.96>0.7; many_blocks_above_0.01=29,,,,block_size=256 spans ~4.9 token rows; cannot resolve sub-block spatial detail
X->X,6,23,DENSE,0.7666666666666666,DENSE: entropy=0.92>0.7; max_block=0.023<0.03; many_blocks_above_0.01=22,,,,block_size=256 spans ~4.9 token rows; cannot resolve sub-block spatial detail
X->S,6,23,DENSE,0.5,DENSE: entropy=0.87>0.7; many_blocks_above_0.01=21,,,,block_size=256 spans ~4.9 token rows; cannot resolve sub-block spatial detail
X->R1,6,23,DENSE,0.6,DENSE: entropy=0.93>0.7; max_block=0.023<0.03,,,,block_size=256 spans ~4.9 token rows; cannot resolve sub-block spatial detail
S->P,6,23,DENSE,0.5,DENSE: entropy=0.99>0.7; many_blocks_above_0.01=34,,,,block_size=256 spans ~4.9 token rows; cannot resolve sub-block spatial detail
S->X,6,23,DENSE,0.6,DENSE: entropy=0.93>0.7; max_block=0.022<0.03,,,,block_size=256 spans ~4.9 token rows; cannot resolve sub-block spatial detail
S->S,6,23,DENSE,0.5,DENSE: entropy=0.88>0.7; many_blocks_above_0.01=23,,,,block_size=256 spans ~4.9 token rows; cannot resolve sub-block spatial detail
S->R1,6,23,DENSE,0.6,DENSE: entropy=0.93>0.7; max_block=0.025<0.03,,,,block_size=256 spans ~4.9 token rows; cannot resolve sub-block spatial detail
R1->P,6,23,DENSE,0.5,DENSE: entropy=0.94>0.7; many_blocks_above_0.01=27,,,,block_size=256 spans ~4.9 token rows; cannot resolve sub-block spatial detail
R1->X,6,23,DENSE,0.6,DENSE: entropy=0.94>0.7; max_block=0.022<0.03,,,,block_size=256 spans ~4.9 token rows; cannot resolve sub-block spatial detail
R1->S,6,23,DENSE,0.5,DENSE: entropy=0.89>0.7; many_blocks_above_0.01=26,,,,block_size=256 spans ~4.9 token rows; cannot resolve sub-block spatial detail
R1->R1,6,23,DENSE,0.3333333333333333,DENSE: entropy=0.88>0.7,,,,block_size=256 spans ~4.9 token rows; cannot resolve sub-block spatial detail
P->P,7,0,DENSE,0.3333333333333333,DENSE: entropy=0.88>0.7,,,,block_size=256 spans ~4.9 token rows; cannot resolve sub-block spatial detail
P->X,7,0,DENSE,0.5,DENSE: entropy=0.95>0.7; many_blocks_above_0.01=28,,,,block_size=256 spans ~4.9 token rows; cannot resolve sub-block spatial detail
P->S,7,0,DENSE,0.5,DENSE: entropy=0.77>0.7; many_blocks_above_0.01=25,,,,block_size=256 spans ~4.9 token rows; cannot resolve sub-block spatial detail
X->P,7,0,DENSE,0.5,DENSE: entropy=0.92>0.7; many_blocks_above_0.01=24,,,,block_size=256 spans ~4.9 token rows; cannot resolve sub-block spatial detail
X->X,7,0,DENSE,0.5,DENSE: entropy=0.77>0.7; many_blocks_above_0.01=37,,,,block_size=256 spans ~4.9 token rows; cannot resolve sub-block spatial detail
X->R1,7,0,DENSE,0.5,DENSE: entropy=0.76>0.7; many_blocks_above_0.01=27,,,,block_size=256 spans ~4.9 token rows; cannot resolve sub-block spatial detail
R1->X,7,0,DENSE,0.5,DENSE: entropy=0.78>0.7; many_blocks_above_0.01=32,,,,block_size=256 spans ~4.9 token rows; cannot resolve sub-block spatial detail
P->X,7,1,DENSE,0.5,DENSE: entropy=0.97>0.7; many_blocks_above_0.01=32,,,,block_size=256 spans ~4.9 token rows; cannot resolve sub-block spatial detail
P->S,7,1,DENSE,0.5,DENSE: entropy=0.81>0.7; many_blocks_above_0.01=23,,,"[0, 1]",block_size=256 spans ~4.9 token rows; cannot resolve sub-block spatial detail
P->R1,7,1,DENSE,0.5,DENSE: entropy=0.98>0.7; many_blocks_above_0.01=34,,,"[0, 1, 2, 3, 4, 5, 6, 7, 8, 9, 10, 11, 12, 13, 14, 15, 16, 17, 18, 19, 20, 21, 22, 23, 24, 25, 26, 27]",block_size=256 spans ~4.9 token rows; cannot resolve sub-block spatial detail
X->P,7,1,DENSE,0.5,DENSE: entropy=0.93>0.7; many_blocks_above_0.01=32,,,,block_size=256 spans ~4.9 token rows; cannot resolve sub-block spatial detail
X->S,7,1,DENSE,0.3333333333333333,DENSE: entropy=0.87>0.7,,,,block_size=256 spans ~4.9 token rows; cannot resolve sub-block spatial detail
X->R1,7,1,DENSE,0.6,DENSE: entropy=0.97>0.7; max_block=0.015<0.03,,,,block_size=256 spans ~4.9 token rows; cannot resolve sub-block spatial detail
S->P,7,1,DENSE,0.3333333333333333,DENSE: entropy=0.85>0.7,,,,block_size=256 spans ~4.9 token rows; cannot resolve sub-block spatial detail
S->X,7,1,DENSE,0.3333333333333333,DENSE: entropy=0.93>0.7,,,,block_size=256 spans ~4.9 token rows; cannot resolve sub-block spatial detail
S->R1,7,1,DENSE,0.6,DENSE: entropy=0.97>0.7; max_block=0.015<0.03,,,,block_size=256 spans ~4.9 token rows; cannot resolve sub-block spatial detail
R1->P,7,1,DENSE,0.5,DENSE: entropy=0.89>0.7; many_blocks_above_0.01=26,,,,block_size=256 spans ~4.9 token rows; cannot resolve sub-block spatial detail
P->X,7,2,DENSE,0.5,DENSE: entropy=0.96>0.7; many_blocks_above_0.01=29,,,,block_size=256 spans ~4.9 token rows; cannot resolve sub-block spatial detail
P->S,7,2,DENSE,0.5,DENSE: entropy=0.85>0.7; many_blocks_above_0.01=21,,,"[0, 1]",block_size=256 spans ~4.9 token rows; cannot resolve sub-block spatial detail
P->R1,7,2,DENSE,0.5,DENSE: entropy=0.92>0.7; many_blocks_above_0.01=29,,,"[8, 9, 10, 11, 12, 13, 14, 15, 16, 17, 18, 19, 20, 21, 22, 23, 24, 25, 26, 27]",block_size=256 spans ~4.9 token rows; cannot resolve sub-block spatial detail
X->P,7,2,DENSE,0.5,DENSE: entropy=0.94>0.7; many_blocks_above_0.01=28,,,,block_size=256 spans ~4.9 token rows; cannot resolve sub-block spatial detail
X->X,7,2,DENSE,0.5,DENSE: entropy=0.85>0.7; many_blocks_above_0.01=36,,,,block_size=256 spans ~4.9 token rows; cannot resolve sub-block spatial detail
X->R1,7,2,DENSE,0.5,DENSE: entropy=0.86>0.7; many_blocks_above_0.01=29,,,,block_size=256 spans ~4.9 token rows; cannot resolve sub-block spatial detail
S->P,7,2,DENSE,0.5,DENSE: entropy=0.95>0.7; many_blocks_above_0.01=33,,,,block_size=256 spans ~4.9 token rows; cannot resolve sub-block spatial detail
S->X,7,2,DENSE,0.5,DENSE: entropy=0.86>0.7; many_blocks_above_0.01=27,,,,block_size=256 spans ~4.9 token rows; cannot resolve sub-block spatial detail
S->S,7,2,DENSE,0.7666666666666666,DENSE: entropy=0.85>0.7; max_block=0.029<0.03; many_blocks_above_0.01=36,,,,block_size=256 spans ~4.9 token rows; cannot resolve sub-block spatial detail
S->R1,7,2,DENSE,0.3333333333333333,DENSE: entropy=0.81>0.7,,,,block_size=256 spans ~4.9 token rows; cannot resolve sub-block spatial detail
R1->P,7,2,DENSE,0.5,DENSE: entropy=0.94>0.7; many_blocks_above_0.01=28,,,,block_size=256 spans ~4.9 token rows; cannot resolve sub-block spatial detail
R1->X,7,2,DENSE,0.5,DENSE: entropy=0.87>0.7; many_blocks_above_0.01=26,,,,block_size=256 spans ~4.9 token rows; cannot resolve sub-block spatial detail
R1->R1,7,2,DENSE,0.5,DENSE: entropy=0.83>0.7; many_blocks_above_0.01=35,,,,block_size=256 spans ~4.9 token rows; cannot resolve sub-block spatial detail
P->X,7,3,DENSE,0.5,DENSE: entropy=0.96>0.7; many_blocks_above_0.01=29,,,"[26, 27]",block_size=256 spans ~4.9 token rows; cannot resolve sub-block spatial detail
P->R1,7,3,DENSE,0.5,DENSE: entropy=0.97>0.7; many_blocks_above_0.01=33,,,"[0, 1, 2, 3, 4, 5, 6, 7, 8, 9, 10, 11, 12, 13, 14, 15, 16, 17, 18, 19, 20, 21, 22, 23, 24, 25, 26, 27]",block_size=256 spans ~4.9 token rows; cannot resolve sub-block spatial detail
X->P,7,3,DENSE,0.5,DENSE: entropy=0.95>0.7; many_blocks_above_0.01=27,,,,block_size=256 spans ~4.9 token rows; cannot resolve sub-block spatial detail
X->X,7,3,DENSE,0.5,DENSE: entropy=0.76>0.7; many_blocks_above_0.01=44,,,,block_size=256 spans ~4.9 token rows; cannot resolve sub-block spatial detail
X->R1,7,3,DENSE,0.5,DENSE: entropy=0.76>0.7; many_blocks_above_0.01=37,,,,block_size=256 spans ~4.9 token rows; cannot resolve sub-block spatial detail
R1->X,7,3,DENSE,0.5,DENSE: entropy=0.78>0.7; many_blocks_above_0.01=37,,,,block_size=256 spans ~4.9 token rows; cannot resolve sub-block spatial detail
P->X,7,4,DENSE,0.5,DENSE: entropy=0.95>0.7; many_blocks_above_0.01=30,,,,block_size=256 spans ~4.9 token rows; cannot resolve sub-block spatial detail
P->S,7,4,DENSE,0.5,DENSE: entropy=0.76>0.7; many_blocks_above_0.01=22,,,"[0, 1, 2, 3, 4]",block_size=256 spans ~4.9 token rows; cannot resolve sub-block spatial detail
P->R1,7,4,DENSE,0.5,DENSE: entropy=0.90>0.7; many_blocks_above_0.01=25,,,"[8, 9, 10, 11, 12, 13, 14, 15, 16, 17, 18, 19, 20, 21, 22, 23, 24, 25, 26, 27]",block_size=256 spans ~4.9 token rows; cannot resolve sub-block spatial detail
X->P,7,4,DENSE,0.5,DENSE: entropy=0.92>0.7; many_blocks_above_0.01=21,,,,block_size=256 spans ~4.9 token rows; cannot resolve sub-block spatial detail
X->R1,7,4,DENSE,0.6,DENSE: entropy=0.93>0.7; max_block=0.024<0.03,,,,block_size=256 spans ~4.9 token rows; cannot resolve sub-block spatial detail
S->P,7,4,DENSE,0.3333333333333333,DENSE: entropy=0.89>0.7,,,,block_size=256 spans ~4.9 token rows; cannot resolve sub-block spatial detail
R1->P,7,4,DENSE,0.5,DENSE: entropy=0.93>0.7; many_blocks_above_0.01=26,,,,block_size=256 spans ~4.9 token rows; cannot resolve sub-block spatial detail
R1->X,7,4,DENSE,0.6,DENSE: entropy=0.97>0.7; max_block=0.012<0.03,,,,block_size=256 spans ~4.9 token rows; cannot resolve sub-block spatial detail
R1->R1,7,4,DENSE,0.6,DENSE: entropy=0.92>0.7; max_block=0.024<0.03,,,,block_size=256 spans ~4.9 token rows; cannot resolve sub-block spatial detail
P->X,7,5,DENSE,0.5,DENSE: entropy=0.93>0.7; many_blocks_above_0.01=26,,,,block_size=256 spans ~4.9 token rows; cannot resolve sub-block spatial detail
X->P,7,5,DENSE,0.5,DENSE: entropy=0.87>0.7; many_blocks_above_0.01=23,,,,block_size=256 spans ~4.9 token rows; cannot resolve sub-block spatial detail
X->X,7,5,DENSE,0.5,DENSE: entropy=0.73>0.7; many_blocks_above_0.01=33,,,,block_size=256 spans ~4.9 token rows; cannot resolve sub-block spatial detail
R1->X,7,5,DENSE,0.5,DENSE: entropy=0.76>0.7; many_blocks_above_0.01=34,,,,block_size=256 spans ~4.9 token rows; cannot resolve sub-block spatial detail
P->X,7,6,DENSE,0.5,DENSE: entropy=0.99>0.7; many_blocks_above_0.01=32,,,"[0, 1, 2, 3, 4, 5, 6, 7, 8, 9, 10, 11, 12, 13, 14, 15, 16, 17, 18, 19, 20, 21, 22, 23, 24, 25, 26, 27]",block_size=256 spans ~4.9 token rows; cannot resolve sub-block spatial detail
X->P,7,6,DENSE,0.3333333333333333,DENSE: entropy=0.89>0.7,,,,block_size=256 spans ~4.9 token rows; cannot resolve sub-block spatial detail
X->X,7,6,DENSE,0.7666666666666666,DENSE: entropy=0.89>0.7; max_block=0.030<0.03; many_blocks_above_0.01=31,,,,block_size=256 spans ~4.9 token rows; cannot resolve sub-block spatial detail
S->P,7,6,DENSE,0.3333333333333333,DENSE: entropy=0.89>0.7,,,,block_size=256 spans ~4.9 token rows; cannot resolve sub-block spatial detail
S->X,7,6,DENSE,0.3333333333333333,DENSE: entropy=0.87>0.7,,,,block_size=256 spans ~4.9 token rows; cannot resolve sub-block spatial detail
S->S,7,6,DENSE,0.5,DENSE: entropy=0.90>0.7; many_blocks_above_0.01=26,,,,block_size=256 spans ~4.9 token rows; cannot resolve sub-block spatial detail
S->R1,7,6,DENSE,0.5,DENSE: entropy=0.85>0.7; many_blocks_above_0.01=22,,,,block_size=256 spans ~4.9 token rows; cannot resolve sub-block spatial detail
R1->P,7,6,DENSE,0.5,DENSE: entropy=0.91>0.7; many_blocks_above_0.01=20,,,,block_size=256 spans ~4.9 token rows; cannot resolve sub-block spatial detail
R1->X,7,6,DENSE,0.7666666666666666,DENSE: entropy=0.93>0.7; max_block=0.023<0.03; many_blocks_above_0.01=27,,,,block_size=256 spans ~4.9 token rows; cannot resolve sub-block spatial detail
R1->S,7,6,DENSE,0.3333333333333333,DENSE: entropy=0.85>0.7,,,,block_size=256 spans ~4.9 token rows; cannot resolve sub-block spatial detail
R1->R1,7,6,DENSE,0.5,DENSE: entropy=0.90>0.7; many_blocks_above_0.01=24,,,,block_size=256 spans ~4.9 token rows; cannot resolve sub-block spatial detail
P->X,7,7,DENSE,0.5,DENSE: entropy=0.92>0.7; many_blocks_above_0.01=24,,,,block_size=256 spans ~4.9 token rows; cannot resolve sub-block spatial detail
P->S,7,7,DENSE,0.3333333333333333,DENSE: entropy=0.80>0.7,,,,block_size=256 spans ~4.9 token rows; cannot resolve sub-block spatial detail
P->R1,7,7,DENSE,0.5,DENSE: entropy=0.92>0.7; many_blocks_above_0.01=28,,,"[6, 7, 8, 9, 10, 11, 12, 13, 14, 15, 16, 17, 18, 19, 20, 21, 22, 23, 24, 25, 26, 27]",block_size=256 spans ~4.9 token rows; cannot resolve sub-block spatial detail
X->P,7,7,DENSE,0.5,DENSE: entropy=0.92>0.7; many_blocks_above_0.01=22,,,,block_size=256 spans ~4.9 token rows; cannot resolve sub-block spatial detail
X->X,7,7,DENSE,0.5,DENSE: entropy=0.75>0.7; many_blocks_above_0.01=33,,,,block_size=256 spans ~4.9 token rows; cannot resolve sub-block spatial detail
S->P,7,7,DENSE,0.5,DENSE: entropy=0.94>0.7; many_blocks_above_0.01=29,,,,block_size=256 spans ~4.9 token rows; cannot resolve sub-block spatial detail
S->S,7,7,DENSE,0.5,DENSE: entropy=0.73>0.7; many_blocks_above_0.01=34,,,,block_size=256 spans ~4.9 token rows; cannot resolve sub-block spatial detail
R1->P,7,7,DENSE,0.5,DENSE: entropy=0.93>0.7; many_blocks_above_0.01=27,,,,block_size=256 spans ~4.9 token rows; cannot resolve sub-block spatial detail
R1->X,7,7,DENSE,0.5,DENSE: entropy=0.78>0.7; many_blocks_above_0.01=35,,,,block_size=256 spans ~4.9 token rows; cannot resolve sub-block spatial detail
R1->R1,7,7,DENSE,0.5,DENSE: entropy=0.73>0.7; many_blocks_above_0.01=33,,,,block_size=256 spans ~4.9 token rows; cannot resolve sub-block spatial detail
P->X,7,8,DENSE,0.5,DENSE: entropy=0.94>0.7; many_blocks_above_0.01=26,,,[0],block_size=256 spans ~4.9 token rows; cannot resolve sub-block spatial detail
P->S,7,8,DENSE,0.5,DENSE: entropy=0.83>0.7; many_blocks_above_0.01=22,,,,block_size=256 spans ~4.9 token rows; cannot resolve sub-block spatial detail
X->P,7,8,DENSE,0.5,DENSE: entropy=0.92>0.7; many_blocks_above_0.01=23,,,,block_size=256 spans ~4.9 token rows; cannot resolve sub-block spatial detail
X->X,7,8,DENSE,0.6,DENSE: entropy=0.94>0.7; max_block=0.020<0.03,,,,block_size=256 spans ~4.9 token rows; cannot resolve sub-block spatial detail
X->S,7,8,DENSE,0.5,DENSE: entropy=0.81>0.7; many_blocks_above_0.01=26,,,,block_size=256 spans ~4.9 token rows; cannot resolve sub-block spatial detail
X->R1,7,8,DENSE,0.6,DENSE: entropy=0.93>0.7; max_block=0.021<0.03,,,,block_size=256 spans ~4.9 token rows; cannot resolve sub-block spatial detail
S->P,7,8,DENSE,0.5,DENSE: entropy=0.96>0.7; many_blocks_above_0.01=33,,,,block_size=256 spans ~4.9 token rows; cannot resolve sub-block spatial detail
S->S,7,8,DENSE,0.6,DENSE: entropy=0.91>0.7; max_block=0.029<0.03,,,,block_size=256 spans ~4.9 token rows; cannot resolve sub-block spatial detail
S->R1,7,8,DENSE,0.6,DENSE: entropy=0.92>0.7; max_block=0.028<0.03,,,,block_size=256 spans ~4.9 token rows; cannot resolve sub-block spatial detail
R1->P,7,8,DENSE,0.5,DENSE: entropy=0.94>0.7; many_blocks_above_0.01=30,,,,block_size=256 spans ~4.9 token rows; cannot resolve sub-block spatial detail
R1->X,7,8,DENSE,0.6,DENSE: entropy=0.96>0.7; max_block=0.014<0.03,,,,block_size=256 spans ~4.9 token rows; cannot resolve sub-block spatial detail
R1->S,7,8,DENSE,0.6,DENSE: entropy=0.93>0.7; max_block=0.026<0.03,,,,block_size=256 spans ~4.9 token rows; cannot resolve sub-block spatial detail
R1->R1,7,8,DENSE,0.3333333333333333,DENSE: entropy=0.91>0.7,,,,block_size=256 spans ~4.9 token rows; cannot resolve sub-block spatial detail
X->P,7,9,DENSE,0.5,DENSE: entropy=0.97>0.7; many_blocks_above_0.01=30,,,,block_size=256 spans ~4.9 token rows; cannot resolve sub-block spatial detail
S->P,7,9,DENSE,0.5,DENSE: entropy=0.96>0.7; many_blocks_above_0.01=31,,,,block_size=256 spans ~4.9 token rows; cannot resolve sub-block spatial detail
S->X,7,9,DENSE,0.5,DENSE: entropy=0.75>0.7; many_blocks_above_0.01=22,,,,block_size=256 spans ~4.9 token rows; cannot resolve sub-block spatial detail
S->R1,7,9,DENSE,0.3333333333333333,DENSE: entropy=0.78>0.7,,,,block_size=256 spans ~4.9 token rows; cannot resolve sub-block spatial detail
R1->X,7,9,DENSE,0.5,DENSE: entropy=0.78>0.7; many_blocks_above_0.01=28,,,,block_size=256 spans ~4.9 token rows; cannot resolve sub-block spatial detail
P->X,7,10,DENSE,0.5,DENSE: entropy=0.94>0.7; many_blocks_above_0.01=26,,,,block_size=256 spans ~4.9 token rows; cannot resolve sub-block spatial detail
P->S,7,10,DENSE,0.5,DENSE: entropy=0.78>0.7; many_blocks_above_0.01=26,,,"[0, 1, 2, 3, 4, 5]",block_size=256 spans ~4.9 token rows; cannot resolve sub-block spatial detail
P->R1,7,10,DENSE,0.5,DENSE: entropy=0.92>0.7; many_blocks_above_0.01=27,,,"[10, 11, 12, 13, 14, 15, 16, 17, 18, 19, 20, 21, 22, 23, 24, 25, 26, 27]",block_size=256 spans ~4.9 token rows; cannot resolve sub-block spatial detail
X->P,7,10,DENSE,0.5,DENSE: entropy=0.91>0.7; many_blocks_above_0.01=22,,,,block_size=256 spans ~4.9 token rows; cannot resolve sub-block spatial detail
P->X,7,11,DENSE,0.5,DENSE: entropy=0.97>0.7; many_blocks_above_0.01=31,,,"[0, 1, 2, 3, 4, 5, 6, 7, 8, 9, 10, 11, 12, 13, 14, 15, 16, 17]",block_size=256 spans ~4.9 token rows; cannot resolve sub-block spatial detail
P->S,7,11,DENSE,0.5,DENSE: entropy=0.88>0.7; many_blocks_above_0.01=23,,,,block_size=256 spans ~4.9 token rows; cannot resolve sub-block spatial detail
P->R1,7,11,DENSE,0.5,DENSE: entropy=0.95>0.7; many_blocks_above_0.01=32,,,"[25, 26, 27]",block_size=256 spans ~4.9 token rows; cannot resolve sub-block spatial detail
X->P,7,11,DENSE,0.5,DENSE: entropy=0.91>0.7; many_blocks_above_0.01=26,,,,block_size=256 spans ~4.9 token rows; cannot resolve sub-block spatial detail
X->X,7,11,DENSE,0.5,DENSE: entropy=0.89>0.7; many_blocks_above_0.01=26,,,,block_size=256 spans ~4.9 token rows; cannot resolve sub-block spatial detail
X->S,7,11,DENSE,0.5,DENSE: entropy=0.77>0.7; many_blocks_above_0.01=25,,,,block_size=256 spans ~4.9 token rows; cannot resolve sub-block spatial detail
X->R1,7,11,DENSE,0.5,DENSE: entropy=0.87>0.7; many_blocks_above_0.01=31,,,,block_size=256 spans ~4.9 token rows; cannot resolve sub-block spatial detail
S->P,7,11,DENSE,0.5,DENSE: entropy=0.98>0.7; many_blocks_above_0.01=34,,,,block_size=256 spans ~4.9 token rows; cannot resolve sub-block spatial detail
S->X,7,11,DENSE,0.6,DENSE: entropy=0.95>0.7; max_block=0.020<0.03,,,,block_size=256 spans ~4.9 token rows; cannot resolve sub-block spatial detail
S->S,7,11,DENSE,0.5,DENSE: entropy=0.84>0.7; many_blocks_above_0.01=27,,,,block_size=256 spans ~4.9 token rows; cannot resolve sub-block spatial detail
S->R1,7,11,DENSE,0.3333333333333333,DENSE: entropy=0.88>0.7,,,,block_size=256 spans ~4.9 token rows; cannot resolve sub-block spatial detail
R1->P,7,11,DENSE,0.5,DENSE: entropy=0.95>0.7; many_blocks_above_0.01=30,,,,block_size=256 spans ~4.9 token rows; cannot resolve sub-block spatial detail
R1->X,7,11,DENSE,0.3333333333333333,DENSE: entropy=0.94>0.7,,,,block_size=256 spans ~4.9 token rows; cannot resolve sub-block spatial detail
R1->S,7,11,DENSE,0.3333333333333333,DENSE: entropy=0.84>0.7,,,,block_size=256 spans ~4.9 token rows; cannot resolve sub-block spatial detail
R1->R1,7,11,DENSE,0.5,DENSE: entropy=0.85>0.7; many_blocks_above_0.01=26,,,,block_size=256 spans ~4.9 token rows; cannot resolve sub-block spatial detail
P->X,7,12,DENSE,0.5,DENSE: entropy=0.98>0.7; many_blocks_above_0.01=32,,,"[2, 3, 4, 5, 6, 7, 8, 9, 10, 11, 12, 13, 14, 15, 16, 17, 18, 19, 20, 21]",block_size=256 spans ~4.9 token rows; cannot resolve sub-block spatial detail
P->S,7,12,DENSE,0.5,DENSE: entropy=0.91>0.7; many_blocks_above_0.01=25,,,"[0, 1, 2, 3, 4, 5, 6, 7, 8, 9, 10, 11, 12, 13, 14, 15, 16, 17, 18]",block_size=256 spans ~4.9 token rows; cannot resolve sub-block spatial detail
P->R1,7,12,DENSE,0.5,DENSE: entropy=0.96>0.7; many_blocks_above_0.01=33,,,"[0, 1, 2, 3, 4, 5, 6, 7, 8, 9, 10, 11, 12, 13, 14, 15, 16, 17, 18, 19, 20, 21, 22, 23, 24, 25, 26, 27]",block_size=256 spans ~4.9 token rows; cannot resolve sub-block spatial detail
X->P,7,12,DENSE,0.5,DENSE: entropy=0.96>0.7; many_blocks_above_0.01=32,,,,block_size=256 spans ~4.9 token rows; cannot resolve sub-block spatial detail
X->X,7,12,DENSE,0.7666666666666666,DENSE: entropy=0.88>0.7; max_block=0.023<0.03; many_blocks_above_0.01=36,,,,block_size=256 spans ~4.9 token rows; cannot resolve sub-block spatial detail
X->S,7,12,DENSE,0.5,DENSE: entropy=0.81>0.7; many_blocks_above_0.01=26,,,,block_size=256 spans ~4.9 token rows; cannot resolve sub-block spatial detail
X->R1,7,12,DENSE,0.7666666666666666,DENSE: entropy=0.89>0.7; max_block=0.020<0.03; many_blocks_above_0.01=32,,,,block_size=256 spans ~4.9 token rows; cannot resolve sub-block spatial detail
S->P,7,12,DENSE,0.5,DENSE: entropy=0.96>0.7; many_blocks_above_0.01=30,,,,block_size=256 spans ~4.9 token rows; cannot resolve sub-block spatial detail
S->X,7,12,DENSE,0.5,DENSE: entropy=0.89>0.7; many_blocks_above_0.01=25,,,,block_size=256 spans ~4.9 token rows; cannot resolve sub-block spatial detail
S->S,7,12,DENSE,0.7666666666666666,DENSE: entropy=0.87>0.7; max_block=0.030<0.03; many_blocks_above_0.01=29,,,,block_size=256 spans ~4.9 token rows; cannot resolve sub-block spatial detail
S->R1,7,12,DENSE,0.3333333333333333,DENSE: entropy=0.90>0.7,,,,block_size=256 spans ~4.9 token rows; cannot resolve sub-block spatial detail
R1->P,7,12,DENSE,0.5,DENSE: entropy=0.97>0.7; many_blocks_above_0.01=34,,,,block_size=256 spans ~4.9 token rows; cannot resolve sub-block spatial detail
R1->X,7,12,DENSE,0.7666666666666666,DENSE: entropy=0.90>0.7; max_block=0.019<0.03; many_blocks_above_0.01=28,,,,block_size=256 spans ~4.9 token rows; cannot resolve sub-block spatial detail
R1->S,7,12,DENSE,0.5,DENSE: entropy=0.86>0.7; many_blocks_above_0.01=22,,,,block_size=256 spans ~4.9 token rows; cannot resolve sub-block spatial detail
R1->R1,7,12,DENSE,0.7666666666666666,DENSE: entropy=0.88>0.7; max_block=0.027<0.03; many_blocks_above_0.01=28,,,,block_size=256 spans ~4.9 token rows; cannot resolve sub-block spatial detail
X->P,7,13,DENSE,0.5,DENSE: entropy=0.85>0.7; many_blocks_above_0.01=24,,,,block_size=256 spans ~4.9 token rows; cannot resolve sub-block spatial detail
P->X,7,14,DENSE,0.5,DENSE: entropy=0.95>0.7; many_blocks_above_0.01=29,,,"[0, 1, 6, 7, 8, 9, 10, 11, 12, 13, 14, 15, 16, 17, 18, 19, 20, 21, 22, 23, 24, 25, 26]",block_size=256 spans ~4.9 token rows; cannot resolve sub-block spatial detail
P->S,7,14,DENSE,0.5,DENSE: entropy=0.94>0.7; many_blocks_above_0.01=29,,,"[0, 1, 2, 3, 4, 5, 6, 7, 8, 9, 10, 11, 12, 13, 14, 15, 16, 17, 18, 19, 20, 21, 22, 23, 24, 25, 26, 27]",block_size=256 spans ~4.9 token rows; cannot resolve sub-block spatial detail
P->R1,7,14,DENSE,0.5,DENSE: entropy=0.95>0.7; many_blocks_above_0.01=33,,,"[0, 1, 2, 3, 4, 5, 6, 7, 8, 9, 10, 11, 12, 13, 14, 15, 16, 17, 18, 19, 20, 21, 22, 23, 24, 25, 26, 27]",block_size=256 spans ~4.9 token rows; cannot resolve sub-block spatial detail
X->P,7,14,DENSE,0.5,DENSE: entropy=0.95>0.7; many_blocks_above_0.01=30,,,,block_size=256 spans ~4.9 token rows; cannot resolve sub-block spatial detail
X->X,7,14,DENSE,0.6,DENSE: entropy=0.94>0.7; max_block=0.015<0.03,,,,block_size=256 spans ~4.9 token rows; cannot resolve sub-block spatial detail
X->S,7,14,DENSE,0.5,DENSE: entropy=0.91>0.7; many_blocks_above_0.01=21,,,,block_size=256 spans ~4.9 token rows; cannot resolve sub-block spatial detail
X->R1,7,14,DENSE,0.6,DENSE: entropy=0.95>0.7; max_block=0.014<0.03,,,,block_size=256 spans ~4.9 token rows; cannot resolve sub-block spatial detail
S->P,7,14,DENSE,0.5,DENSE: entropy=0.97>0.7; many_blocks_above_0.01=34,,,,block_size=256 spans ~4.9 token rows; cannot resolve sub-block spatial detail
S->X,7,14,DENSE,0.6,DENSE: entropy=0.95>0.7; max_block=0.020<0.03,,,,block_size=256 spans ~4.9 token rows; cannot resolve sub-block spatial detail
S->S,7,14,DENSE,0.6,DENSE: entropy=0.94>0.7; max_block=0.017<0.03,,,,block_size=256 spans ~4.9 token rows; cannot resolve sub-block spatial detail
S->R1,7,14,DENSE,0.6,DENSE: entropy=0.94>0.7; max_block=0.023<0.03,,,,block_size=256 spans ~4.9 token rows; cannot resolve sub-block spatial detail
R1->P,7,14,DENSE,0.5,DENSE: entropy=0.98>0.7; many_blocks_above_0.01=34,,,,block_size=256 spans ~4.9 token rows; cannot resolve sub-block spatial detail
R1->S,7,14,DENSE,0.6,DENSE: entropy=0.95>0.7; max_block=0.025<0.03,,,,block_size=256 spans ~4.9 token rows; cannot resolve sub-block spatial detail
R1->R1,7,14,DENSE,0.6,DENSE: entropy=0.94>0.7; max_block=0.027<0.03,,,,block_size=256 spans ~4.9 token rows; cannot resolve sub-block spatial detail
P->X,7,15,DENSE,0.5,DENSE: entropy=0.90>0.7; many_blocks_above_0.01=22,,,[27],block_size=256 spans ~4.9 token rows; cannot resolve sub-block spatial detail
P->S,7,15,DENSE,0.5,DENSE: entropy=0.83>0.7; many_blocks_above_0.01=21,,,"[1, 2, 3, 4, 5, 6, 7, 8]",block_size=256 spans ~4.9 token rows; cannot resolve sub-block spatial detail
X->P,7,15,DENSE,0.5,DENSE: entropy=0.95>0.7; many_blocks_above_0.01=29,,,,block_size=256 spans ~4.9 token rows; cannot resolve sub-block spatial detail
X->X,7,15,DENSE,0.7666666666666666,DENSE: entropy=0.91>0.7; max_block=0.023<0.03; many_blocks_above_0.01=25,,,,block_size=256 spans ~4.9 token rows; cannot resolve sub-block spatial detail
X->S,7,15,DENSE,0.5,DENSE: entropy=0.83>0.7; many_blocks_above_0.01=20,,,,block_size=256 spans ~4.9 token rows; cannot resolve sub-block spatial detail
S->P,7,15,DENSE,0.5,DENSE: entropy=0.97>0.7; many_blocks_above_0.01=33,,,,block_size=256 spans ~4.9 token rows; cannot resolve sub-block spatial detail
S->X,7,15,DENSE,0.3333333333333333,DENSE: entropy=0.92>0.7,,,,block_size=256 spans ~4.9 token rows; cannot resolve sub-block spatial detail
S->S,7,15,DENSE,0.7666666666666666,DENSE: entropy=0.89>0.7; max_block=0.019<0.03; many_blocks_above_0.01=25,,,,block_size=256 spans ~4.9 token rows; cannot resolve sub-block spatial detail
S->R1,7,15,DENSE,0.3333333333333333,DENSE: entropy=0.90>0.7,,,,block_size=256 spans ~4.9 token rows; cannot resolve sub-block spatial detail
R1->P,7,15,DENSE,0.5,DENSE: entropy=0.96>0.7; many_blocks_above_0.01=33,,,,block_size=256 spans ~4.9 token rows; cannot resolve sub-block spatial detail
R1->S,7,15,DENSE,0.3333333333333333,DENSE: entropy=0.84>0.7,,,,block_size=256 spans ~4.9 token rows; cannot resolve sub-block spatial detail
R1->R1,7,15,DENSE,0.7666666666666666,DENSE: entropy=0.90>0.7; max_block=0.025<0.03; many_blocks_above_0.01=20,,,,block_size=256 spans ~4.9 token rows; cannot resolve sub-block spatial detail
P->X,7,16,DENSE,0.5,DENSE: entropy=0.94>0.7; many_blocks_above_0.01=28,,,,block_size=256 spans ~4.9 token rows; cannot resolve sub-block spatial detail
P->S,7,16,DENSE,0.5,DENSE: entropy=0.85>0.7; many_blocks_above_0.01=25,,,"[4, 5, 6, 7, 8, 9, 10, 11, 12]",block_size=256 spans ~4.9 token rows; cannot resolve sub-block spatial detail
P->R1,7,16,DENSE,0.5,DENSE: entropy=0.92>0.7; many_blocks_above_0.01=28,,,"[3, 4, 5, 6, 7, 8, 9, 10, 11, 12, 13, 14, 15, 16, 17, 18, 19, 20, 21, 22, 23, 24, 25, 26, 27]",block_size=256 spans ~4.9 token rows; cannot resolve sub-block spatial detail
X->P,7,16,DENSE,0.5,DENSE: entropy=0.94>0.7; many_blocks_above_0.01=31,,,,block_size=256 spans ~4.9 token rows; cannot resolve sub-block spatial detail
X->S,7,16,DENSE,0.5,DENSE: entropy=0.88>0.7; many_blocks_above_0.01=23,,,,block_size=256 spans ~4.9 token rows; cannot resolve sub-block spatial detail
X->R1,7,16,DENSE,0.7666666666666666,DENSE: entropy=0.92>0.7; max_block=0.021<0.03; many_blocks_above_0.01=21,,,,block_size=256 spans ~4.9 token rows; cannot resolve sub-block spatial detail
S->P,7,16,DENSE,0.5,DENSE: entropy=0.91>0.7; many_blocks_above_0.01=21,,,,block_size=256 spans ~4.9 token rows; cannot resolve sub-block spatial detail
S->X,7,16,DENSE,0.3333333333333333,DENSE: entropy=0.89>0.7,,,,block_size=256 spans ~4.9 token rows; cannot resolve sub-block spatial detail
S->R1,7,16,DENSE,0.3333333333333333,DENSE: entropy=0.92>0.7,,,,block_size=256 spans ~4.9 token rows; cannot resolve sub-block spatial detail
R1->P,7,16,DENSE,0.5,DENSE: entropy=0.89>0.7; many_blocks_above_0.01=20,,,,block_size=256 spans ~4.9 token rows; cannot resolve sub-block spatial detail
R1->X,7,16,DENSE,0.6,DENSE: entropy=0.96>0.7; max_block=0.017<0.03,,,"[0, 1, 2]",block_size=256 spans ~4.9 token rows; cannot resolve sub-block spatial detail
R1->R1,7,16,DENSE,0.7666666666666666,DENSE: entropy=0.92>0.7; max_block=0.020<0.03; many_blocks_above_0.01=21,,,,block_size=256 spans ~4.9 token rows; cannot resolve sub-block spatial detail
P->X,7,17,DENSE,0.3333333333333333,DENSE: entropy=0.81>0.7,,,,block_size=256 spans ~4.9 token rows; cannot resolve sub-block spatial detail
P->S,7,17,DENSE,0.3333333333333333,DENSE: entropy=0.78>0.7,,,,block_size=256 spans ~4.9 token rows; cannot resolve sub-block spatial detail
X->X,7,17,DENSE,0.5,DENSE: entropy=0.78>0.7; many_blocks_above_0.01=24,,,,block_size=256 spans ~4.9 token rows; cannot resolve sub-block spatial detail
S->X,7,17,DENSE,0.5,DENSE: entropy=0.90>0.7; many_blocks_above_0.01=23,,,,block_size=256 spans ~4.9 token rows; cannot resolve sub-block spatial detail
S->S,7,17,DENSE,0.5,DENSE: entropy=0.78>0.7; many_blocks_above_0.01=22,,,,block_size=256 spans ~4.9 token rows; cannot resolve sub-block spatial detail
R1->R1,7,17,DENSE,0.5,DENSE: entropy=0.84>0.7; many_blocks_above_0.01=22,,,,block_size=256 spans ~4.9 token rows; cannot resolve sub-block spatial detail
P->X,7,18,DENSE,0.5,DENSE: entropy=0.96>0.7; many_blocks_above_0.01=30,,,[27],block_size=256 spans ~4.9 token rows; cannot resolve sub-block spatial detail
X->P,7,18,DENSE,0.5,DENSE: entropy=0.91>0.7; many_blocks_above_0.01=21,,,,block_size=256 spans ~4.9 token rows; cannot resolve sub-block spatial detail
S->P,7,18,DENSE,0.3333333333333333,DENSE: entropy=0.84>0.7,,,,block_size=256 spans ~4.9 token rows; cannot resolve sub-block spatial detail
R1->P,7,18,DENSE,0.5,DENSE: entropy=0.89>0.7; many_blocks_above_0.01=21,,,,block_size=256 spans ~4.9 token rows; cannot resolve sub-block spatial detail
R1->X,7,18,DENSE,0.5,DENSE: entropy=0.77>0.7; many_blocks_above_0.01=30,,,,block_size=256 spans ~4.9 token rows; cannot resolve sub-block spatial detail
R1->R1,7,18,DENSE,0.5,DENSE: entropy=0.76>0.7; many_blocks_above_0.01=25,,,,block_size=256 spans ~4.9 token rows; cannot resolve sub-block spatial detail
P->X,7,19,DENSE,0.5,DENSE: entropy=0.96>0.7; many_blocks_above_0.01=31,,,"[0, 1, 2, 3, 4, 5, 6, 7, 8, 9, 10, 11, 12, 13, 14, 15, 16, 17, 18, 19, 20, 21, 22, 23, 24, 25, 26, 27]",block_size=256 spans ~4.9 token rows; cannot resolve sub-block spatial detail
P->S,7,19,DENSE,0.5,DENSE: entropy=0.96>0.7; many_blocks_above_0.01=32,,,"[2, 3, 4, 5, 6, 7, 8, 9, 10, 11, 12, 13, 14, 15, 16, 17, 18, 19, 20, 21, 22, 23, 24, 25, 26, 27]",block_size=256 spans ~4.9 token rows; cannot resolve sub-block spatial detail
P->R1,7,19,DENSE,0.5,DENSE: entropy=0.97>0.7; many_blocks_above_0.01=33,,,"[1, 2, 3, 4, 5, 6, 7, 8, 9, 10, 11, 12, 13, 14, 15, 16, 17, 18, 19, 20, 21, 22, 23, 24, 25, 26, 27]",block_size=256 spans ~4.9 token rows; cannot resolve sub-block spatial detail
X->P,7,19,DENSE,0.5,DENSE: entropy=0.92>0.7; many_blocks_above_0.01=23,,,,block_size=256 spans ~4.9 token rows; cannot resolve sub-block spatial detail
X->R1,7,19,DENSE,0.6,DENSE: entropy=0.97>0.7; max_block=0.010<0.03,,,,block_size=256 spans ~4.9 token rows; cannot resolve sub-block spatial detail
S->P,7,19,DENSE,0.5,DENSE: entropy=0.93>0.7; many_blocks_above_0.01=24,,,,block_size=256 spans ~4.9 token rows; cannot resolve sub-block spatial detail
S->R1,7,19,DENSE,0.6,DENSE: entropy=0.97>0.7; max_block=0.009<0.03,,,,block_size=256 spans ~4.9 token rows; cannot resolve sub-block spatial detail
R1->P,7,19,DENSE,0.3333333333333333,DENSE: entropy=0.90>0.7,,,,block_size=256 spans ~4.9 token rows; cannot resolve sub-block spatial detail
R1->R1,7,19,DENSE,0.6,DENSE: entropy=0.97>0.7; max_block=0.012<0.03,,,,block_size=256 spans ~4.9 token rows; cannot resolve sub-block spatial detail
P->P,7,20,DENSE,0.3333333333333333,DENSE: entropy=0.74>0.7,,,,block_size=256 spans ~4.9 token rows; cannot resolve sub-block spatial detail
P->X,7,20,DENSE,0.5,DENSE: entropy=0.96>0.7; many_blocks_above_0.01=30,,,,block_size=256 spans ~4.9 token rows; cannot resolve sub-block spatial detail
P->S,7,20,DENSE,0.3333333333333333,DENSE: entropy=0.83>0.7,,,,block_size=256 spans ~4.9 token rows; cannot resolve sub-block spatial detail
P->R1,7,20,DENSE,0.5,DENSE: entropy=0.92>0.7; many_blocks_above_0.01=28,,,"[2, 3, 4, 5, 6, 7, 8, 9, 10, 11, 12, 13, 14, 15, 16, 17, 18, 19, 20, 21]",block_size=256 spans ~4.9 token rows; cannot resolve sub-block spatial detail
X->P,7,20,DENSE,0.5,DENSE: entropy=0.90>0.7; many_blocks_above_0.01=22,,,,block_size=256 spans ~4.9 token rows; cannot resolve sub-block spatial detail
X->X,7,20,DENSE,0.7666666666666666,DENSE: entropy=0.84>0.7; max_block=0.024<0.03; many_blocks_above_0.01=40,,,,block_size=256 spans ~4.9 token rows; cannot resolve sub-block spatial detail
X->R1,7,20,DENSE,0.7666666666666666,DENSE: entropy=0.83>0.7; max_block=0.028<0.03; many_blocks_above_0.01=38,,,,block_size=256 spans ~4.9 token rows; cannot resolve sub-block spatial detail
S->P,7,20,DENSE,0.5,DENSE: entropy=0.94>0.7; many_blocks_above_0.01=27,,,,block_size=256 spans ~4.9 token rows; cannot resolve sub-block spatial detail
S->X,7,20,DENSE,0.5,DENSE: entropy=0.81>0.7; many_blocks_above_0.01=21,,,,block_size=256 spans ~4.9 token rows; cannot resolve sub-block spatial detail
S->S,7,20,DENSE,0.7666666666666666,DENSE: entropy=0.83>0.7; max_block=0.029<0.03; many_blocks_above_0.01=36,,,,block_size=256 spans ~4.9 token rows; cannot resolve sub-block spatial detail
S->R1,7,20,DENSE,0.3333333333333333,DENSE: entropy=0.76>0.7,,,,block_size=256 spans ~4.9 token rows; cannot resolve sub-block spatial detail
R1->P,7,20,DENSE,0.5,DENSE: entropy=0.92>0.7; many_blocks_above_0.01=26,,,,block_size=256 spans ~4.9 token rows; cannot resolve sub-block spatial detail
R1->X,7,20,DENSE,0.7666666666666666,DENSE: entropy=0.87>0.7; max_block=0.024<0.03; many_blocks_above_0.01=33,,,,block_size=256 spans ~4.9 token rows; cannot resolve sub-block spatial detail
R1->R1,7,20,DENSE,0.5,DENSE: entropy=0.81>0.7; many_blocks_above_0.01=32,,,,block_size=256 spans ~4.9 token rows; cannot resolve sub-block spatial detail
P->X,7,21,DENSE,0.5,DENSE: entropy=0.96>0.7; many_blocks_above_0.01=29,,,,block_size=256 spans ~4.9 token rows; cannot resolve sub-block spatial detail
X->P,7,21,DENSE,0.5,DENSE: entropy=0.95>0.7; many_blocks_above_0.01=30,,,,block_size=256 spans ~4.9 token rows; cannot resolve sub-block spatial detail
X->X,7,21,DENSE,0.7666666666666666,DENSE: entropy=0.91>0.7; max_block=0.025<0.03; many_blocks_above_0.01=24,,,,block_size=256 spans ~4.9 token rows; cannot resolve sub-block spatial detail
S->P,7,21,DENSE,0.5,DENSE: entropy=0.96>0.7; many_blocks_above_0.01=31,,,,block_size=256 spans ~4.9 token rows; cannot resolve sub-block spatial detail
S->X,7,21,DENSE,0.3333333333333333,DENSE: entropy=0.91>0.7,,,,block_size=256 spans ~4.9 token rows; cannot resolve sub-block spatial detail
S->S,7,21,DENSE,0.7666666666666666,DENSE: entropy=0.91>0.7; max_block=0.021<0.03; many_blocks_above_0.01=24,,,,block_size=256 spans ~4.9 token rows; cannot resolve sub-block spatial detail
S->R1,7,21,DENSE,0.3333333333333333,DENSE: entropy=0.84>0.7,,,,block_size=256 spans ~4.9 token rows; cannot resolve sub-block spatial detail
R1->P,7,21,DENSE,0.5,DENSE: entropy=0.93>0.7; many_blocks_above_0.01=27,,,,block_size=256 spans ~4.9 token rows; cannot resolve sub-block spatial detail
R1->X,7,21,DENSE,0.6,DENSE: entropy=0.95>0.7; max_block=0.018<0.03,,,,block_size=256 spans ~4.9 token rows; cannot resolve sub-block spatial detail
R1->S,7,21,DENSE,0.5,DENSE: entropy=0.81>0.7; many_blocks_above_0.01=25,,,,block_size=256 spans ~4.9 token rows; cannot resolve sub-block spatial detail
R1->R1,7,21,DENSE,0.7666666666666666,DENSE: entropy=0.92>0.7; max_block=0.019<0.03; many_blocks_above_0.01=20,,,,block_size=256 spans ~4.9 token rows; cannot resolve sub-block spatial detail
P->X,7,22,DENSE,0.5,DENSE: entropy=0.83>0.7; many_blocks_above_0.01=20,,,,block_size=256 spans ~4.9 token rows; cannot resolve sub-block spatial detail
P->S,7,22,DENSE,0.3333333333333333,DENSE: entropy=0.81>0.7,,,"[0, 1, 2]",block_size=256 spans ~4.9 token rows; cannot resolve sub-block spatial detail
P->R1,7,22,DENSE,0.5,DENSE: entropy=0.79>0.7; many_blocks_above_0.01=21,,,,block_size=256 spans ~4.9 token rows; cannot resolve sub-block spatial detail
X->P,7,22,DENSE,0.5,DENSE: entropy=0.90>0.7; many_blocks_above_0.01=25,,,,block_size=256 spans ~4.9 token rows; cannot resolve sub-block spatial detail
S->P,7,22,DENSE,0.5,DENSE: entropy=0.90>0.7; many_blocks_above_0.01=25,,,,block_size=256 spans ~4.9 token rows; cannot resolve sub-block spatial detail
S->X,7,22,DENSE,0.3333333333333333,DENSE: entropy=0.81>0.7,,,,block_size=256 spans ~4.9 token rows; cannot resolve sub-block spatial detail
S->R1,7,22,DENSE,0.3333333333333333,DENSE: entropy=0.79>0.7,,,,block_size=256 spans ~4.9 token rows; cannot resolve sub-block spatial detail
R1->P,7,22,DENSE,0.5,DENSE: entropy=0.89>0.7; many_blocks_above_0.01=24,,,,block_size=256 spans ~4.9 token rows; cannot resolve sub-block spatial detail
R1->X,7,22,DENSE,0.5,DENSE: entropy=0.84>0.7; many_blocks_above_0.01=24,,,,block_size=256 spans ~4.9 token rows; cannot resolve sub-block spatial detail
P->P,7,23,DENSE,0.3333333333333333,DENSE: entropy=0.91>0.7,,,"[0, 1, 2, 3, 4, 5, 6, 7, 8, 9, 10, 11, 12, 13, 14, 15]",block_size=256 spans ~4.9 token rows; cannot resolve sub-block spatial detail
P->X,7,23,DENSE,0.5,DENSE: entropy=0.95>0.7; many_blocks_above_0.01=29,,,,block_size=256 spans ~4.9 token rows; cannot resolve sub-block spatial detail
P->S,7,23,DENSE,0.3333333333333333,DENSE: entropy=0.77>0.7,,,,block_size=256 spans ~4.9 token rows; cannot resolve sub-block spatial detail
P->R1,7,23,DENSE,0.5,DENSE: entropy=0.90>0.7; many_blocks_above_0.01=26,,,"[1, 2, 3, 4, 5, 6, 7, 8, 9, 10, 11, 12, 13, 14, 15]",block_size=256 spans ~4.9 token rows; cannot resolve sub-block spatial detail
S->P,7,23,DENSE,0.5,DENSE: entropy=0.92>0.7; many_blocks_above_0.01=26,,,,block_size=256 spans ~4.9 token rows; cannot resolve sub-block spatial detail
S->X,7,23,DENSE,0.5,DENSE: entropy=0.79>0.7; many_blocks_above_0.01=28,,,,block_size=256 spans ~4.9 token rows; cannot resolve sub-block spatial detail
R1->P,7,23,DENSE,0.3333333333333333,DENSE: entropy=0.79>0.7,,,,block_size=256 spans ~4.9 token rows; cannot resolve sub-block spatial detail
P->X,8,0,DENSE,0.5,DENSE: entropy=0.88>0.7; many_blocks_above_0.01=23,,,"[19, 20, 21, 22, 23, 24, 25, 26, 27]",block_size=256 spans ~4.9 token rows; cannot resolve sub-block spatial detail
P->R1,8,0,DENSE,0.3333333333333333,DENSE: entropy=0.83>0.7,,,"[26, 27]",block_size=256 spans ~4.9 token rows; cannot resolve sub-block spatial detail
X->P,8,0,DENSE,0.3333333333333333,DENSE: entropy=0.87>0.7,,,,block_size=256 spans ~4.9 token rows; cannot resolve sub-block spatial detail
X->X,8,0,DENSE,0.5,DENSE: entropy=0.79>0.7; many_blocks_above_0.01=31,,,,block_size=256 spans ~4.9 token rows; cannot resolve sub-block spatial detail
X->R1,8,0,DENSE,0.5,DENSE: entropy=0.79>0.7; many_blocks_above_0.01=28,,,,block_size=256 spans ~4.9 token rows; cannot resolve sub-block spatial detail
S->P,8,0,DENSE,0.5,DENSE: entropy=0.89>0.7; many_blocks_above_0.01=21,,,,block_size=256 spans ~4.9 token rows; cannot resolve sub-block spatial detail
S->X,8,0,DENSE,0.6,DENSE: entropy=0.94>0.7; max_block=0.020<0.03,,,,block_size=256 spans ~4.9 token rows; cannot resolve sub-block spatial detail
S->S,8,0,DENSE,0.5,DENSE: entropy=0.82>0.7; many_blocks_above_0.01=24,,,,block_size=256 spans ~4.9 token rows; cannot resolve sub-block spatial detail
S->R1,8,0,DENSE,0.6,DENSE: entropy=0.92>0.7; max_block=0.023<0.03,,,,block_size=256 spans ~4.9 token rows; cannot resolve sub-block spatial detail
R1->P,8,0,DENSE,0.3333333333333333,DENSE: entropy=0.88>0.7,,,,block_size=256 spans ~4.9 token rows; cannot resolve sub-block spatial detail
R1->X,8,0,DENSE,0.5,DENSE: entropy=0.87>0.7; many_blocks_above_0.01=24,,,,block_size=256 spans ~4.9 token rows; cannot resolve sub-block spatial detail
R1->R1,8,0,DENSE,0.5,DENSE: entropy=0.78>0.7; many_blocks_above_0.01=25,,,,block_size=256 spans ~4.9 token rows; cannot resolve sub-block spatial detail
P->X,8,1,DENSE,0.5,DENSE: entropy=0.91>0.7; many_blocks_above_0.01=23,,,"[0, 1, 2, 3, 4, 11, 12, 13, 14, 15, 16, 17, 18, 19, 20, 21, 22, 23, 24, 25, 26, 27]",block_size=256 spans ~4.9 token rows; cannot resolve sub-block spatial detail
X->X,8,1,DENSE,0.3333333333333333,DENSE: entropy=0.91>0.7,,,,block_size=256 spans ~4.9 token rows; cannot resolve sub-block spatial detail
S->X,8,1,DENSE,0.6,DENSE: entropy=0.93>0.7; max_block=0.029<0.03,,,,block_size=256 spans ~4.9 token rows; cannot resolve sub-block spatial detail
S->S,8,1,DENSE,0.3333333333333333,DENSE: entropy=0.82>0.7,,,,block_size=256 spans ~4.9 token rows; cannot resolve sub-block spatial detail
R1->P,8,1,DENSE,0.5,DENSE: entropy=0.93>0.7; many_blocks_above_0.01=24,,,,block_size=256 spans ~4.9 token rows; cannot resolve sub-block spatial detail
R1->X,8,1,DENSE,0.6,DENSE: entropy=0.94>0.7; max_block=0.027<0.03,,,,block_size=256 spans ~4.9 token rows; cannot resolve sub-block spatial detail
R1->R1,8,1,DENSE,0.3333333333333333,DENSE: entropy=0.86>0.7,,,,block_size=256 spans ~4.9 token rows; cannot resolve sub-block spatial detail
P->X,8,2,DENSE,0.5,DENSE: entropy=0.93>0.7; many_blocks_above_0.01=26,,,,block_size=256 spans ~4.9 token rows; cannot resolve sub-block spatial detail
P->S,8,2,DENSE,0.5,DENSE: entropy=0.74>0.7; many_blocks_above_0.01=20,,,[0],block_size=256 spans ~4.9 token rows; cannot resolve sub-block spatial detail
X->P,8,2,DENSE,0.3333333333333333,DENSE: entropy=0.90>0.7,,,,block_size=256 spans ~4.9 token rows; cannot resolve sub-block spatial detail
S->R1,8,2,DENSE,0.5,DENSE: entropy=0.79>0.7; many_blocks_above_0.01=27,,,,block_size=256 spans ~4.9 token rows; cannot resolve sub-block spatial detail
X->P,8,3,DENSE,0.5,DENSE: entropy=0.89>0.7; many_blocks_above_0.01=21,,,"[0, 1]",block_size=256 spans ~4.9 token rows; cannot resolve sub-block spatial detail
S->P,8,3,DENSE,0.5,DENSE: entropy=0.92>0.7; many_blocks_above_0.01=25,,,,block_size=256 spans ~4.9 token rows; cannot resolve sub-block spatial detail
R1->P,8,3,DENSE,0.5,DENSE: entropy=0.94>0.7; many_blocks_above_0.01=29,,,,block_size=256 spans ~4.9 token rows; cannot resolve sub-block spatial detail
P->X,8,4,DENSE,0.5,DENSE: entropy=0.95>0.7; many_blocks_above_0.01=30,,,,block_size=256 spans ~4.9 token rows; cannot resolve sub-block spatial detail
P->S,8,4,DENSE,0.5,DENSE: entropy=0.77>0.7; many_blocks_above_0.01=25,,,"[0, 1]",block_size=256 spans ~4.9 token rows; cannot resolve sub-block spatial detail
P->R1,8,4,DENSE,0.5,DENSE: entropy=0.97>0.7; many_blocks_above_0.01=34,,,"[0, 1, 2, 3, 4, 5, 6, 7, 8, 9, 10, 11, 12, 13, 14, 15, 16, 17, 18, 19, 20, 21, 22, 23, 24, 25, 26, 27]",block_size=256 spans ~4.9 token rows; cannot resolve sub-block spatial detail
X->P,8,4,DENSE,0.5,DENSE: entropy=0.92>0.7; many_blocks_above_0.01=21,,,,block_size=256 spans ~4.9 token rows; cannot resolve sub-block spatial detail
X->X,8,4,DENSE,0.6,DENSE: entropy=0.95>0.7; max_block=0.019<0.03,,,,block_size=256 spans ~4.9 token rows; cannot resolve sub-block spatial detail
X->S,8,4,DENSE,0.3333333333333333,DENSE: entropy=0.77>0.7,,,,block_size=256 spans ~4.9 token rows; cannot resolve sub-block spatial detail
X->R1,8,4,DENSE,0.6,DENSE: entropy=0.96>0.7; max_block=0.014<0.03,,,,block_size=256 spans ~4.9 token rows; cannot resolve sub-block spatial detail
S->P,8,4,DENSE,0.5,DENSE: entropy=0.92>0.7; many_blocks_above_0.01=24,,,,block_size=256 spans ~4.9 token rows; cannot resolve sub-block spatial detail
S->X,8,4,DENSE,0.6,DENSE: entropy=0.96>0.7; max_block=0.022<0.03,,,,block_size=256 spans ~4.9 token rows; cannot resolve sub-block spatial detail
S->R1,8,4,DENSE,0.3333333333333333,DENSE: entropy=0.91>0.7,,,,block_size=256 spans ~4.9 token rows; cannot resolve sub-block spatial detail
R1->P,8,4,DENSE,0.5,DENSE: entropy=0.92>0.7; many_blocks_above_0.01=22,,,,block_size=256 spans ~4.9 token rows; cannot resolve sub-block spatial detail
R1->S,8,4,DENSE,0.3333333333333333,DENSE: entropy=0.90>0.7,,,,block_size=256 spans ~4.9 token rows; cannot resolve sub-block spatial detail
P->P,8,5,DENSE,0.3333333333333333,DENSE: entropy=0.73>0.7,,,,block_size=256 spans ~4.9 token rows; cannot resolve sub-block spatial detail
P->X,8,5,DENSE,0.5,DENSE: entropy=0.97>0.7; many_blocks_above_0.01=31,,,"[0, 1, 2, 3, 4]",block_size=256 spans ~4.9 token rows; cannot resolve sub-block spatial detail
P->S,8,5,DENSE,0.5,DENSE: entropy=0.85>0.7; many_blocks_above_0.01=21,,,,block_size=256 spans ~4.9 token rows; cannot resolve sub-block spatial detail
P->R1,8,5,DENSE,0.5,DENSE: entropy=0.96>0.7; many_blocks_above_0.01=32,,,"[22, 23, 24, 25, 26, 27]",block_size=256 spans ~4.9 token rows; cannot resolve sub-block spatial detail
X->P,8,5,DENSE,0.5,DENSE: entropy=0.95>0.7; many_blocks_above_0.01=31,,,,block_size=256 spans ~4.9 token rows; cannot resolve sub-block spatial detail
X->X,8,5,DENSE,0.7666666666666666,DENSE: entropy=0.88>0.7; max_block=0.024<0.03; many_blocks_above_0.01=31,,,,block_size=256 spans ~4.9 token rows; cannot resolve sub-block spatial detail
X->S,8,5,DENSE,0.5,DENSE: entropy=0.75>0.7; many_blocks_above_0.01=27,,,,block_size=256 spans ~4.9 token rows; cannot resolve sub-block spatial detail
X->R1,8,5,DENSE,0.5,DENSE: entropy=0.85>0.7; many_blocks_above_0.01=36,,,,block_size=256 spans ~4.9 token rows; cannot resolve sub-block spatial detail
S->P,8,5,DENSE,0.5,DENSE: entropy=0.92>0.7; many_blocks_above_0.01=26,,,,block_size=256 spans ~4.9 token rows; cannot resolve sub-block spatial detail
S->X,8,5,DENSE,0.7666666666666666,DENSE: entropy=0.87>0.7; max_block=0.029<0.03; many_blocks_above_0.01=26,,,,block_size=256 spans ~4.9 token rows; cannot resolve sub-block spatial detail
R1->P,8,5,DENSE,0.5,DENSE: entropy=0.96>0.7; many_blocks_above_0.01=32,,,,block_size=256 spans ~4.9 token rows; cannot resolve sub-block spatial detail
R1->R1,8,5,DENSE,0.5,DENSE: entropy=0.81>0.7; many_blocks_above_0.01=32,,,,block_size=256 spans ~4.9 token rows; cannot resolve sub-block spatial detail
P->X,8,6,DENSE,0.5,DENSE: entropy=0.93>0.7; many_blocks_above_0.01=26,,,,block_size=256 spans ~4.9 token rows; cannot resolve sub-block spatial detail
P->S,8,6,DENSE,0.3333333333333333,DENSE: entropy=0.79>0.7,,,,block_size=256 spans ~4.9 token rows; cannot resolve sub-block spatial detail
X->P,8,6,DENSE,0.5,DENSE: entropy=0.91>0.7; many_blocks_above_0.01=22,,,,block_size=256 spans ~4.9 token rows; cannot resolve sub-block spatial detail
X->X,8,6,DENSE,0.6,DENSE: entropy=0.94>0.7; max_block=0.016<0.03,,,,block_size=256 spans ~4.9 token rows; cannot resolve sub-block spatial detail
X->S,8,6,DENSE,0.5,DENSE: entropy=0.85>0.7; many_blocks_above_0.01=24,,,,block_size=256 spans ~4.9 token rows; cannot resolve sub-block spatial detail
S->P,8,6,DENSE,0.5,DENSE: entropy=0.92>0.7; many_blocks_above_0.01=27,,,,block_size=256 spans ~4.9 token rows; cannot resolve sub-block spatial detail
S->X,8,6,DENSE,0.5,DENSE: entropy=0.86>0.7; many_blocks_above_0.01=21,,,,block_size=256 spans ~4.9 token rows; cannot resolve sub-block spatial detail
S->R1,8,6,DENSE,0.3333333333333333,DENSE: entropy=0.92>0.7,,,,block_size=256 spans ~4.9 token rows; cannot resolve sub-block spatial detail
R1->P,8,6,DENSE,0.5,DENSE: entropy=0.96>0.7; many_blocks_above_0.01=34,,,,block_size=256 spans ~4.9 token rows; cannot resolve sub-block spatial detail
R1->X,8,6,DENSE,0.6,DENSE: entropy=0.95>0.7; max_block=0.021<0.03,,,,block_size=256 spans ~4.9 token rows; cannot resolve sub-block spatial detail
R1->S,8,6,DENSE,0.5,DENSE: entropy=0.90>0.7; many_blocks_above_0.01=21,,,,block_size=256 spans ~4.9 token rows; cannot resolve sub-block spatial detail
P->X,8,7,DENSE,0.5,DENSE: entropy=0.90>0.7; many_blocks_above_0.01=24,,,"[0, 1, 2, 3]",block_size=256 spans ~4.9 token rows; cannot resolve sub-block spatial detail
P->S,8,7,DENSE,0.3333333333333333,DENSE: entropy=0.77>0.7,,,,block_size=256 spans ~4.9 token rows; cannot resolve sub-block spatial detail
X->P,8,7,DENSE,0.5,DENSE: entropy=0.94>0.7; many_blocks_above_0.01=25,,,,block_size=256 spans ~4.9 token rows; cannot resolve sub-block spatial detail
X->X,8,7,DENSE,0.7666666666666666,DENSE: entropy=0.90>0.7; max_block=0.026<0.03; many_blocks_above_0.01=27,,,,block_size=256 spans ~4.9 token rows; cannot resolve sub-block spatial detail
X->S,8,7,DENSE,0.5,DENSE: entropy=0.75>0.7; many_blocks_above_0.01=25,,,,block_size=256 spans ~4.9 token rows; cannot resolve sub-block spatial detail
S->P,8,7,DENSE,0.3333333333333333,DENSE: entropy=0.89>0.7,,,,block_size=256 spans ~4.9 token rows; cannot resolve sub-block spatial detail
S->X,8,7,DENSE,0.3333333333333333,DENSE: entropy=0.91>0.7,,,,block_size=256 spans ~4.9 token rows; cannot resolve sub-block spatial detail
S->S,8,7,DENSE,0.5,DENSE: entropy=0.85>0.7; many_blocks_above_0.01=21,,,,block_size=256 spans ~4.9 token rows; cannot resolve sub-block spatial detail
S->R1,8,7,DENSE,0.3333333333333333,DENSE: entropy=0.93>0.7,,,,block_size=256 spans ~4.9 token rows; cannot resolve sub-block spatial detail
R1->X,8,7,DENSE,0.6,DENSE: entropy=0.94>0.7; max_block=0.020<0.03,,,,block_size=256 spans ~4.9 token rows; cannot resolve sub-block spatial detail
R1->R1,8,7,DENSE,0.6,DENSE: entropy=0.91>0.7; max_block=0.030<0.03,,,,block_size=256 spans ~4.9 token rows; cannot resolve sub-block spatial detail
P->X,8,8,DENSE,0.5,DENSE: entropy=0.94>0.7; many_blocks_above_0.01=27,,,,block_size=256 spans ~4.9 token rows; cannot resolve sub-block spatial detail
P->S,8,8,DENSE,0.5,DENSE: entropy=0.85>0.7; many_blocks_above_0.01=20,,,,block_size=256 spans ~4.9 token rows; cannot resolve sub-block spatial detail
P->R1,8,8,DENSE,0.5,DENSE: entropy=0.96>0.7; many_blocks_above_0.01=32,,,"[0, 1, 2, 3, 4, 5, 6, 7, 8, 9, 10, 11, 12, 13, 14, 15, 16, 17, 18, 19, 20, 21, 22, 23, 24, 25, 26, 27]",block_size=256 spans ~4.9 token rows; cannot resolve sub-block spatial detail
X->P,8,8,DENSE,0.3333333333333333,DENSE: entropy=0.89>0.7,,,,block_size=256 spans ~4.9 token rows; cannot resolve sub-block spatial detail
X->X,8,8,DENSE,0.5,DENSE: entropy=0.87>0.7; many_blocks_above_0.01=29,,,,block_size=256 spans ~4.9 token rows; cannot resolve sub-block spatial detail
X->R1,8,8,DENSE,0.5,DENSE: entropy=0.87>0.7; many_blocks_above_0.01=28,,,,block_size=256 spans ~4.9 token rows; cannot resolve sub-block spatial detail
S->P,8,8,DENSE,0.3333333333333333,DENSE: entropy=0.88>0.7,,,,block_size=256 spans ~4.9 token rows; cannot resolve sub-block spatial detail
S->X,8,8,DENSE,0.5,DENSE: entropy=0.88>0.7; many_blocks_above_0.01=26,,,,block_size=256 spans ~4.9 token rows; cannot resolve sub-block spatial detail
S->S,8,8,DENSE,0.5,DENSE: entropy=0.87>0.7; many_blocks_above_0.01=27,,,,block_size=256 spans ~4.9 token rows; cannot resolve sub-block spatial detail
S->R1,8,8,DENSE,0.3333333333333333,DENSE: entropy=0.87>0.7,,,,block_size=256 spans ~4.9 token rows; cannot resolve sub-block spatial detail
R1->P,8,8,DENSE,0.3333333333333333,DENSE: entropy=0.85>0.7,,,,block_size=256 spans ~4.9 token rows; cannot resolve sub-block spatial detail
R1->X,8,8,DENSE,0.7666666666666666,DENSE: entropy=0.90>0.7; max_block=0.024<0.03; many_blocks_above_0.01=24,,,,block_size=256 spans ~4.9 token rows; cannot resolve sub-block spatial detail
R1->S,8,8,DENSE,0.3333333333333333,DENSE: entropy=0.79>0.7,,,,block_size=256 spans ~4.9 token rows; cannot resolve sub-block spatial detail
R1->R1,8,8,DENSE,0.5,DENSE: entropy=0.87>0.7; many_blocks_above_0.01=21,,,,block_size=256 spans ~4.9 token rows; cannot resolve sub-block spatial detail
P->X,8,9,DENSE,0.5,DENSE: entropy=0.90>0.7; many_blocks_above_0.01=24,,,,block_size=256 spans ~4.9 token rows; cannot resolve sub-block spatial detail
P->S,8,9,DENSE,0.5,DENSE: entropy=0.83>0.7; many_blocks_above_0.01=21,,,,block_size=256 spans ~4.9 token rows; cannot resolve sub-block spatial detail
P->R1,8,9,DENSE,0.5,DENSE: entropy=0.91>0.7; many_blocks_above_0.01=30,,,"[4, 5, 6, 7, 8, 9, 10, 11, 12, 13, 14, 15, 16, 17, 18, 19, 20, 21, 22, 24, 26]",block_size=256 spans ~4.9 token rows; cannot resolve sub-block spatial detail
X->P,8,9,DENSE,0.5,DENSE: entropy=0.93>0.7; many_blocks_above_0.01=24,,,,block_size=256 spans ~4.9 token rows; cannot resolve sub-block spatial detail
X->X,8,9,DENSE,0.7666666666666666,DENSE: entropy=0.86>0.7; max_block=0.027<0.03; many_blocks_above_0.01=35,,,,block_size=256 spans ~4.9 token rows; cannot resolve sub-block spatial detail
X->S,8,9,DENSE,0.5,DENSE: entropy=0.76>0.7; many_blocks_above_0.01=25,,,,block_size=256 spans ~4.9 token rows; cannot resolve sub-block spatial detail
X->R1,8,9,DENSE,0.5,DENSE: entropy=0.84>0.7; many_blocks_above_0.01=30,,,,block_size=256 spans ~4.9 token rows; cannot resolve sub-block spatial detail
S->P,8,9,DENSE,0.5,DENSE: entropy=0.95>0.7; many_blocks_above_0.01=30,,,,block_size=256 spans ~4.9 token rows; cannot resolve sub-block spatial detail
S->X,8,9,DENSE,0.5,DENSE: entropy=0.86>0.7; many_blocks_above_0.01=23,,,,block_size=256 spans ~4.9 token rows; cannot resolve sub-block spatial detail
S->S,8,9,DENSE,0.5,DENSE: entropy=0.87>0.7; many_blocks_above_0.01=28,,,,block_size=256 spans ~4.9 token rows; cannot resolve sub-block spatial detail
S->R1,8,9,DENSE,0.5,DENSE: entropy=0.86>0.7; many_blocks_above_0.01=20,,,,block_size=256 spans ~4.9 token rows; cannot resolve sub-block spatial detail
R1->P,8,9,DENSE,0.5,DENSE: entropy=0.93>0.7; many_blocks_above_0.01=28,,,,block_size=256 spans ~4.9 token rows; cannot resolve sub-block spatial detail
R1->X,8,9,DENSE,0.7666666666666666,DENSE: entropy=0.90>0.7; max_block=0.024<0.03; many_blocks_above_0.01=27,,,,block_size=256 spans ~4.9 token rows; cannot resolve sub-block spatial detail
R1->S,8,9,DENSE,0.5,DENSE: entropy=0.79>0.7; many_blocks_above_0.01=24,,,,block_size=256 spans ~4.9 token rows; cannot resolve sub-block spatial detail
R1->R1,8,9,DENSE,0.5,DENSE: entropy=0.85>0.7; many_blocks_above_0.01=28,,,,block_size=256 spans ~4.9 token rows; cannot resolve sub-block spatial detail
P->X,8,10,DENSE,0.5,DENSE: entropy=0.91>0.7; many_blocks_above_0.01=22,,,"[18, 19, 20, 21, 22, 23, 24, 25, 26, 27]",block_size=256 spans ~4.9 token rows; cannot resolve sub-block spatial detail
P->S,8,10,DENSE,0.5,DENSE: entropy=0.85>0.7; many_blocks_above_0.01=21,,,"[0, 1, 2, 3]",block_size=256 spans ~4.9 token rows; cannot resolve sub-block spatial detail
P->R1,8,10,DENSE,0.5,DENSE: entropy=0.93>0.7; many_blocks_above_0.01=28,,,"[3, 4, 5, 6, 7, 8, 9, 10, 11, 12, 13, 14, 15, 16, 17, 18, 19, 20, 21, 22, 23, 24, 25, 26, 27]",block_size=256 spans ~4.9 token rows; cannot resolve sub-block spatial detail
X->P,8,10,DENSE,0.5,DENSE: entropy=0.92>0.7; many_blocks_above_0.01=26,,,,block_size=256 spans ~4.9 token rows; cannot resolve sub-block spatial detail
X->X,8,10,DENSE,0.3333333333333333,DENSE: entropy=0.83>0.7,,,,block_size=256 spans ~4.9 token rows; cannot resolve sub-block spatial detail
X->S,8,10,DENSE,0.5,DENSE: entropy=0.80>0.7; many_blocks_above_0.01=20,,,,block_size=256 spans ~4.9 token rows; cannot resolve sub-block spatial detail
X->R1,8,10,DENSE,0.3333333333333333,DENSE: entropy=0.92>0.7,,,,block_size=256 spans ~4.9 token rows; cannot resolve sub-block spatial detail
S->P,8,10,DENSE,0.5,DENSE: entropy=0.94>0.7; many_blocks_above_0.01=31,,,,block_size=256 spans ~4.9 token rows; cannot resolve sub-block spatial detail
S->X,8,10,DENSE,0.3333333333333333,DENSE: entropy=0.89>0.7,,,,block_size=256 spans ~4.9 token rows; cannot resolve sub-block spatial detail
S->S,8,10,DENSE,0.3333333333333333,DENSE: entropy=0.85>0.7,,,,block_size=256 spans ~4.9 token rows; cannot resolve sub-block spatial detail
S->R1,8,10,DENSE,0.6,DENSE: entropy=0.93>0.7; max_block=0.023<0.03,,,,block_size=256 spans ~4.9 token rows; cannot resolve sub-block spatial detail
R1->P,8,10,DENSE,0.5,DENSE: entropy=0.92>0.7; many_blocks_above_0.01=23,,,,block_size=256 spans ~4.9 token rows; cannot resolve sub-block spatial detail
R1->X,8,10,DENSE,0.3333333333333333,DENSE: entropy=0.92>0.7,,,,block_size=256 spans ~4.9 token rows; cannot resolve sub-block spatial detail
R1->S,8,10,DENSE,0.5,DENSE: entropy=0.88>0.7; many_blocks_above_0.01=25,,,,block_size=256 spans ~4.9 token rows; cannot resolve sub-block spatial detail
R1->R1,8,10,DENSE,0.3333333333333333,DENSE: entropy=0.82>0.7,,,,block_size=256 spans ~4.9 token rows; cannot resolve sub-block spatial detail
P->X,8,11,DENSE,0.5,DENSE: entropy=0.93>0.7; many_blocks_above_0.01=25,,,,block_size=256 spans ~4.9 token rows; cannot resolve sub-block spatial detail
P->S,8,11,DENSE,0.5,DENSE: entropy=0.84>0.7; many_blocks_above_0.01=21,,,"[1, 2, 3]",block_size=256 spans ~4.9 token rows; cannot resolve sub-block spatial detail
X->P,8,11,DENSE,0.5,DENSE: entropy=0.91>0.7; many_blocks_above_0.01=22,,,,block_size=256 spans ~4.9 token rows; cannot resolve sub-block spatial detail
X->X,8,11,DENSE,0.5,DENSE: entropy=0.81>0.7; many_blocks_above_0.01=39,,,,block_size=256 spans ~4.9 token rows; cannot resolve sub-block spatial detail
X->R1,8,11,DENSE,0.5,DENSE: entropy=0.83>0.7; many_blocks_above_0.01=33,,,,block_size=256 spans ~4.9 token rows; cannot resolve sub-block spatial detail
S->P,8,11,DENSE,0.5,DENSE: entropy=0.96>0.7; many_blocks_above_0.01=33,,,,block_size=256 spans ~4.9 token rows; cannot resolve sub-block spatial detail
S->X,8,11,DENSE,0.5,DENSE: entropy=0.82>0.7; many_blocks_above_0.01=26,,,,block_size=256 spans ~4.9 token rows; cannot resolve sub-block spatial detail
S->S,8,11,DENSE,0.5,DENSE: entropy=0.84>0.7; many_blocks_above_0.01=33,,,,block_size=256 spans ~4.9 token rows; cannot resolve sub-block spatial detail
S->R1,8,11,DENSE,0.3333333333333333,DENSE: entropy=0.80>0.7,,,,block_size=256 spans ~4.9 token rows; cannot resolve sub-block spatial detail
R1->P,8,11,DENSE,0.5,DENSE: entropy=0.96>0.7; many_blocks_above_0.01=33,,,,block_size=256 spans ~4.9 token rows; cannot resolve sub-block spatial detail
R1->X,8,11,DENSE,0.5,DENSE: entropy=0.84>0.7; many_blocks_above_0.01=31,,,,block_size=256 spans ~4.9 token rows; cannot resolve sub-block spatial detail
R1->R1,8,11,DENSE,0.5,DENSE: entropy=0.83>0.7; many_blocks_above_0.01=32,,,,block_size=256 spans ~4.9 token rows; cannot resolve sub-block spatial detail
P->X,8,12,DENSE,0.5,DENSE: entropy=0.95>0.7; many_blocks_above_0.01=28,,,"[0, 1, 2, 3, 4, 5, 11, 12, 13, 14, 15, 16, 17, 18, 19, 20, 21, 22, 23, 24, 25, 26, 27]",block_size=256 spans ~4.9 token rows; cannot resolve sub-block spatial detail
P->S,8,12,DENSE,0.5,DENSE: entropy=0.88>0.7; many_blocks_above_0.01=22,,,"[3, 4, 5, 15, 16]",block_size=256 spans ~4.9 token rows; cannot resolve sub-block spatial detail
P->R1,8,12,DENSE,0.5,DENSE: entropy=0.94>0.7; many_blocks_above_0.01=30,,,"[6, 7, 8, 9, 10, 11, 12, 13, 14, 15, 16, 17, 18, 19, 20, 21, 22, 23, 24, 25, 26, 27]",block_size=256 spans ~4.9 token rows; cannot resolve sub-block spatial detail
X->P,8,12,DENSE,0.5,DENSE: entropy=0.96>0.7; many_blocks_above_0.01=29,,,,block_size=256 spans ~4.9 token rows; cannot resolve sub-block spatial detail
X->X,8,12,DENSE,0.6,DENSE: entropy=0.95>0.7; max_block=0.020<0.03,,,,block_size=256 spans ~4.9 token rows; cannot resolve sub-block spatial detail
X->S,8,12,DENSE,0.5,DENSE: entropy=0.89>0.7; many_blocks_above_0.01=20,,,,block_size=256 spans ~4.9 token rows; cannot resolve sub-block spatial detail
X->R1,8,12,DENSE,0.3333333333333333,DENSE: entropy=0.94>0.7,,,,block_size=256 spans ~4.9 token rows; cannot resolve sub-block spatial detail
S->P,8,12,DENSE,0.5,DENSE: entropy=0.98>0.7; many_blocks_above_0.01=34,,,,block_size=256 spans ~4.9 token rows; cannot resolve sub-block spatial detail
S->X,8,12,DENSE,0.6,DENSE: entropy=0.97>0.7; max_block=0.014<0.03,,,,block_size=256 spans ~4.9 token rows; cannot resolve sub-block spatial detail
S->S,8,12,DENSE,0.6,DENSE: entropy=0.92>0.7; max_block=0.023<0.03,,,,block_size=256 spans ~4.9 token rows; cannot resolve sub-block spatial detail
S->R1,8,12,DENSE,0.6,DENSE: entropy=0.96>0.7; max_block=0.013<0.03,,,,block_size=256 spans ~4.9 token rows; cannot resolve sub-block spatial detail
R1->P,8,12,DENSE,0.5,DENSE: entropy=0.96>0.7; many_blocks_above_0.01=33,,,,block_size=256 spans ~4.9 token rows; cannot resolve sub-block spatial detail
R1->R1,8,12,DENSE,0.3333333333333333,DENSE: entropy=0.90>0.7,,,,block_size=256 spans ~4.9 token rows; cannot resolve sub-block spatial detail
P->X,8,13,DENSE,0.5,DENSE: entropy=0.92>0.7; many_blocks_above_0.01=22,,,"[0, 1, 2, 3, 4, 5, 6, 7]",block_size=256 spans ~4.9 token rows; cannot resolve sub-block spatial detail
P->S,8,13,DENSE,0.3333333333333333,DENSE: entropy=0.76>0.7,,,[0],block_size=256 spans ~4.9 token rows; cannot resolve sub-block spatial detail
X->P,8,13,DENSE,0.3333333333333333,DENSE: entropy=0.86>0.7,,,,block_size=256 spans ~4.9 token rows; cannot resolve sub-block spatial detail
X->X,8,13,DENSE,0.6,DENSE: entropy=0.94>0.7; max_block=0.012<0.03,,,,block_size=256 spans ~4.9 token rows; cannot resolve sub-block spatial detail
S->P,8,13,DENSE,0.3333333333333333,DENSE: entropy=0.88>0.7,,,,block_size=256 spans ~4.9 token rows; cannot resolve sub-block spatial detail
S->X,8,13,DENSE,0.6,DENSE: entropy=0.95>0.7; max_block=0.021<0.03,,,,block_size=256 spans ~4.9 token rows; cannot resolve sub-block spatial detail
S->R1,8,13,DENSE,0.7666666666666666,DENSE: entropy=0.88>0.7; max_block=0.028<0.03; many_blocks_above_0.01=24,,,,block_size=256 spans ~4.9 token rows; cannot resolve sub-block spatial detail
R1->P,8,13,DENSE,0.3333333333333333,DENSE: entropy=0.87>0.7,,,,block_size=256 spans ~4.9 token rows; cannot resolve sub-block spatial detail
R1->X,8,13,DENSE,0.6,DENSE: entropy=0.95>0.7; max_block=0.011<0.03,,,,block_size=256 spans ~4.9 token rows; cannot resolve sub-block spatial detail
R1->S,8,13,DENSE,0.7666666666666666,DENSE: entropy=0.90>0.7; max_block=0.023<0.03; many_blocks_above_0.01=22,,,,block_size=256 spans ~4.9 token rows; cannot resolve sub-block spatial detail
R1->R1,8,13,DENSE,0.6,DENSE: entropy=0.93>0.7; max_block=0.018<0.03,,,,block_size=256 spans ~4.9 token rows; cannot resolve sub-block spatial detail
X->P,8,14,DENSE,0.5,DENSE: entropy=0.92>0.7; many_blocks_above_0.01=24,,,,block_size=256 spans ~4.9 token rows; cannot resolve sub-block spatial detail
X->R1,8,14,DENSE,0.5,DENSE: entropy=0.81>0.7; many_blocks_above_0.01=32,,,,block_size=256 spans ~4.9 token rows; cannot resolve sub-block spatial detail
R1->X,8,14,DENSE,0.5,DENSE: entropy=0.81>0.7; many_blocks_above_0.01=33,,,,block_size=256 spans ~4.9 token rows; cannot resolve sub-block spatial detail
P->P,8,15,DENSE,0.3333333333333333,DENSE: entropy=0.88>0.7,,,,block_size=256 spans ~4.9 token rows; cannot resolve sub-block spatial detail
P->X,8,15,DENSE,0.5,DENSE: entropy=0.95>0.7; many_blocks_above_0.01=30,,,,block_size=256 spans ~4.9 token rows; cannot resolve sub-block spatial detail
P->S,8,15,DENSE,0.3333333333333333,DENSE: entropy=0.70>0.7,,,,block_size=256 spans ~4.9 token rows; cannot resolve sub-block spatial detail
P->R1,8,15,DENSE,0.5,DENSE: entropy=0.93>0.7; many_blocks_above_0.01=30,,,"[4, 5, 6, 7, 8, 9, 10, 11, 12, 13, 14, 15, 16, 17, 18, 19, 20, 21, 22, 23, 24, 25, 26, 27]",block_size=256 spans ~4.9 token rows; cannot resolve sub-block spatial detail
S->P,8,15,DENSE,0.5,DENSE: entropy=0.93>0.7; many_blocks_above_0.01=28,,,,block_size=256 spans ~4.9 token rows; cannot resolve sub-block spatial detail
R1->P,8,15,DENSE,0.5,DENSE: entropy=0.92>0.7; many_blocks_above_0.01=27,,,,block_size=256 spans ~4.9 token rows; cannot resolve sub-block spatial detail
P->P,8,16,DENSE,0.3333333333333333,DENSE: entropy=0.81>0.7,,,,block_size=256 spans ~4.9 token rows; cannot resolve sub-block spatial detail
X->P,8,16,DENSE,0.5,DENSE: entropy=0.91>0.7; many_blocks_above_0.01=25,,,,block_size=256 spans ~4.9 token rows; cannot resolve sub-block spatial detail
S->P,8,16,DENSE,0.5,DENSE: entropy=0.92>0.7; many_blocks_above_0.01=22,,,,block_size=256 spans ~4.9 token rows; cannot resolve sub-block spatial detail
S->R1,8,16,DENSE,0.5,DENSE: entropy=0.77>0.7; many_blocks_above_0.01=29,,,,block_size=256 spans ~4.9 token rows; cannot resolve sub-block spatial detail
R1->P,8,16,DENSE,0.5,DENSE: entropy=0.92>0.7; many_blocks_above_0.01=28,,,,block_size=256 spans ~4.9 token rows; cannot resolve sub-block spatial detail
P->X,8,17,DENSE,0.5,DENSE: entropy=0.93>0.7; many_blocks_above_0.01=26,,,[0],block_size=256 spans ~4.9 token rows; cannot resolve sub-block spatial detail
P->S,8,17,DENSE,0.5,DENSE: entropy=0.87>0.7; many_blocks_above_0.01=24,,,"[0, 1, 2, 3, 4, 5, 6, 7, 8]",block_size=256 spans ~4.9 token rows; cannot resolve sub-block spatial detail
P->R1,8,17,DENSE,0.5,DENSE: entropy=0.96>0.7; many_blocks_above_0.01=31,,,"[0, 1, 2, 3, 4, 5, 6, 7, 8, 9, 10, 11, 12, 13, 14, 15, 16, 17, 18, 19, 20, 21, 22, 23, 24, 25, 26, 27]",block_size=256 spans ~4.9 token rows; cannot resolve sub-block spatial detail
X->P,8,17,DENSE,0.5,DENSE: entropy=0.92>0.7; many_blocks_above_0.01=24,,,,block_size=256 spans ~4.9 token rows; cannot resolve sub-block spatial detail
X->S,8,17,DENSE,0.5,DENSE: entropy=0.84>0.7; many_blocks_above_0.01=25,,,,block_size=256 spans ~4.9 token rows; cannot resolve sub-block spatial detail
S->P,8,17,DENSE,0.5,DENSE: entropy=0.96>0.7; many_blocks_above_0.01=32,,,,block_size=256 spans ~4.9 token rows; cannot resolve sub-block spatial detail
S->X,8,17,DENSE,0.3333333333333333,DENSE: entropy=0.92>0.7,,,,block_size=256 spans ~4.9 token rows; cannot resolve sub-block spatial detail
S->S,8,17,DENSE,0.6,DENSE: entropy=0.96>0.7; max_block=0.019<0.03,,,,block_size=256 spans ~4.9 token rows; cannot resolve sub-block spatial detail
R1->P,8,17,DENSE,0.5,DENSE: entropy=0.92>0.7; many_blocks_above_0.01=22,,,,block_size=256 spans ~4.9 token rows; cannot resolve sub-block spatial detail
R1->S,8,17,DENSE,0.3333333333333333,DENSE: entropy=0.91>0.7,,,,block_size=256 spans ~4.9 token rows; cannot resolve sub-block spatial detail
R1->R1,8,17,DENSE,0.6,DENSE: entropy=0.94>0.7; max_block=0.023<0.03,,,,block_size=256 spans ~4.9 token rows; cannot resolve sub-block spatial detail
P->X,8,18,DENSE,0.5,DENSE: entropy=0.94>0.7; many_blocks_above_0.01=26,,,,block_size=256 spans ~4.9 token rows; cannot resolve sub-block spatial detail
P->S,8,18,DENSE,0.5,DENSE: entropy=0.80>0.7; many_blocks_above_0.01=22,,,"[0, 1, 2, 3, 4]",block_size=256 spans ~4.9 token rows; cannot resolve sub-block spatial detail
X->P,8,18,DENSE,0.3333333333333333,DENSE: entropy=0.91>0.7,,,,block_size=256 spans ~4.9 token rows; cannot resolve sub-block spatial detail
X->X,8,18,DENSE,0.6,DENSE: entropy=0.95>0.7; max_block=0.015<0.03,,,,block_size=256 spans ~4.9 token rows; cannot resolve sub-block spatial detail
X->S,8,18,DENSE,0.5,DENSE: entropy=0.87>0.7; many_blocks_above_0.01=22,,,,block_size=256 spans ~4.9 token rows; cannot resolve sub-block spatial detail
X->R1,8,18,DENSE,0.6,DENSE: entropy=0.95>0.7; max_block=0.027<0.03,,,,block_size=256 spans ~4.9 token rows; cannot resolve sub-block spatial detail
S->P,8,18,DENSE,0.5,DENSE: entropy=0.96>0.7; many_blocks_above_0.01=33,,,,block_size=256 spans ~4.9 token rows; cannot resolve sub-block spatial detail
S->X,8,18,DENSE,0.6,DENSE: entropy=0.95>0.7; max_block=0.021<0.03,,,,block_size=256 spans ~4.9 token rows; cannot resolve sub-block spatial detail
S->S,8,18,DENSE,0.6,DENSE: entropy=0.92>0.7; max_block=0.020<0.03,,,,block_size=256 spans ~4.9 token rows; cannot resolve sub-block spatial detail
S->R1,8,18,DENSE,0.3333333333333333,DENSE: entropy=0.95>0.7,,,,block_size=256 spans ~4.9 token rows; cannot resolve sub-block spatial detail
R1->P,8,18,DENSE,0.5,DENSE: entropy=0.93>0.7; many_blocks_above_0.01=25,,,,block_size=256 spans ~4.9 token rows; cannot resolve sub-block spatial detail
R1->X,8,18,DENSE,0.6,DENSE: entropy=0.95>0.7; max_block=0.016<0.03,,,,block_size=256 spans ~4.9 token rows; cannot resolve sub-block spatial detail
R1->S,8,18,DENSE,0.3333333333333333,DENSE: entropy=0.91>0.7,,,,block_size=256 spans ~4.9 token rows; cannot resolve sub-block spatial detail
R1->R1,8,18,DENSE,0.6,DENSE: entropy=0.96>0.7; max_block=0.021<0.03,,,,block_size=256 spans ~4.9 token rows; cannot resolve sub-block spatial detail
P->X,8,19,DENSE,0.5,DENSE: entropy=0.88>0.7; many_blocks_above_0.01=22,,,,block_size=256 spans ~4.9 token rows; cannot resolve sub-block spatial detail
P->S,8,19,DENSE,0.3333333333333333,DENSE: entropy=0.80>0.7,,,,block_size=256 spans ~4.9 token rows; cannot resolve sub-block spatial detail
X->P,8,19,DENSE,0.3333333333333333,DENSE: entropy=0.88>0.7,,,,block_size=256 spans ~4.9 token rows; cannot resolve sub-block spatial detail
X->X,8,19,DENSE,0.5,DENSE: entropy=0.84>0.7; many_blocks_above_0.01=34,,,,block_size=256 spans ~4.9 token rows; cannot resolve sub-block spatial detail
X->R1,8,19,DENSE,0.5,DENSE: entropy=0.83>0.7; many_blocks_above_0.01=33,,,,block_size=256 spans ~4.9 token rows; cannot resolve sub-block spatial detail
S->P,8,19,DENSE,0.5,DENSE: entropy=0.88>0.7; many_blocks_above_0.01=21,,,,block_size=256 spans ~4.9 token rows; cannot resolve sub-block spatial detail
S->X,8,19,DENSE,0.5,DENSE: entropy=0.87>0.7; many_blocks_above_0.01=26,,,,block_size=256 spans ~4.9 token rows; cannot resolve sub-block spatial detail
S->S,8,19,DENSE,0.5,DENSE: entropy=0.86>0.7; many_blocks_above_0.01=28,,,,block_size=256 spans ~4.9 token rows; cannot resolve sub-block spatial detail
S->R1,8,19,DENSE,0.5,DENSE: entropy=0.74>0.7; many_blocks_above_0.01=23,,,,block_size=256 spans ~4.9 token rows; cannot resolve sub-block spatial detail
R1->P,8,19,DENSE,0.5,DENSE: entropy=0.94>0.7; many_blocks_above_0.01=30,,,,block_size=256 spans ~4.9 token rows; cannot resolve sub-block spatial detail
R1->X,8,19,DENSE,0.7666666666666666,DENSE: entropy=0.88>0.7; max_block=0.029<0.03; many_blocks_above_0.01=31,,,,block_size=256 spans ~4.9 token rows; cannot resolve sub-block spatial detail
R1->R1,8,19,DENSE,0.5,DENSE: entropy=0.85>0.7; many_blocks_above_0.01=29,,,,block_size=256 spans ~4.9 token rows; cannot resolve sub-block spatial detail
P->X,8,20,DENSE,0.5,DENSE: entropy=0.94>0.7; many_blocks_above_0.01=28,,,,block_size=256 spans ~4.9 token rows; cannot resolve sub-block spatial detail
X->P,8,20,DENSE,0.5,DENSE: entropy=0.91>0.7; many_blocks_above_0.01=20,,,,block_size=256 spans ~4.9 token rows; cannot resolve sub-block spatial detail
X->X,8,20,DENSE,0.5,DENSE: entropy=0.76>0.7; many_blocks_above_0.01=33,,,,block_size=256 spans ~4.9 token rows; cannot resolve sub-block spatial detail
R1->X,8,20,DENSE,0.5,DENSE: entropy=0.80>0.7; many_blocks_above_0.01=30,,,,block_size=256 spans ~4.9 token rows; cannot resolve sub-block spatial detail
P->X,8,21,DENSE,0.5,DENSE: entropy=0.95>0.7; many_blocks_above_0.01=31,,,,block_size=256 spans ~4.9 token rows; cannot resolve sub-block spatial detail
P->S,8,21,DENSE,0.5,DENSE: entropy=0.92>0.7; many_blocks_above_0.01=28,,,"[0, 1, 2, 3, 4, 5, 6, 7, 8, 9, 10, 11, 12, 13, 14, 15, 16, 17, 18, 19, 20, 21, 22, 23]",block_size=256 spans ~4.9 token rows; cannot resolve sub-block spatial detail
P->R1,8,21,DENSE,0.5,DENSE: entropy=0.97>0.7; many_blocks_above_0.01=33,,,"[0, 1, 2, 3, 4, 5, 6, 7, 8, 9, 10, 11, 12, 13, 14, 15, 16, 17, 18, 19, 20, 21, 22, 23, 24, 25, 26, 27]",block_size=256 spans ~4.9 token rows; cannot resolve sub-block spatial detail
X->P,8,21,DENSE,0.5,DENSE: entropy=0.94>0.7; many_blocks_above_0.01=29,,,,block_size=256 spans ~4.9 token rows; cannot resolve sub-block spatial detail
X->X,8,21,DENSE,0.7666666666666666,DENSE: entropy=0.86>0.7; max_block=0.030<0.03; many_blocks_above_0.01=34,,,,block_size=256 spans ~4.9 token rows; cannot resolve sub-block spatial detail
X->S,8,21,DENSE,0.5,DENSE: entropy=0.77>0.7; many_blocks_above_0.01=21,,,,block_size=256 spans ~4.9 token rows; cannot resolve sub-block spatial detail
X->R1,8,21,DENSE,0.7666666666666666,DENSE: entropy=0.90>0.7; max_block=0.030<0.03; many_blocks_above_0.01=26,,,,block_size=256 spans ~4.9 token rows; cannot resolve sub-block spatial detail
S->P,8,21,DENSE,0.5,DENSE: entropy=0.98>0.7; many_blocks_above_0.01=34,,,,block_size=256 spans ~4.9 token rows; cannot resolve sub-block spatial detail
S->X,8,21,DENSE,0.5,DENSE: entropy=0.90>0.7; many_blocks_above_0.01=22,,,,block_size=256 spans ~4.9 token rows; cannot resolve sub-block spatial detail
S->S,8,21,DENSE,0.7666666666666666,DENSE: entropy=0.88>0.7; max_block=0.030<0.03; many_blocks_above_0.01=22,,,,block_size=256 spans ~4.9 token rows; cannot resolve sub-block spatial detail
S->R1,8,21,DENSE,0.3333333333333333,DENSE: entropy=0.94>0.7,,,,block_size=256 spans ~4.9 token rows; cannot resolve sub-block spatial detail
R1->P,8,21,DENSE,0.5,DENSE: entropy=0.96>0.7; many_blocks_above_0.01=32,,,,block_size=256 spans ~4.9 token rows; cannot resolve sub-block spatial detail
R1->X,8,21,DENSE,0.5,DENSE: entropy=0.90>0.7; many_blocks_above_0.01=28,,,,block_size=256 spans ~4.9 token rows; cannot resolve sub-block spatial detail
R1->S,8,21,DENSE,0.3333333333333333,DENSE: entropy=0.87>0.7,,,,block_size=256 spans ~4.9 token rows; cannot resolve sub-block spatial detail
R1->R1,8,21,DENSE,0.5,DENSE: entropy=0.88>0.7; many_blocks_above_0.01=25,,,,block_size=256 spans ~4.9 token rows; cannot resolve sub-block spatial detail
P->X,8,22,DENSE,0.5,DENSE: entropy=0.93>0.7; many_blocks_above_0.01=26,,,,block_size=256 spans ~4.9 token rows; cannot resolve sub-block spatial detail
X->P,8,22,DENSE,0.5,DENSE: entropy=0.88>0.7; many_blocks_above_0.01=24,,,,block_size=256 spans ~4.9 token rows; cannot resolve sub-block spatial detail
X->X,8,22,DENSE,0.5,DENSE: entropy=0.81>0.7; many_blocks_above_0.01=35,,,,block_size=256 spans ~4.9 token rows; cannot resolve sub-block spatial detail
X->R1,8,22,DENSE,0.5,DENSE: entropy=0.84>0.7; many_blocks_above_0.01=35,,,,block_size=256 spans ~4.9 token rows; cannot resolve sub-block spatial detail
S->P,8,22,DENSE,0.3333333333333333,DENSE: entropy=0.77>0.7,,,,block_size=256 spans ~4.9 token rows; cannot resolve sub-block spatial detail
S->X,8,22,DENSE,0.5,DENSE: entropy=0.76>0.7; many_blocks_above_0.01=23,,,,block_size=256 spans ~4.9 token rows; cannot resolve sub-block spatial detail
S->S,8,22,DENSE,0.7666666666666666,DENSE: entropy=0.87>0.7; max_block=0.026<0.03; many_blocks_above_0.01=32,,,,block_size=256 spans ~4.9 token rows; cannot resolve sub-block spatial detail
S->R1,8,22,DENSE,0.5,DENSE: entropy=0.81>0.7; many_blocks_above_0.01=25,,,,block_size=256 spans ~4.9 token rows; cannot resolve sub-block spatial detail
R1->P,8,22,DENSE,0.5,DENSE: entropy=0.92>0.7; many_blocks_above_0.01=28,,,,block_size=256 spans ~4.9 token rows; cannot resolve sub-block spatial detail
R1->X,8,22,DENSE,0.5,DENSE: entropy=0.83>0.7; many_blocks_above_0.01=36,,,,block_size=256 spans ~4.9 token rows; cannot resolve sub-block spatial detail
R1->R1,8,22,DENSE,0.5,DENSE: entropy=0.85>0.7; many_blocks_above_0.01=35,,,,block_size=256 spans ~4.9 token rows; cannot resolve sub-block spatial detail
P->X,8,23,DENSE,0.5,DENSE: entropy=0.92>0.7; many_blocks_above_0.01=25,,,,block_size=256 spans ~4.9 token rows; cannot resolve sub-block spatial detail
P->S,8,23,DENSE,0.5,DENSE: entropy=0.86>0.7; many_blocks_above_0.01=23,,,"[2, 3, 4, 5, 6, 7]",block_size=256 spans ~4.9 token rows; cannot resolve sub-block spatial detail
P->R1,8,23,DENSE,0.5,DENSE: entropy=0.96>0.7; many_blocks_above_0.01=33,,,"[1, 2, 3, 4, 5, 6, 7, 8, 9, 10, 11, 12, 13, 14, 15, 16, 17, 18, 19, 20, 21, 22, 23, 24, 25, 26, 27]",block_size=256 spans ~4.9 token rows; cannot resolve sub-block spatial detail
X->P,8,23,DENSE,0.5,DENSE: entropy=0.91>0.7; many_blocks_above_0.01=21,,,,block_size=256 spans ~4.9 token rows; cannot resolve sub-block spatial detail
X->R1,8,23,DENSE,0.6,DENSE: entropy=0.96>0.7; max_block=0.012<0.03,,,,block_size=256 spans ~4.9 token rows; cannot resolve sub-block spatial detail
S->P,8,23,DENSE,0.5,DENSE: entropy=0.91>0.7; many_blocks_above_0.01=24,,,,block_size=256 spans ~4.9 token rows; cannot resolve sub-block spatial detail
S->X,8,23,DENSE,0.6,DENSE: entropy=0.92>0.7; max_block=0.029<0.03,,,,block_size=256 spans ~4.9 token rows; cannot resolve sub-block spatial detail
S->S,8,23,DENSE,0.7666666666666666,DENSE: entropy=0.88>0.7; max_block=0.021<0.03; many_blocks_above_0.01=31,,,,block_size=256 spans ~4.9 token rows; cannot resolve sub-block spatial detail
S->R1,8,23,DENSE,0.6,DENSE: entropy=0.94>0.7; max_block=0.018<0.03,,,,block_size=256 spans ~4.9 token rows; cannot resolve sub-block spatial detail
R1->P,8,23,DENSE,0.3333333333333333,DENSE: entropy=0.91>0.7,,,,block_size=256 spans ~4.9 token rows; cannot resolve sub-block spatial detail
R1->S,8,23,DENSE,0.3333333333333333,DENSE: entropy=0.90>0.7,,,,block_size=256 spans ~4.9 token rows; cannot resolve sub-block spatial detail
R1->R1,8,23,DENSE,0.6,DENSE: entropy=0.95>0.7; max_block=0.016<0.03,,,,block_size=256 spans ~4.9 token rows; cannot resolve sub-block spatial detail
P->X,9,0,DENSE,0.5,DENSE: entropy=0.95>0.7; many_blocks_above_0.01=31,,,[0],block_size=256 spans ~4.9 token rows; cannot resolve sub-block spatial detail
P->S,9,0,DENSE,0.5,DENSE: entropy=0.93>0.7; many_blocks_above_0.01=26,,,"[3, 4, 5, 6, 7, 8, 9, 10, 11, 12, 13, 14, 15, 16, 17, 18, 19, 20, 21, 22, 23, 24, 25, 26, 27]",block_size=256 spans ~4.9 token rows; cannot resolve sub-block spatial detail
P->R1,9,0,DENSE,0.5,DENSE: entropy=0.92>0.7; many_blocks_above_0.01=29,,,"[0, 1, 2, 3, 4, 5, 6, 7, 8, 9, 10, 11, 12, 13, 14, 15, 16, 17, 18, 19, 20, 21, 22, 23, 24, 25, 26, 27]",block_size=256 spans ~4.9 token rows; cannot resolve sub-block spatial detail
X->P,9,0,DENSE,0.3333333333333333,DENSE: entropy=0.88>0.7,,,,block_size=256 spans ~4.9 token rows; cannot resolve sub-block spatial detail
X->X,9,0,DENSE,0.6,DENSE: entropy=0.94>0.7; max_block=0.015<0.03,,,,block_size=256 spans ~4.9 token rows; cannot resolve sub-block spatial detail
X->S,9,0,DENSE,0.3333333333333333,DENSE: entropy=0.87>0.7,,,,block_size=256 spans ~4.9 token rows; cannot resolve sub-block spatial detail
X->R1,9,0,DENSE,0.3333333333333333,DENSE: entropy=0.92>0.7,,,,block_size=256 spans ~4.9 token rows; cannot resolve sub-block spatial detail
S->P,9,0,DENSE,0.5,DENSE: entropy=0.93>0.7; many_blocks_above_0.01=24,,,,block_size=256 spans ~4.9 token rows; cannot resolve sub-block spatial detail
S->S,9,0,DENSE,0.6,DENSE: entropy=0.91>0.7; max_block=0.021<0.03,,,,block_size=256 spans ~4.9 token rows; cannot resolve sub-block spatial detail
S->R1,9,0,DENSE,0.6,DENSE: entropy=0.93>0.7; max_block=0.030<0.03,,,,block_size=256 spans ~4.9 token rows; cannot resolve sub-block spatial detail
R1->P,9,0,DENSE,0.5,DENSE: entropy=0.91>0.7; many_blocks_above_0.01=23,,,,block_size=256 spans ~4.9 token rows; cannot resolve sub-block spatial detail
R1->S,9,0,DENSE,0.6,DENSE: entropy=0.92>0.7; max_block=0.021<0.03,,,,block_size=256 spans ~4.9 token rows; cannot resolve sub-block spatial detail
R1->R1,9,0,DENSE,0.6,DENSE: entropy=0.94>0.7; max_block=0.021<0.03,,,,block_size=256 spans ~4.9 token rows; cannot resolve sub-block spatial detail
P->X,9,1,DENSE,0.5,DENSE: entropy=0.96>0.7; many_blocks_above_0.01=31,,,,block_size=256 spans ~4.9 token rows; cannot resolve sub-block spatial detail
X->P,9,1,DENSE,0.5,DENSE: entropy=0.92>0.7; many_blocks_above_0.01=20,,,,block_size=256 spans ~4.9 token rows; cannot resolve sub-block spatial detail
X->X,9,1,DENSE,0.7666666666666666,DENSE: entropy=0.93>0.7; max_block=0.022<0.03; many_blocks_above_0.01=23,,,,block_size=256 spans ~4.9 token rows; cannot resolve sub-block spatial detail
X->S,9,1,DENSE,0.5,DENSE: entropy=0.81>0.7; many_blocks_above_0.01=23,,,,block_size=256 spans ~4.9 token rows; cannot resolve sub-block spatial detail
S->P,9,1,DENSE,0.5,DENSE: entropy=0.92>0.7; many_blocks_above_0.01=21,,,,block_size=256 spans ~4.9 token rows; cannot resolve sub-block spatial detail
S->X,9,1,DENSE,0.6,DENSE: entropy=0.96>0.7; max_block=0.016<0.03,,,,block_size=256 spans ~4.9 token rows; cannot resolve sub-block spatial detail
S->S,9,1,DENSE,0.5,DENSE: entropy=0.90>0.7; many_blocks_above_0.01=22,,,,block_size=256 spans ~4.9 token rows; cannot resolve sub-block spatial detail
S->R1,9,1,DENSE,0.3333333333333333,DENSE: entropy=0.93>0.7,,,,block_size=256 spans ~4.9 token rows; cannot resolve sub-block spatial detail
R1->P,9,1,DENSE,0.5,DENSE: entropy=0.90>0.7; many_blocks_above_0.01=20,,,,block_size=256 spans ~4.9 token rows; cannot resolve sub-block spatial detail
R1->S,9,1,DENSE,0.6,DENSE: entropy=0.93>0.7; max_block=0.025<0.03,,,,block_size=256 spans ~4.9 token rows; cannot resolve sub-block spatial detail
R1->R1,9,1,DENSE,0.7666666666666666,DENSE: entropy=0.90>0.7; max_block=0.024<0.03; many_blocks_above_0.01=27,,,,block_size=256 spans ~4.9 token rows; cannot resolve sub-block spatial detail
P->X,9,2,DENSE,0.5,DENSE: entropy=0.95>0.7; many_blocks_above_0.01=28,,,"[0, 1, 2]",block_size=256 spans ~4.9 token rows; cannot resolve sub-block spatial detail
P->S,9,2,DENSE,0.5,DENSE: entropy=0.88>0.7; many_blocks_above_0.01=21,,,,block_size=256 spans ~4.9 token rows; cannot resolve sub-block spatial detail
P->R1,9,2,DENSE,0.5,DENSE: entropy=0.94>0.7; many_blocks_above_0.01=30,,,"[4, 5, 6, 7, 8, 9, 10, 11, 12, 13, 14, 15, 16, 17, 18, 19, 20, 21, 22, 23, 24, 25, 26, 27]",block_size=256 spans ~4.9 token rows; cannot resolve sub-block spatial detail
X->P,9,2,DENSE,0.5,DENSE: entropy=0.93>0.7; many_blocks_above_0.01=25,,,,block_size=256 spans ~4.9 token rows; cannot resolve sub-block spatial detail
X->X,9,2,DENSE,0.6,DENSE: entropy=0.95>0.7; max_block=0.017<0.03,,,,block_size=256 spans ~4.9 token rows; cannot resolve sub-block spatial detail
X->S,9,2,DENSE,0.5,DENSE: entropy=0.87>0.7; many_blocks_above_0.01=30,,,,block_size=256 spans ~4.9 token rows; cannot resolve sub-block spatial detail
X->R1,9,2,DENSE,0.6,DENSE: entropy=0.94>0.7; max_block=0.020<0.03,,,"[26, 27]",block_size=256 spans ~4.9 token rows; cannot resolve sub-block spatial detail
S->P,9,2,DENSE,0.5,DENSE: entropy=0.97>0.7; many_blocks_above_0.01=34,,,,block_size=256 spans ~4.9 token rows; cannot resolve sub-block spatial detail
S->X,9,2,DENSE,0.6,DENSE: entropy=0.94>0.7; max_block=0.019<0.03,,,,block_size=256 spans ~4.9 token rows; cannot resolve sub-block spatial detail
S->S,9,2,DENSE,0.6,DENSE: entropy=0.94>0.7; max_block=0.014<0.03,,,,block_size=256 spans ~4.9 token rows; cannot resolve sub-block spatial detail
S->R1,9,2,DENSE,0.6,DENSE: entropy=0.95>0.7; max_block=0.021<0.03,,,,block_size=256 spans ~4.9 token rows; cannot resolve sub-block spatial detail
R1->P,9,2,DENSE,0.5,DENSE: entropy=0.98>0.7; many_blocks_above_0.01=34,,,,block_size=256 spans ~4.9 token rows; cannot resolve sub-block spatial detail
R1->X,9,2,DENSE,0.6,DENSE: entropy=0.96>0.7; max_block=0.014<0.03,,,,block_size=256 spans ~4.9 token rows; cannot resolve sub-block spatial detail
R1->S,9,2,DENSE,0.5,DENSE: entropy=0.91>0.7; many_blocks_above_0.01=20,,,,block_size=256 spans ~4.9 token rows; cannot resolve sub-block spatial detail
R1->R1,9,2,DENSE,0.6,DENSE: entropy=0.93>0.7; max_block=0.024<0.03,,,,block_size=256 spans ~4.9 token rows; cannot resolve sub-block spatial detail
P->X,9,3,DENSE,0.5,DENSE: entropy=0.92>0.7; many_blocks_above_0.01=25,,,"[0, 1, 2, 3, 4, 5, 6, 7, 8, 9, 10]",block_size=256 spans ~4.9 token rows; cannot resolve sub-block spatial detail
P->S,9,3,DENSE,0.3333333333333333,DENSE: entropy=0.83>0.7,,,,block_size=256 spans ~4.9 token rows; cannot resolve sub-block spatial detail
P->R1,9,3,DENSE,0.5,DENSE: entropy=0.92>0.7; many_blocks_above_0.01=28,,,"[21, 22, 26, 27]",block_size=256 spans ~4.9 token rows; cannot resolve sub-block spatial detail
X->P,9,3,DENSE,0.5,DENSE: entropy=0.88>0.7; many_blocks_above_0.01=21,,,,block_size=256 spans ~4.9 token rows; cannot resolve sub-block spatial detail
X->X,9,3,DENSE,0.5,DENSE: entropy=0.81>0.7; many_blocks_above_0.01=40,,,,block_size=256 spans ~4.9 token rows; cannot resolve sub-block spatial detail
X->R1,9,3,DENSE,0.5,DENSE: entropy=0.78>0.7; many_blocks_above_0.01=33,,,,block_size=256 spans ~4.9 token rows; cannot resolve sub-block spatial detail
S->P,9,3,DENSE,0.5,DENSE: entropy=0.90>0.7; many_blocks_above_0.01=28,,,,block_size=256 spans ~4.9 token rows; cannot resolve sub-block spatial detail
S->X,9,3,DENSE,0.5,DENSE: entropy=0.82>0.7; many_blocks_above_0.01=31,,,,block_size=256 spans ~4.9 token rows; cannot resolve sub-block spatial detail
S->S,9,3,DENSE,0.5,DENSE: entropy=0.80>0.7; many_blocks_above_0.01=33,,,,block_size=256 spans ~4.9 token rows; cannot resolve sub-block spatial detail
S->R1,9,3,DENSE,0.5,DENSE: entropy=0.84>0.7; many_blocks_above_0.01=27,,,,block_size=256 spans ~4.9 token rows; cannot resolve sub-block spatial detail
R1->P,9,3,DENSE,0.5,DENSE: entropy=0.92>0.7; many_blocks_above_0.01=26,,,,block_size=256 spans ~4.9 token rows; cannot resolve sub-block spatial detail
R1->X,9,3,DENSE,0.5,DENSE: entropy=0.81>0.7; many_blocks_above_0.01=37,,,,block_size=256 spans ~4.9 token rows; cannot resolve sub-block spatial detail
P->X,9,4,DENSE,0.5,DENSE: entropy=0.93>0.7; many_blocks_above_0.01=27,,,,block_size=256 spans ~4.9 token rows; cannot resolve sub-block spatial detail
X->P,9,4,DENSE,0.3333333333333333,DENSE: entropy=0.88>0.7,,,,block_size=256 spans ~4.9 token rows; cannot resolve sub-block spatial detail
X->X,9,4,DENSE,0.5,DENSE: entropy=0.77>0.7; many_blocks_above_0.01=37,,,,block_size=256 spans ~4.9 token rows; cannot resolve sub-block spatial detail
X->R1,9,4,DENSE,0.5,DENSE: entropy=0.78>0.7; many_blocks_above_0.01=34,,,,block_size=256 spans ~4.9 token rows; cannot resolve sub-block spatial detail
S->P,9,4,DENSE,0.5,DENSE: entropy=0.79>0.7; many_blocks_above_0.01=22,,,,block_size=256 spans ~4.9 token rows; cannot resolve sub-block spatial detail
R1->P,9,4,DENSE,0.5,DENSE: entropy=0.90>0.7; many_blocks_above_0.01=21,,,,block_size=256 spans ~4.9 token rows; cannot resolve sub-block spatial detail
R1->X,9,4,DENSE,0.5,DENSE: entropy=0.83>0.7; many_blocks_above_0.01=33,,,,block_size=256 spans ~4.9 token rows; cannot resolve sub-block spatial detail
R1->R1,9,4,DENSE,0.5,DENSE: entropy=0.79>0.7; many_blocks_above_0.01=34,,,,block_size=256 spans ~4.9 token rows; cannot resolve sub-block spatial detail
P->X,9,5,DENSE,0.5,DENSE: entropy=0.94>0.7; many_blocks_above_0.01=28,,,[0],block_size=256 spans ~4.9 token rows; cannot resolve sub-block spatial detail
P->S,9,5,DENSE,0.5,DENSE: entropy=0.91>0.7; many_blocks_above_0.01=28,,,"[3, 4, 5, 6, 7, 8, 9, 10, 11, 12, 13, 14, 15, 16, 17, 18, 19, 20, 21]",block_size=256 spans ~4.9 token rows; cannot resolve sub-block spatial detail
P->R1,9,5,DENSE,0.3333333333333333,DENSE: entropy=0.76>0.7,,,,block_size=256 spans ~4.9 token rows; cannot resolve sub-block spatial detail
X->P,9,5,DENSE,0.3333333333333333,DENSE: entropy=0.88>0.7,,,,block_size=256 spans ~4.9 token rows; cannot resolve sub-block spatial detail
X->R1,9,5,DENSE,0.5,DENSE: entropy=0.90>0.7; many_blocks_above_0.01=21,,,,block_size=256 spans ~4.9 token rows; cannot resolve sub-block spatial detail
S->P,9,5,DENSE,0.5,DENSE: entropy=0.97>0.7; many_blocks_above_0.01=33,,,,block_size=256 spans ~4.9 token rows; cannot resolve sub-block spatial detail
S->R1,9,5,DENSE,0.5,DENSE: entropy=0.85>0.7; many_blocks_above_0.01=34,,,,block_size=256 spans ~4.9 token rows; cannot resolve sub-block spatial detail
R1->P,9,5,DENSE,0.5,DENSE: entropy=0.95>0.7; many_blocks_above_0.01=30,,,,block_size=256 spans ~4.9 token rows; cannot resolve sub-block spatial detail
R1->S,9,5,DENSE,0.3333333333333333,DENSE: entropy=0.89>0.7,,,,block_size=256 spans ~4.9 token rows; cannot resolve sub-block spatial detail
R1->R1,9,5,DENSE,0.5,DENSE: entropy=0.88>0.7; many_blocks_above_0.01=27,,,,block_size=256 spans ~4.9 token rows; cannot resolve sub-block spatial detail
P->X,9,6,DENSE,0.5,DENSE: entropy=0.94>0.7; many_blocks_above_0.01=28,,,"[0, 1, 2, 3, 4, 5, 6, 7, 8, 9, 10, 11, 12, 13, 14, 15, 16, 17, 18, 19, 20, 21, 22, 23, 24, 25, 26, 27]",block_size=256 spans ~4.9 token rows; cannot resolve sub-block spatial detail
X->X,9,6,DENSE,0.7666666666666666,DENSE: entropy=0.92>0.7; max_block=0.021<0.03; many_blocks_above_0.01=23,,,,block_size=256 spans ~4.9 token rows; cannot resolve sub-block spatial detail
P->X,9,7,DENSE,0.5,DENSE: entropy=0.90>0.7; many_blocks_above_0.01=23,,,"[0, 1, 2, 3, 24, 25, 26, 27]",block_size=256 spans ~4.9 token rows; cannot resolve sub-block spatial detail
P->S,9,7,DENSE,0.3333333333333333,DENSE: entropy=0.82>0.7,,,,block_size=256 spans ~4.9 token rows; cannot resolve sub-block spatial detail
X->P,9,7,DENSE,0.3333333333333333,DENSE: entropy=0.90>0.7,,,,block_size=256 spans ~4.9 token rows; cannot resolve sub-block spatial detail
X->S,9,7,DENSE,0.5,DENSE: entropy=0.84>0.7; many_blocks_above_0.01=31,,,,block_size=256 spans ~4.9 token rows; cannot resolve sub-block spatial detail
S->X,9,7,DENSE,0.5,DENSE: entropy=0.83>0.7; many_blocks_above_0.01=28,,,,block_size=256 spans ~4.9 token rows; cannot resolve sub-block spatial detail
S->R1,9,7,DENSE,0.5,DENSE: entropy=0.90>0.7; many_blocks_above_0.01=23,,,,block_size=256 spans ~4.9 token rows; cannot resolve sub-block spatial detail
R1->P,9,7,DENSE,0.5,DENSE: entropy=0.93>0.7; many_blocks_above_0.01=26,,,,block_size=256 spans ~4.9 token rows; cannot resolve sub-block spatial detail
R1->X,9,7,DENSE,0.6,DENSE: entropy=0.94>0.7; max_block=0.026<0.03,,,,block_size=256 spans ~4.9 token rows; cannot resolve sub-block spatial detail
P->X,9,8,DENSE,0.5,DENSE: entropy=0.95>0.7; many_blocks_above_0.01=29,,,,block_size=256 spans ~4.9 token rows; cannot resolve sub-block spatial detail
P->S,9,8,DENSE,0.5,DENSE: entropy=0.91>0.7; many_blocks_above_0.01=32,,,"[0, 1, 2, 3, 4, 5, 6, 7, 8, 9, 10, 22, 23, 24, 25, 26, 27]",block_size=256 spans ~4.9 token rows; cannot resolve sub-block spatial detail
P->R1,9,8,DENSE,0.5,DENSE: entropy=0.98>0.7; many_blocks_above_0.01=33,,,"[0, 1, 2, 3, 4, 5, 6, 7, 8, 9, 10, 11, 12, 13, 14, 15, 16, 17, 18, 19, 20, 21, 22, 23, 24, 25, 26, 27]",block_size=256 spans ~4.9 token rows; cannot resolve sub-block spatial detail
X->P,9,8,DENSE,0.5,DENSE: entropy=0.91>0.7; many_blocks_above_0.01=20,,,,block_size=256 spans ~4.9 token rows; cannot resolve sub-block spatial detail
X->X,9,8,DENSE,0.7666666666666666,DENSE: entropy=0.90>0.7; max_block=0.024<0.03; many_blocks_above_0.01=29,,,,block_size=256 spans ~4.9 token rows; cannot resolve sub-block spatial detail
X->S,9,8,DENSE,0.3333333333333333,DENSE: entropy=0.77>0.7,,,,block_size=256 spans ~4.9 token rows; cannot resolve sub-block spatial detail
X->R1,9,8,DENSE,0.7666666666666666,DENSE: entropy=0.90>0.7; max_block=0.017<0.03; many_blocks_above_0.01=32,,,,block_size=256 spans ~4.9 token rows; cannot resolve sub-block spatial detail
S->P,9,8,DENSE,0.5,DENSE: entropy=0.96>0.7; many_blocks_above_0.01=33,,,,block_size=256 spans ~4.9 token rows; cannot resolve sub-block spatial detail
S->X,9,8,DENSE,0.7666666666666666,DENSE: entropy=0.92>0.7; max_block=0.024<0.03; many_blocks_above_0.01=24,,,,block_size=256 spans ~4.9 token rows; cannot resolve sub-block spatial detail
S->S,9,8,DENSE,0.5,DENSE: entropy=0.89>0.7; many_blocks_above_0.01=25,,,,block_size=256 spans ~4.9 token rows; cannot resolve sub-block spatial detail
S->R1,9,8,DENSE,0.3333333333333333,DENSE: entropy=0.90>0.7,,,,block_size=256 spans ~4.9 token rows; cannot resolve sub-block spatial detail
R1->X,9,8,DENSE,0.6,DENSE: entropy=0.93>0.7; max_block=0.018<0.03,,,,block_size=256 spans ~4.9 token rows; cannot resolve sub-block spatial detail
R1->S,9,8,DENSE,0.5,DENSE: entropy=0.91>0.7; many_blocks_above_0.01=23,,,,block_size=256 spans ~4.9 token rows; cannot resolve sub-block spatial detail
R1->R1,9,8,DENSE,0.5,DENSE: entropy=0.89>0.7; many_blocks_above_0.01=22,,,,block_size=256 spans ~4.9 token rows; cannot resolve sub-block spatial detail
P->X,9,9,DENSE,0.5,DENSE: entropy=0.93>0.7; many_blocks_above_0.01=26,,,,block_size=256 spans ~4.9 token rows; cannot resolve sub-block spatial detail
P->S,9,9,DENSE,0.5,DENSE: entropy=0.86>0.7; many_blocks_above_0.01=21,,,[4],block_size=256 spans ~4.9 token rows; cannot resolve sub-block spatial detail
X->P,9,9,DENSE,0.3333333333333333,DENSE: entropy=0.89>0.7,,,,block_size=256 spans ~4.9 token rows; cannot resolve sub-block spatial detail
X->X,9,9,DENSE,0.7666666666666666,DENSE: entropy=0.84>0.7; max_block=0.026<0.03; many_blocks_above_0.01=37,,,,block_size=256 spans ~4.9 token rows; cannot resolve sub-block spatial detail
X->S,9,9,DENSE,0.5,DENSE: entropy=0.74>0.7; many_blocks_above_0.01=24,,,,block_size=256 spans ~4.9 token rows; cannot resolve sub-block spatial detail
X->R1,9,9,DENSE,0.5,DENSE: entropy=0.84>0.7; many_blocks_above_0.01=35,,,,block_size=256 spans ~4.9 token rows; cannot resolve sub-block spatial detail
S->P,9,9,DENSE,0.5,DENSE: entropy=0.96>0.7; many_blocks_above_0.01=34,,,,block_size=256 spans ~4.9 token rows; cannot resolve sub-block spatial detail
S->X,9,9,DENSE,0.5,DENSE: entropy=0.78>0.7; many_blocks_above_0.01=23,,,,block_size=256 spans ~4.9 token rows; cannot resolve sub-block spatial detail
S->S,9,9,DENSE,0.7666666666666666,DENSE: entropy=0.85>0.7; max_block=0.026<0.03; many_blocks_above_0.01=33,,,,block_size=256 spans ~4.9 token rows; cannot resolve sub-block spatial detail
S->R1,9,9,DENSE,0.3333333333333333,DENSE: entropy=0.74>0.7,,,,block_size=256 spans ~4.9 token rows; cannot resolve sub-block spatial detail
R1->P,9,9,DENSE,0.5,DENSE: entropy=0.92>0.7; many_blocks_above_0.01=27,,,,block_size=256 spans ~4.9 token rows; cannot resolve sub-block spatial detail
R1->X,9,9,DENSE,0.7666666666666666,DENSE: entropy=0.87>0.7; max_block=0.026<0.03; many_blocks_above_0.01=34,,,,block_size=256 spans ~4.9 token rows; cannot resolve sub-block spatial detail
R1->R1,9,9,DENSE,0.7666666666666666,DENSE: entropy=0.84>0.7; max_block=0.028<0.03; many_blocks_above_0.01=33,,,,block_size=256 spans ~4.9 token rows; cannot resolve sub-block spatial detail
P->P,9,10,DENSE,0.3333333333333333,DENSE: entropy=0.74>0.7,,,,block_size=256 spans ~4.9 token rows; cannot resolve sub-block spatial detail
P->X,9,10,DENSE,0.5,DENSE: entropy=0.94>0.7; many_blocks_above_0.01=29,,,"[0, 1, 2, 3, 4, 5]",block_size=256 spans ~4.9 token rows; cannot resolve sub-block spatial detail
P->S,9,10,DENSE,0.5,DENSE: entropy=0.87>0.7; many_blocks_above_0.01=21,,,,block_size=256 spans ~4.9 token rows; cannot resolve sub-block spatial detail
P->R1,9,10,DENSE,0.5,DENSE: entropy=0.96>0.7; many_blocks_above_0.01=31,,,"[22, 23, 24, 25, 26, 27]",block_size=256 spans ~4.9 token rows; cannot resolve sub-block spatial detail
S->P,9,10,DENSE,0.5,DENSE: entropy=0.94>0.7; many_blocks_above_0.01=29,,,"[0, 1]",block_size=256 spans ~4.9 token rows; cannot resolve sub-block spatial detail
S->X,9,10,DENSE,0.5,DENSE: entropy=0.79>0.7; many_blocks_above_0.01=25,,,,block_size=256 spans ~4.9 token rows; cannot resolve sub-block spatial detail
P->X,9,11,DENSE,0.5,DENSE: entropy=0.88>0.7; many_blocks_above_0.01=24,,,"[3, 4, 5, 6, 7, 8, 25, 26, 27]",block_size=256 spans ~4.9 token rows; cannot resolve sub-block spatial detail
S->X,9,11,DENSE,0.6,DENSE: entropy=0.95>0.7; max_block=0.019<0.03,,,,block_size=256 spans ~4.9 token rows; cannot resolve sub-block spatial detail
R1->X,9,11,DENSE,0.7666666666666666,DENSE: entropy=0.93>0.7; max_block=0.021<0.03; many_blocks_above_0.01=21,,,,block_size=256 spans ~4.9 token rows; cannot resolve sub-block spatial detail
P->X,9,12,DENSE,0.5,DENSE: entropy=0.92>0.7; many_blocks_above_0.01=25,,,"[0, 1, 2, 3, 4, 5, 6, 7, 13, 14, 15, 16, 17, 18, 19, 20, 21, 22, 23, 24, 25, 26, 27]",block_size=256 spans ~4.9 token rows; cannot resolve sub-block spatial detail
X->X,9,12,DENSE,0.3333333333333333,DENSE: entropy=0.93>0.7,,,,block_size=256 spans ~4.9 token rows; cannot resolve sub-block spatial detail
S->X,9,12,DENSE,0.6,DENSE: entropy=0.95>0.7; max_block=0.018<0.03,,,,block_size=256 spans ~4.9 token rows; cannot resolve sub-block spatial detail
R1->X,9,12,DENSE,0.6,DENSE: entropy=0.95>0.7; max_block=0.025<0.03,,,,block_size=256 spans ~4.9 token rows; cannot resolve sub-block spatial detail
P->X,9,13,DENSE,0.5,DENSE: entropy=0.91>0.7; many_blocks_above_0.01=24,,,,block_size=256 spans ~4.9 token rows; cannot resolve sub-block spatial detail
P->S,9,13,DENSE,0.3333333333333333,DENSE: entropy=0.84>0.7,,,,block_size=256 spans ~4.9 token rows; cannot resolve sub-block spatial detail
X->P,9,13,DENSE,0.3333333333333333,DENSE: entropy=0.85>0.7,,,,block_size=256 spans ~4.9 token rows; cannot resolve sub-block spatial detail
X->X,9,13,DENSE,0.5,DENSE: entropy=0.83>0.7; many_blocks_above_0.01=34,,,,block_size=256 spans ~4.9 token rows; cannot resolve sub-block spatial detail
S->P,9,13,DENSE,0.3333333333333333,DENSE: entropy=0.87>0.7,,,,block_size=256 spans ~4.9 token rows; cannot resolve sub-block spatial detail
S->X,9,13,DENSE,0.7666666666666666,DENSE: entropy=0.88>0.7; max_block=0.029<0.03; many_blocks_above_0.01=29,,,,block_size=256 spans ~4.9 token rows; cannot resolve sub-block spatial detail
S->S,9,13,DENSE,0.5,DENSE: entropy=0.83>0.7; many_blocks_above_0.01=29,,,,block_size=256 spans ~4.9 token rows; cannot resolve sub-block spatial detail
S->R1,9,13,DENSE,0.5,DENSE: entropy=0.87>0.7; many_blocks_above_0.01=31,,,,block_size=256 spans ~4.9 token rows; cannot resolve sub-block spatial detail
R1->P,9,13,DENSE,0.5,DENSE: entropy=0.89>0.7; many_blocks_above_0.01=20,,,,block_size=256 spans ~4.9 token rows; cannot resolve sub-block spatial detail
R1->X,9,13,DENSE,0.5,DENSE: entropy=0.87>0.7; many_blocks_above_0.01=30,,,,block_size=256 spans ~4.9 token rows; cannot resolve sub-block spatial detail
R1->S,9,13,DENSE,0.5,DENSE: entropy=0.85>0.7; many_blocks_above_0.01=31,,,,block_size=256 spans ~4.9 token rows; cannot resolve sub-block spatial detail
R1->R1,9,13,DENSE,0.5,DENSE: entropy=0.84>0.7; many_blocks_above_0.01=32,,,,block_size=256 spans ~4.9 token rows; cannot resolve sub-block spatial detail
P->X,9,14,DENSE,0.5,DENSE: entropy=0.93>0.7; many_blocks_above_0.01=26,,,"[0, 1, 2, 3, 4, 5, 6, 7, 8, 9, 10, 11, 12, 13, 14, 15, 16, 17, 18, 19, 20, 21, 22, 23, 24, 25, 26, 27]",block_size=256 spans ~4.9 token rows; cannot resolve sub-block spatial detail
P->S,9,14,DENSE,0.5,DENSE: entropy=0.95>0.7; many_blocks_above_0.01=30,,,"[0, 1, 2, 3, 4, 5, 6, 7, 8, 9, 10, 11, 12, 13, 14, 15, 16, 17, 18, 19, 20, 21, 22, 23, 24, 25, 26, 27]",block_size=256 spans ~4.9 token rows; cannot resolve sub-block spatial detail
P->R1,9,14,DENSE,0.5,DENSE: entropy=0.95>0.7; many_blocks_above_0.01=32,,,"[0, 1, 2, 3, 4, 5, 6, 7, 8, 9, 10, 11, 12, 13, 14, 15, 16, 17, 18, 19, 20, 21, 22, 23, 24, 25, 26, 27]",block_size=256 spans ~4.9 token rows; cannot resolve sub-block spatial detail
X->P,9,14,DENSE,0.3333333333333333,DENSE: entropy=0.91>0.7,,,,block_size=256 spans ~4.9 token rows; cannot resolve sub-block spatial detail
X->S,9,14,DENSE,0.7666666666666666,DENSE: entropy=0.90>0.7; max_block=0.019<0.03; many_blocks_above_0.01=24,,,,block_size=256 spans ~4.9 token rows; cannot resolve sub-block spatial detail
X->R1,9,14,DENSE,0.7666666666666666,DENSE: entropy=0.93>0.7; max_block=0.019<0.03; many_blocks_above_0.01=24,,,,block_size=256 spans ~4.9 token rows; cannot resolve sub-block spatial detail
S->P,9,14,DENSE,0.5,DENSE: entropy=0.94>0.7; many_blocks_above_0.01=28,,,,block_size=256 spans ~4.9 token rows; cannot resolve sub-block spatial detail
S->S,9,14,DENSE,0.6,DENSE: entropy=0.94>0.7; max_block=0.015<0.03,,,,block_size=256 spans ~4.9 token rows; cannot resolve sub-block spatial detail
S->R1,9,14,DENSE,0.6,DENSE: entropy=0.95>0.7; max_block=0.016<0.03,,,,block_size=256 spans ~4.9 token rows; cannot resolve sub-block spatial detail
R1->P,9,14,DENSE,0.5,DENSE: entropy=0.95>0.7; many_blocks_above_0.01=32,,,,block_size=256 spans ~4.9 token rows; cannot resolve sub-block spatial detail
R1->S,9,14,DENSE,0.6,DENSE: entropy=0.92>0.7; max_block=0.018<0.03,,,,block_size=256 spans ~4.9 token rows; cannot resolve sub-block spatial detail
R1->R1,9,14,DENSE,0.6,DENSE: entropy=0.94>0.7; max_block=0.015<0.03,,,,block_size=256 spans ~4.9 token rows; cannot resolve sub-block spatial detail
P->X,9,15,DENSE,0.5,DENSE: entropy=0.97>0.7; many_blocks_above_0.01=32,,,"[0, 1, 2, 24, 25, 26, 27]",block_size=256 spans ~4.9 token rows; cannot resolve sub-block spatial detail
P->S,9,15,DENSE,0.5,DENSE: entropy=0.92>0.7; many_blocks_above_0.01=25,,,"[0, 1, 2, 3, 4, 5, 6, 7, 8, 9, 10, 11, 12, 13, 14, 15, 16, 17, 18, 19, 20, 21, 22, 23, 24, 25, 26, 27]",block_size=256 spans ~4.9 token rows; cannot resolve sub-block spatial detail
P->R1,9,15,DENSE,0.5,DENSE: entropy=0.96>0.7; many_blocks_above_0.01=32,,,"[0, 1, 2, 3, 4, 5, 6, 7, 8, 9, 10, 11, 12, 13, 14, 15, 16, 17, 18, 19, 20, 21, 22, 23, 24, 25, 26, 27]",block_size=256 spans ~4.9 token rows; cannot resolve sub-block spatial detail
X->P,9,15,DENSE,0.5,DENSE: entropy=0.93>0.7; many_blocks_above_0.01=23,,,,block_size=256 spans ~4.9 token rows; cannot resolve sub-block spatial detail
X->X,9,15,DENSE,0.7666666666666666,DENSE: entropy=0.87>0.7; max_block=0.023<0.03; many_blocks_above_0.01=34,,,,block_size=256 spans ~4.9 token rows; cannot resolve sub-block spatial detail
X->R1,9,15,DENSE,0.5,DENSE: entropy=0.86>0.7; many_blocks_above_0.01=28,,,,block_size=256 spans ~4.9 token rows; cannot resolve sub-block spatial detail
S->P,9,15,DENSE,0.5,DENSE: entropy=0.93>0.7; many_blocks_above_0.01=28,,,,block_size=256 spans ~4.9 token rows; cannot resolve sub-block spatial detail
S->X,9,15,DENSE,0.5,DENSE: entropy=0.91>0.7; many_blocks_above_0.01=22,,,,block_size=256 spans ~4.9 token rows; cannot resolve sub-block spatial detail
S->S,9,15,DENSE,0.5,DENSE: entropy=0.86>0.7; many_blocks_above_0.01=26,,,,block_size=256 spans ~4.9 token rows; cannot resolve sub-block spatial detail
S->R1,9,15,DENSE,0.3333333333333333,DENSE: entropy=0.89>0.7,,,,block_size=256 spans ~4.9 token rows; cannot resolve sub-block spatial detail
R1->P,9,15,DENSE,0.5,DENSE: entropy=0.94>0.7; many_blocks_above_0.01=27,,,,block_size=256 spans ~4.9 token rows; cannot resolve sub-block spatial detail
R1->X,9,15,DENSE,0.7666666666666666,DENSE: entropy=0.89>0.7; max_block=0.025<0.03; many_blocks_above_0.01=30,,,,block_size=256 spans ~4.9 token rows; cannot resolve sub-block spatial detail
R1->R1,9,15,DENSE,0.5,DENSE: entropy=0.84>0.7; many_blocks_above_0.01=26,,,,block_size=256 spans ~4.9 token rows; cannot resolve sub-block spatial detail
P->X,9,16,DENSE,0.5,DENSE: entropy=0.92>0.7; many_blocks_above_0.01=23,,,,block_size=256 spans ~4.9 token rows; cannot resolve sub-block spatial detail
P->S,9,16,DENSE,0.3333333333333333,DENSE: entropy=0.84>0.7,,,,block_size=256 spans ~4.9 token rows; cannot resolve sub-block spatial detail
P->R1,9,16,DENSE,0.3333333333333333,DENSE: entropy=0.78>0.7,,,,block_size=256 spans ~4.9 token rows; cannot resolve sub-block spatial detail
X->P,9,16,DENSE,0.5,DENSE: entropy=0.91>0.7; many_blocks_above_0.01=21,,,,block_size=256 spans ~4.9 token rows; cannot resolve sub-block spatial detail
X->S,9,16,DENSE,0.5,DENSE: entropy=0.85>0.7; many_blocks_above_0.01=29,,,,block_size=256 spans ~4.9 token rows; cannot resolve sub-block spatial detail
X->R1,9,16,DENSE,0.3333333333333333,DENSE: entropy=0.92>0.7,,,,block_size=256 spans ~4.9 token rows; cannot resolve sub-block spatial detail
P->X,9,17,DENSE,0.5,DENSE: entropy=0.90>0.7; many_blocks_above_0.01=21,,,"[2, 26, 27]",block_size=256 spans ~4.9 token rows; cannot resolve sub-block spatial detail
P->S,9,17,DENSE,0.5,DENSE: entropy=0.85>0.7; many_blocks_above_0.01=20,,,,block_size=256 spans ~4.9 token rows; cannot resolve sub-block spatial detail
P->R1,9,17,DENSE,0.5,DENSE: entropy=0.90>0.7; many_blocks_above_0.01=25,,,"[6, 8, 9, 10, 11, 12, 13, 14, 15, 16, 17, 18, 19, 25, 26, 27]",block_size=256 spans ~4.9 token rows; cannot resolve sub-block spatial detail
X->P,9,17,DENSE,0.5,DENSE: entropy=0.91>0.7; many_blocks_above_0.01=21,,,,block_size=256 spans ~4.9 token rows; cannot resolve sub-block spatial detail
X->X,9,17,DENSE,0.7666666666666666,DENSE: entropy=0.89>0.7; max_block=0.027<0.03; many_blocks_above_0.01=30,,,,block_size=256 spans ~4.9 token rows; cannot resolve sub-block spatial detail
X->S,9,17,DENSE,0.5,DENSE: entropy=0.77>0.7; many_blocks_above_0.01=26,,,,block_size=256 spans ~4.9 token rows; cannot resolve sub-block spatial detail
X->R1,9,17,DENSE,0.5,DENSE: entropy=0.88>0.7; many_blocks_above_0.01=21,,,,block_size=256 spans ~4.9 token rows; cannot resolve sub-block spatial detail
S->P,9,17,DENSE,0.5,DENSE: entropy=0.96>0.7; many_blocks_above_0.01=30,,,,block_size=256 spans ~4.9 token rows; cannot resolve sub-block spatial detail
S->X,9,17,DENSE,0.5,DENSE: entropy=0.91>0.7; many_blocks_above_0.01=21,,,,block_size=256 spans ~4.9 token rows; cannot resolve sub-block spatial detail
S->S,9,17,DENSE,0.5,DENSE: entropy=0.87>0.7; many_blocks_above_0.01=26,,,,block_size=256 spans ~4.9 token rows; cannot resolve sub-block spatial detail
S->R1,9,17,DENSE,0.5,DENSE: entropy=0.90>0.7; many_blocks_above_0.01=20,,,,block_size=256 spans ~4.9 token rows; cannot resolve sub-block spatial detail
R1->P,9,17,DENSE,0.5,DENSE: entropy=0.97>0.7; many_blocks_above_0.01=33,,,,block_size=256 spans ~4.9 token rows; cannot resolve sub-block spatial detail
R1->X,9,17,DENSE,0.7666666666666666,DENSE: entropy=0.92>0.7; max_block=0.024<0.03; many_blocks_above_0.01=24,,,,block_size=256 spans ~4.9 token rows; cannot resolve sub-block spatial detail
R1->S,9,17,DENSE,0.5,DENSE: entropy=0.86>0.7; many_blocks_above_0.01=23,,,,block_size=256 spans ~4.9 token rows; cannot resolve sub-block spatial detail
R1->R1,9,17,DENSE,0.5,DENSE: entropy=0.83>0.7; many_blocks_above_0.01=20,,,,block_size=256 spans ~4.9 token rows; cannot resolve sub-block spatial detail
P->X,9,18,DENSE,0.5,DENSE: entropy=0.96>0.7; many_blocks_above_0.01=30,,,"[0, 1, 27]",block_size=256 spans ~4.9 token rows; cannot resolve sub-block spatial detail
P->S,9,18,DENSE,0.5,DENSE: entropy=0.91>0.7; many_blocks_above_0.01=25,,,"[0, 1, 2, 3, 4, 5, 6, 7, 8, 10, 11, 12, 13, 14, 15, 16, 17, 18, 19, 20]",block_size=256 spans ~4.9 token rows; cannot resolve sub-block spatial detail
P->R1,9,18,DENSE,0.5,DENSE: entropy=0.97>0.7; many_blocks_above_0.01=34,,,"[0, 1, 2, 3, 4, 5, 6, 7, 8, 9, 10, 11, 12, 13, 14, 15, 16, 17, 18, 19, 20, 21, 22, 23, 24, 25, 26, 27]",block_size=256 spans ~4.9 token rows; cannot resolve sub-block spatial detail
X->P,9,18,DENSE,0.3333333333333333,DENSE: entropy=0.90>0.7,,,,block_size=256 spans ~4.9 token rows; cannot resolve sub-block spatial detail
X->X,9,18,DENSE,0.6,DENSE: entropy=0.94>0.7; max_block=0.017<0.03,,,,block_size=256 spans ~4.9 token rows; cannot resolve sub-block spatial detail
X->S,9,18,DENSE,0.3333333333333333,DENSE: entropy=0.84>0.7,,,,block_size=256 spans ~4.9 token rows; cannot resolve sub-block spatial detail
X->R1,9,18,DENSE,0.6,DENSE: entropy=0.93>0.7; max_block=0.024<0.03,,,"[24, 25, 26, 27]",block_size=256 spans ~4.9 token rows; cannot resolve sub-block spatial detail
S->P,9,18,DENSE,0.5,DENSE: entropy=0.93>0.7; many_blocks_above_0.01=24,,,,block_size=256 spans ~4.9 token rows; cannot resolve sub-block spatial detail
S->X,9,18,DENSE,0.5,DENSE: entropy=0.91>0.7; many_blocks_above_0.01=20,,,,block_size=256 spans ~4.9 token rows; cannot resolve sub-block spatial detail
S->S,9,18,DENSE,0.7666666666666666,DENSE: entropy=0.92>0.7; max_block=0.021<0.03; many_blocks_above_0.01=21,,,,block_size=256 spans ~4.9 token rows; cannot resolve sub-block spatial detail
S->R1,9,18,DENSE,0.6,DENSE: entropy=0.93>0.7; max_block=0.028<0.03,,,,block_size=256 spans ~4.9 token rows; cannot resolve sub-block spatial detail
R1->P,9,18,DENSE,0.5,DENSE: entropy=0.96>0.7; many_blocks_above_0.01=30,,,,block_size=256 spans ~4.9 token rows; cannot resolve sub-block spatial detail
R1->X,9,18,DENSE,0.6,DENSE: entropy=0.96>0.7; max_block=0.014<0.03,,,,block_size=256 spans ~4.9 token rows; cannot resolve sub-block spatial detail
R1->S,9,18,DENSE,0.5,DENSE: entropy=0.88>0.7; many_blocks_above_0.01=21,,,,block_size=256 spans ~4.9 token rows; cannot resolve sub-block spatial detail
R1->R1,9,18,DENSE,0.6,DENSE: entropy=0.92>0.7; max_block=0.025<0.03,,,,block_size=256 spans ~4.9 token rows; cannot resolve sub-block spatial detail
P->X,9,19,DENSE,0.5,DENSE: entropy=0.93>0.7; many_blocks_above_0.01=25,,,"[0, 1, 2, 3, 4, 5, 6, 7, 8, 9, 16, 17, 18, 19, 20, 21, 22, 23, 24, 25, 26, 27]",block_size=256 spans ~4.9 token rows; cannot resolve sub-block spatial detail
P->S,9,19,DENSE,0.3333333333333333,DENSE: entropy=0.83>0.7,,,,block_size=256 spans ~4.9 token rows; cannot resolve sub-block spatial detail
X->X,9,19,DENSE,0.6,DENSE: entropy=0.93>0.7; max_block=0.028<0.03,,,,block_size=256 spans ~4.9 token rows; cannot resolve sub-block spatial detail
X->R1,9,19,DENSE,0.3333333333333333,DENSE: entropy=0.91>0.7,,,"[19, 20, 21, 22]",block_size=256 spans ~4.9 token rows; cannot resolve sub-block spatial detail
S->X,9,19,DENSE,0.6,DENSE: entropy=0.95>0.7; max_block=0.021<0.03,,,,block_size=256 spans ~4.9 token rows; cannot resolve sub-block spatial detail
R1->P,9,19,DENSE,0.3333333333333333,DENSE: entropy=0.89>0.7,,,,block_size=256 spans ~4.9 token rows; cannot resolve sub-block spatial detail
P->X,9,20,DENSE,0.5,DENSE: entropy=0.89>0.7; many_blocks_above_0.01=24,,,"[0, 1, 2, 3, 4, 5, 6, 7, 8, 9]",block_size=256 spans ~4.9 token rows; cannot resolve sub-block spatial detail
X->X,9,20,DENSE,0.5,DENSE: entropy=0.87>0.7; many_blocks_above_0.01=20,,,,block_size=256 spans ~4.9 token rows; cannot resolve sub-block spatial detail
P->X,9,21,DENSE,0.5,DENSE: entropy=0.94>0.7; many_blocks_above_0.01=25,,,,block_size=256 spans ~4.9 token rows; cannot resolve sub-block spatial detail
X->P,9,21,DENSE,0.3333333333333333,DENSE: entropy=0.87>0.7,,,,block_size=256 spans ~4.9 token rows; cannot resolve sub-block spatial detail
X->X,9,21,DENSE,0.5,DENSE: entropy=0.79>0.7; many_blocks_above_0.01=37,,,,block_size=256 spans ~4.9 token rows; cannot resolve sub-block spatial detail
X->R1,9,21,DENSE,0.5,DENSE: entropy=0.78>0.7; many_blocks_above_0.01=34,,,,block_size=256 spans ~4.9 token rows; cannot resolve sub-block spatial detail
S->P,9,21,DENSE,0.5,DENSE: entropy=0.93>0.7; many_blocks_above_0.01=30,,,,block_size=256 spans ~4.9 token rows; cannot resolve sub-block spatial detail
S->X,9,21,DENSE,0.5,DENSE: entropy=0.78>0.7; many_blocks_above_0.01=30,,,,block_size=256 spans ~4.9 token rows; cannot resolve sub-block spatial detail
S->S,9,21,DENSE,0.5,DENSE: entropy=0.77>0.7; many_blocks_above_0.01=37,,,,block_size=256 spans ~4.9 token rows; cannot resolve sub-block spatial detail
S->R1,9,21,DENSE,0.5,DENSE: entropy=0.75>0.7; many_blocks_above_0.01=30,,,,block_size=256 spans ~4.9 token rows; cannot resolve sub-block spatial detail
R1->P,9,21,DENSE,0.5,DENSE: entropy=0.95>0.7; many_blocks_above_0.01=29,,,,block_size=256 spans ~4.9 token rows; cannot resolve sub-block spatial detail
R1->X,9,21,DENSE,0.5,DENSE: entropy=0.83>0.7; many_blocks_above_0.01=37,,,,block_size=256 spans ~4.9 token rows; cannot resolve sub-block spatial detail
R1->R1,9,21,DENSE,0.5,DENSE: entropy=0.77>0.7; many_blocks_above_0.01=39,,,,block_size=256 spans ~4.9 token rows; cannot resolve sub-block spatial detail
P->X,9,22,DENSE,0.3333333333333333,DENSE: entropy=0.76>0.7,,,,block_size=256 spans ~4.9 token rows; cannot resolve sub-block spatial detail
X->X,9,22,DENSE,0.5,DENSE: entropy=0.85>0.7; many_blocks_above_0.01=25,,,,block_size=256 spans ~4.9 token rows; cannot resolve sub-block spatial detail
P->X,9,23,DENSE,0.5,DENSE: entropy=0.95>0.7; many_blocks_above_0.01=28,,,[0],block_size=256 spans ~4.9 token rows; cannot resolve sub-block spatial detail
P->S,9,23,DENSE,0.5,DENSE: entropy=0.84>0.7; many_blocks_above_0.01=21,,,,block_size=256 spans ~4.9 token rows; cannot resolve sub-block spatial detail
P->R1,9,23,DENSE,0.5,DENSE: entropy=0.93>0.7; many_blocks_above_0.01=31,,,"[4, 5, 6, 7, 8, 9, 10, 11, 12, 13, 14, 15, 16, 17, 18, 19, 20, 21, 22, 23, 24, 25, 26, 27]",block_size=256 spans ~4.9 token rows; cannot resolve sub-block spatial detail
X->P,9,23,DENSE,0.3333333333333333,DENSE: entropy=0.90>0.7,,,,block_size=256 spans ~4.9 token rows; cannot resolve sub-block spatial detail
X->S,9,23,DENSE,0.5,DENSE: entropy=0.84>0.7; many_blocks_above_0.01=29,,,,block_size=256 spans ~4.9 token rows; cannot resolve sub-block spatial detail
X->R1,9,23,DENSE,0.5,DENSE: entropy=0.92>0.7; many_blocks_above_0.01=20,,,,block_size=256 spans ~4.9 token rows; cannot resolve sub-block spatial detail
S->P,9,23,DENSE,0.5,DENSE: entropy=0.94>0.7; many_blocks_above_0.01=26,,,,block_size=256 spans ~4.9 token rows; cannot resolve sub-block spatial detail
S->S,9,23,DENSE,0.3333333333333333,DENSE: entropy=0.93>0.7,,,,block_size=256 spans ~4.9 token rows; cannot resolve sub-block spatial detail
S->R1,9,23,DENSE,0.6,DENSE: entropy=0.96>0.7; max_block=0.014<0.03,,,,block_size=256 spans ~4.9 token rows; cannot resolve sub-block spatial detail
R1->P,9,23,DENSE,0.5,DENSE: entropy=0.95>0.7; many_blocks_above_0.01=30,,,,block_size=256 spans ~4.9 token rows; cannot resolve sub-block spatial detail
R1->S,9,23,DENSE,0.6,DENSE: entropy=0.90>0.7; max_block=0.029<0.03,,,,block_size=256 spans ~4.9 token rows; cannot resolve sub-block spatial detail
R1->R1,9,23,DENSE,0.3333333333333333,DENSE: entropy=0.95>0.7,,,,block_size=256 spans ~4.9 token rows; cannot resolve sub-block spatial detail
P->P,10,0,DENSE,0.3333333333333333,DENSE: entropy=0.82>0.7,,,,block_size=256 spans ~4.9 token rows; cannot resolve sub-block spatial detail
P->S,10,0,DENSE,0.3333333333333333,DENSE: entropy=0.71>0.7,,,,block_size=256 spans ~4.9 token rows; cannot resolve sub-block spatial detail
P->R1,10,0,DENSE,0.5,DENSE: entropy=0.91>0.7; many_blocks_above_0.01=26,,,"[0, 1, 17, 18, 19, 20, 21, 22, 23, 24, 25, 26, 27]",block_size=256 spans ~4.9 token rows; cannot resolve sub-block spatial detail
X->P,10,0,DENSE,0.5,DENSE: entropy=0.96>0.7; many_blocks_above_0.01=31,,,,block_size=256 spans ~4.9 token rows; cannot resolve sub-block spatial detail
S->P,10,0,DENSE,0.5,DENSE: entropy=0.92>0.7; many_blocks_above_0.01=32,,,[24],block_size=256 spans ~4.9 token rows; cannot resolve sub-block spatial detail
S->S,10,0,DENSE,0.7666666666666666,DENSE: entropy=0.92>0.7; max_block=0.021<0.03; many_blocks_above_0.01=21,,,,block_size=256 spans ~4.9 token rows; cannot resolve sub-block spatial detail
S->R1,10,0,DENSE,0.3333333333333333,DENSE: entropy=0.75>0.7,,,,block_size=256 spans ~4.9 token rows; cannot resolve sub-block spatial detail
R1->X,10,0,DENSE,0.6,DENSE: entropy=0.94>0.7; max_block=0.028<0.03,,,,block_size=256 spans ~4.9 token rows; cannot resolve sub-block spatial detail
P->X,10,1,DENSE,0.5,DENSE: entropy=0.95>0.7; many_blocks_above_0.01=30,,,"[0, 1, 2, 3, 4, 5, 6, 7, 8, 9, 10, 11, 12, 13, 14, 15, 16, 17, 18, 19, 20, 21, 22, 23, 24, 25, 26, 27]",block_size=256 spans ~4.9 token rows; cannot resolve sub-block spatial detail
P->S,10,1,DENSE,0.5,DENSE: entropy=0.96>0.7; many_blocks_above_0.01=32,,,"[0, 1, 2, 3, 4, 5, 6, 7, 8, 9, 10, 11, 12, 13, 14, 15, 16, 17, 18, 19, 20, 21, 22, 23, 24, 25, 26, 27]",block_size=256 spans ~4.9 token rows; cannot resolve sub-block spatial detail
P->R1,10,1,DENSE,0.5,DENSE: entropy=0.93>0.7; many_blocks_above_0.01=30,,,"[1, 2, 3, 4, 5, 6, 7, 8, 9, 10, 11, 12, 13, 14, 15, 16, 17, 18, 19, 20, 21, 22, 23, 24, 25, 26, 27]",block_size=256 spans ~4.9 token rows; cannot resolve sub-block spatial detail
X->P,10,1,DENSE,0.3333333333333333,DENSE: entropy=0.87>0.7,,,,block_size=256 spans ~4.9 token rows; cannot resolve sub-block spatial detail
X->S,10,1,DENSE,0.3333333333333333,DENSE: entropy=0.90>0.7,,,,block_size=256 spans ~4.9 token rows; cannot resolve sub-block spatial detail
X->R1,10,1,DENSE,0.3333333333333333,DENSE: entropy=0.90>0.7,,,,block_size=256 spans ~4.9 token rows; cannot resolve sub-block spatial detail
S->P,10,1,DENSE,0.5,DENSE: entropy=0.90>0.7; many_blocks_above_0.01=31,,,,block_size=256 spans ~4.9 token rows; cannot resolve sub-block spatial detail
S->X,10,1,DENSE,0.5,DENSE: entropy=0.79>0.7; many_blocks_above_0.01=29,,,,block_size=256 spans ~4.9 token rows; cannot resolve sub-block spatial detail
S->R1,10,1,DENSE,0.6,DENSE: entropy=0.92>0.7; max_block=0.018<0.03,,,,block_size=256 spans ~4.9 token rows; cannot resolve sub-block spatial detail
R1->P,10,1,DENSE,0.5,DENSE: entropy=0.88>0.7; many_blocks_above_0.01=23,,,,block_size=256 spans ~4.9 token rows; cannot resolve sub-block spatial detail
R1->X,10,1,DENSE,0.5,DENSE: entropy=0.81>0.7; many_blocks_above_0.01=23,,,,block_size=256 spans ~4.9 token rows; cannot resolve sub-block spatial detail
P->X,10,2,DENSE,0.5,DENSE: entropy=0.99>0.7; many_blocks_above_0.01=32,,,"[0, 1, 2, 3, 4, 5, 6, 7, 8, 9, 10, 11, 12, 13, 14, 15, 16, 17, 18, 19, 20, 21, 22, 23, 24, 25, 26, 27]",block_size=256 spans ~4.9 token rows; cannot resolve sub-block spatial detail
P->S,10,2,DENSE,0.5,DENSE: entropy=0.93>0.7; many_blocks_above_0.01=24,,,"[0, 1, 2, 3, 4, 5, 6, 7, 8, 9, 10, 11, 12, 13, 14, 15, 16, 17, 18, 19, 20, 21, 22, 23, 24, 25, 26, 27]",block_size=256 spans ~4.9 token rows; cannot resolve sub-block spatial detail
P->R1,10,2,DENSE,0.5,DENSE: entropy=0.98>0.7; many_blocks_above_0.01=33,,,"[0, 1, 2, 3, 4, 5, 6, 7, 8, 9, 10, 11, 12, 13, 14, 15, 16, 17, 18, 19, 20, 21, 22, 23, 24, 25, 26, 27]",block_size=256 spans ~4.9 token rows; cannot resolve sub-block spatial detail
X->P,10,2,DENSE,0.5,DENSE: entropy=0.92>0.7; many_blocks_above_0.01=22,,,,block_size=256 spans ~4.9 token rows; cannot resolve sub-block spatial detail
X->X,10,2,DENSE,0.7666666666666666,DENSE: entropy=0.92>0.7; max_block=0.017<0.03; many_blocks_above_0.01=25,,,,block_size=256 spans ~4.9 token rows; cannot resolve sub-block spatial detail
X->S,10,2,DENSE,0.5,DENSE: entropy=0.82>0.7; many_blocks_above_0.01=20,,,,block_size=256 spans ~4.9 token rows; cannot resolve sub-block spatial detail
X->R1,10,2,DENSE,0.6,DENSE: entropy=0.93>0.7; max_block=0.021<0.03,,,,block_size=256 spans ~4.9 token rows; cannot resolve sub-block spatial detail
S->P,10,2,DENSE,0.5,DENSE: entropy=0.99>0.7; many_blocks_above_0.01=34,,,,block_size=256 spans ~4.9 token rows; cannot resolve sub-block spatial detail
S->X,10,2,DENSE,0.6,DENSE: entropy=0.92>0.7; max_block=0.030<0.03,,,,block_size=256 spans ~4.9 token rows; cannot resolve sub-block spatial detail
S->S,10,2,DENSE,0.7666666666666666,DENSE: entropy=0.92>0.7; max_block=0.023<0.03; many_blocks_above_0.01=21,,,,block_size=256 spans ~4.9 token rows; cannot resolve sub-block spatial detail
S->R1,10,2,DENSE,0.3333333333333333,DENSE: entropy=0.93>0.7,,,,block_size=256 spans ~4.9 token rows; cannot resolve sub-block spatial detail
R1->P,10,2,DENSE,0.5,DENSE: entropy=0.97>0.7; many_blocks_above_0.01=32,,,,block_size=256 spans ~4.9 token rows; cannot resolve sub-block spatial detail
R1->X,10,2,DENSE,0.7666666666666666,DENSE: entropy=0.92>0.7; max_block=0.019<0.03; many_blocks_above_0.01=25,,,,block_size=256 spans ~4.9 token rows; cannot resolve sub-block spatial detail
R1->S,10,2,DENSE,0.7666666666666666,DENSE: entropy=0.91>0.7; max_block=0.027<0.03; many_blocks_above_0.01=23,,,,block_size=256 spans ~4.9 token rows; cannot resolve sub-block spatial detail
R1->R1,10,2,DENSE,0.6,DENSE: entropy=0.92>0.7; max_block=0.026<0.03,,,,block_size=256 spans ~4.9 token rows; cannot resolve sub-block spatial detail
P->X,10,3,DENSE,0.5,DENSE: entropy=0.95>0.7; many_blocks_above_0.01=28,,,"[0, 1, 22, 23, 24, 25, 26, 27]",block_size=256 spans ~4.9 token rows; cannot resolve sub-block spatial detail
P->S,10,3,DENSE,0.5,DENSE: entropy=0.78>0.7; many_blocks_above_0.01=21,,,,block_size=256 spans ~4.9 token rows; cannot resolve sub-block spatial detail
P->R1,10,3,DENSE,0.5,DENSE: entropy=0.93>0.7; many_blocks_above_0.01=30,,,"[4, 5, 6, 7, 8, 9, 10, 11, 12, 13, 14, 15, 16, 17, 18, 19, 20, 21, 22, 23, 24, 25, 26, 27]",block_size=256 spans ~4.9 token rows; cannot resolve sub-block spatial detail
X->P,10,3,DENSE,0.3333333333333333,DENSE: entropy=0.90>0.7,,,,block_size=256 spans ~4.9 token rows; cannot resolve sub-block spatial detail
X->X,10,3,DENSE,0.5,DENSE: entropy=0.88>0.7; many_blocks_above_0.01=30,,,,block_size=256 spans ~4.9 token rows; cannot resolve sub-block spatial detail
S->X,10,3,DENSE,0.7666666666666666,DENSE: entropy=0.92>0.7; max_block=0.025<0.03; many_blocks_above_0.01=21,,,,block_size=256 spans ~4.9 token rows; cannot resolve sub-block spatial detail
S->S,10,3,DENSE,0.3333333333333333,DENSE: entropy=0.91>0.7,,,,block_size=256 spans ~4.9 token rows; cannot resolve sub-block spatial detail
S->R1,10,3,DENSE,0.6,DENSE: entropy=0.92>0.7; max_block=0.027<0.03,,,,block_size=256 spans ~4.9 token rows; cannot resolve sub-block spatial detail
R1->X,10,3,DENSE,0.7666666666666666,DENSE: entropy=0.92>0.7; max_block=0.027<0.03; many_blocks_above_0.01=20,,,,block_size=256 spans ~4.9 token rows; cannot resolve sub-block spatial detail
R1->R1,10,3,DENSE,0.5,DENSE: entropy=0.87>0.7; many_blocks_above_0.01=21,,,,block_size=256 spans ~4.9 token rows; cannot resolve sub-block spatial detail
P->X,10,4,DENSE,0.5,DENSE: entropy=0.94>0.7; many_blocks_above_0.01=28,,,"[0, 1, 2, 3, 4, 5, 6, 7, 8, 9, 10, 11, 12, 13, 14, 15, 16, 17, 18, 19, 20, 21, 22, 23, 24, 25, 26, 27]",block_size=256 spans ~4.9 token rows; cannot resolve sub-block spatial detail
X->P,10,4,DENSE,0.3333333333333333,DENSE: entropy=0.88>0.7,,,,block_size=256 spans ~4.9 token rows; cannot resolve sub-block spatial detail
X->S,10,4,DENSE,0.5,DENSE: entropy=0.89>0.7; many_blocks_above_0.01=21,,,,block_size=256 spans ~4.9 token rows; cannot resolve sub-block spatial detail
X->R1,10,4,DENSE,0.6,DENSE: entropy=0.94>0.7; max_block=0.028<0.03,,,,block_size=256 spans ~4.9 token rows; cannot resolve sub-block spatial detail
P->X,10,5,DENSE,0.5,DENSE: entropy=0.93>0.7; many_blocks_above_0.01=27,,,"[0, 1, 2, 3, 4, 5, 6, 7, 8, 9, 10, 11, 12, 13, 14, 15, 16, 17, 18, 19, 20, 21, 22, 23, 24, 25, 26]",block_size=256 spans ~4.9 token rows; cannot resolve sub-block spatial detail
P->S,10,5,DENSE,0.5,DENSE: entropy=0.87>0.7; many_blocks_above_0.01=21,,,,block_size=256 spans ~4.9 token rows; cannot resolve sub-block spatial detail
P->R1,10,5,DENSE,0.5,DENSE: entropy=0.92>0.7; many_blocks_above_0.01=29,,,"[6, 7, 8, 9, 10, 11, 12, 13, 14, 15, 16, 17, 18, 19, 20, 21, 22, 23, 24, 25, 26, 27]",block_size=256 spans ~4.9 token rows; cannot resolve sub-block spatial detail
X->P,10,5,DENSE,0.3333333333333333,DENSE: entropy=0.88>0.7,,,,block_size=256 spans ~4.9 token rows; cannot resolve sub-block spatial detail
X->X,10,5,DENSE,0.5,DENSE: entropy=0.80>0.7; many_blocks_above_0.01=30,,,,block_size=256 spans ~4.9 token rows; cannot resolve sub-block spatial detail
X->R1,10,5,DENSE,0.5,DENSE: entropy=0.79>0.7; many_blocks_above_0.01=28,,,,block_size=256 spans ~4.9 token rows; cannot resolve sub-block spatial detail
S->P,10,5,DENSE,0.3333333333333333,DENSE: entropy=0.88>0.7,,,,block_size=256 spans ~4.9 token rows; cannot resolve sub-block spatial detail
S->X,10,5,DENSE,0.5,DENSE: entropy=0.87>0.7; many_blocks_above_0.01=20,,,,block_size=256 spans ~4.9 token rows; cannot resolve sub-block spatial detail
S->S,10,5,DENSE,0.5,DENSE: entropy=0.84>0.7; many_blocks_above_0.01=25,,,,block_size=256 spans ~4.9 token rows; cannot resolve sub-block spatial detail
S->R1,10,5,DENSE,0.5,DENSE: entropy=0.92>0.7; many_blocks_above_0.01=22,,,,block_size=256 spans ~4.9 token rows; cannot resolve sub-block spatial detail
R1->P,10,5,DENSE,0.3333333333333333,DENSE: entropy=0.90>0.7,,,,block_size=256 spans ~4.9 token rows; cannot resolve sub-block spatial detail
R1->X,10,5,DENSE,0.5,DENSE: entropy=0.87>0.7; many_blocks_above_0.01=28,,,,block_size=256 spans ~4.9 token rows; cannot resolve sub-block spatial detail
R1->S,10,5,DENSE,0.5,DENSE: entropy=0.81>0.7; many_blocks_above_0.01=21,,,,block_size=256 spans ~4.9 token rows; cannot resolve sub-block spatial detail
R1->R1,10,5,DENSE,0.5,DENSE: entropy=0.82>0.7; many_blocks_above_0.01=26,,,,block_size=256 spans ~4.9 token rows; cannot resolve sub-block spatial detail
P->X,10,6,DENSE,0.5,DENSE: entropy=0.93>0.7; many_blocks_above_0.01=26,,,"[0, 1, 2, 3, 4, 5, 6, 7, 8, 9, 10, 11, 12, 13, 14, 15, 16, 17, 18, 19, 20, 21, 22, 23, 24, 25, 26, 27]",block_size=256 spans ~4.9 token rows; cannot resolve sub-block spatial detail
P->S,10,6,DENSE,0.5,DENSE: entropy=0.86>0.7; many_blocks_above_0.01=20,,,,block_size=256 spans ~4.9 token rows; cannot resolve sub-block spatial detail
P->R1,10,6,DENSE,0.5,DENSE: entropy=0.93>0.7; many_blocks_above_0.01=32,,,"[0, 1, 2, 3, 4, 5, 6, 7, 8, 9, 10, 11, 12, 13, 14, 15, 16, 17, 18, 19, 20, 21, 22, 23, 24, 25, 26, 27]",block_size=256 spans ~4.9 token rows; cannot resolve sub-block spatial detail
X->P,10,6,DENSE,0.5,DENSE: entropy=0.93>0.7; many_blocks_above_0.01=25,,,,block_size=256 spans ~4.9 token rows; cannot resolve sub-block spatial detail
X->X,10,6,DENSE,0.7666666666666666,DENSE: entropy=0.87>0.7; max_block=0.023<0.03; many_blocks_above_0.01=35,,,,block_size=256 spans ~4.9 token rows; cannot resolve sub-block spatial detail
X->S,10,6,DENSE,0.5,DENSE: entropy=0.76>0.7; many_blocks_above_0.01=27,,,,block_size=256 spans ~4.9 token rows; cannot resolve sub-block spatial detail
X->R1,10,6,DENSE,0.7666666666666666,DENSE: entropy=0.85>0.7; max_block=0.028<0.03; many_blocks_above_0.01=37,,,,block_size=256 spans ~4.9 token rows; cannot resolve sub-block spatial detail
S->P,10,6,DENSE,0.5,DENSE: entropy=0.98>0.7; many_blocks_above_0.01=33,,,,block_size=256 spans ~4.9 token rows; cannot resolve sub-block spatial detail
S->X,10,6,DENSE,0.5,DENSE: entropy=0.89>0.7; many_blocks_above_0.01=23,,,,block_size=256 spans ~4.9 token rows; cannot resolve sub-block spatial detail
S->S,10,6,DENSE,0.7666666666666666,DENSE: entropy=0.87>0.7; max_block=0.027<0.03; many_blocks_above_0.01=32,,,,block_size=256 spans ~4.9 token rows; cannot resolve sub-block spatial detail
S->R1,10,6,DENSE,0.5,DENSE: entropy=0.89>0.7; many_blocks_above_0.01=23,,,,block_size=256 spans ~4.9 token rows; cannot resolve sub-block spatial detail
R1->P,10,6,DENSE,0.5,DENSE: entropy=0.97>0.7; many_blocks_above_0.01=32,,,,block_size=256 spans ~4.9 token rows; cannot resolve sub-block spatial detail
R1->X,10,6,DENSE,0.7666666666666666,DENSE: entropy=0.89>0.7; max_block=0.019<0.03; many_blocks_above_0.01=32,,,,block_size=256 spans ~4.9 token rows; cannot resolve sub-block spatial detail
R1->S,10,6,DENSE,0.5,DENSE: entropy=0.85>0.7; many_blocks_above_0.01=20,,,,block_size=256 spans ~4.9 token rows; cannot resolve sub-block spatial detail
R1->R1,10,6,DENSE,0.5,DENSE: entropy=0.84>0.7; many_blocks_above_0.01=37,,,,block_size=256 spans ~4.9 token rows; cannot resolve sub-block spatial detail
P->X,10,7,DENSE,0.5,DENSE: entropy=0.93>0.7; many_blocks_above_0.01=25,,,"[0, 1, 2, 3, 4, 5, 6, 7, 8, 9, 10, 11, 12, 13, 14, 15, 16, 17, 18, 19, 20, 21, 22, 23, 24, 25, 26, 27]",block_size=256 spans ~4.9 token rows; cannot resolve sub-block spatial detail
P->S,10,7,DENSE,0.5,DENSE: entropy=0.88>0.7; many_blocks_above_0.01=22,,,,block_size=256 spans ~4.9 token rows; cannot resolve sub-block spatial detail
P->R1,10,7,DENSE,0.5,DENSE: entropy=0.90>0.7; many_blocks_above_0.01=27,,,"[4, 5, 6, 18, 19, 20, 21, 22, 23, 24, 25, 26, 27]",block_size=256 spans ~4.9 token rows; cannot resolve sub-block spatial detail
X->P,10,7,DENSE,0.5,DENSE: entropy=0.93>0.7; many_blocks_above_0.01=26,,,,block_size=256 spans ~4.9 token rows; cannot resolve sub-block spatial detail
X->X,10,7,DENSE,0.7666666666666666,DENSE: entropy=0.88>0.7; max_block=0.026<0.03; many_blocks_above_0.01=32,,,,block_size=256 spans ~4.9 token rows; cannot resolve sub-block spatial detail
X->S,10,7,DENSE,0.5,DENSE: entropy=0.79>0.7; many_blocks_above_0.01=25,,,,block_size=256 spans ~4.9 token rows; cannot resolve sub-block spatial detail
X->R1,10,7,DENSE,0.5,DENSE: entropy=0.87>0.7; many_blocks_above_0.01=32,,,,block_size=256 spans ~4.9 token rows; cannot resolve sub-block spatial detail
S->S,10,7,DENSE,0.5,DENSE: entropy=0.83>0.7; many_blocks_above_0.01=32,,,,block_size=256 spans ~4.9 token rows; cannot resolve sub-block spatial detail
P->X,10,8,DENSE,0.5,DENSE: entropy=0.96>0.7; many_blocks_above_0.01=30,,,"[21, 22, 23, 24, 25, 26, 27]",block_size=256 spans ~4.9 token rows; cannot resolve sub-block spatial detail
P->S,10,8,DENSE,0.5,DENSE: entropy=0.89>0.7; many_blocks_above_0.01=26,,,"[0, 1, 2, 3, 4, 5]",block_size=256 spans ~4.9 token rows; cannot resolve sub-block spatial detail
P->R1,10,8,DENSE,0.5,DENSE: entropy=0.95>0.7; many_blocks_above_0.01=30,,,"[0, 1, 2, 3, 4, 5, 6, 7, 8, 9, 10, 11, 12, 13, 14, 15, 16, 17, 18, 19, 20, 21, 22, 23, 24, 25, 26, 27]",block_size=256 spans ~4.9 token rows; cannot resolve sub-block spatial detail
X->P,10,8,DENSE,0.5,DENSE: entropy=0.89>0.7; many_blocks_above_0.01=21,,,,block_size=256 spans ~4.9 token rows; cannot resolve sub-block spatial detail
X->X,10,8,DENSE,0.7666666666666666,DENSE: entropy=0.91>0.7; max_block=0.024<0.03; many_blocks_above_0.01=24,,,,block_size=256 spans ~4.9 token rows; cannot resolve sub-block spatial detail
X->S,10,8,DENSE,0.5,DENSE: entropy=0.83>0.7; many_blocks_above_0.01=31,,,,block_size=256 spans ~4.9 token rows; cannot resolve sub-block spatial detail
X->R1,10,8,DENSE,0.5,DENSE: entropy=0.91>0.7; many_blocks_above_0.01=25,,,,block_size=256 spans ~4.9 token rows; cannot resolve sub-block spatial detail
S->P,10,8,DENSE,0.3333333333333333,DENSE: entropy=0.90>0.7,,,,block_size=256 spans ~4.9 token rows; cannot resolve sub-block spatial detail
S->X,10,8,DENSE,0.6,DENSE: entropy=0.95>0.7; max_block=0.015<0.03,,,,block_size=256 spans ~4.9 token rows; cannot resolve sub-block spatial detail
S->S,10,8,DENSE,0.6,DENSE: entropy=0.92>0.7; max_block=0.026<0.03,,,,block_size=256 spans ~4.9 token rows; cannot resolve sub-block spatial detail
S->R1,10,8,DENSE,0.6,DENSE: entropy=0.94>0.7; max_block=0.019<0.03,,,,block_size=256 spans ~4.9 token rows; cannot resolve sub-block spatial detail
R1->P,10,8,DENSE,0.3333333333333333,DENSE: entropy=0.89>0.7,,,,block_size=256 spans ~4.9 token rows; cannot resolve sub-block spatial detail
R1->X,10,8,DENSE,0.7666666666666666,DENSE: entropy=0.94>0.7; max_block=0.017<0.03; many_blocks_above_0.01=20,,,,block_size=256 spans ~4.9 token rows; cannot resolve sub-block spatial detail
R1->S,10,8,DENSE,0.5,DENSE: entropy=0.88>0.7; many_blocks_above_0.01=20,,,,block_size=256 spans ~4.9 token rows; cannot resolve sub-block spatial detail
R1->R1,10,8,DENSE,0.3333333333333333,DENSE: entropy=0.89>0.7,,,,block_size=256 spans ~4.9 token rows; cannot resolve sub-block spatial detail
P->X,10,9,DENSE,0.5,DENSE: entropy=0.87>0.7; many_blocks_above_0.01=20,,,"[0, 1]",block_size=256 spans ~4.9 token rows; cannot resolve sub-block spatial detail
P->S,10,9,DENSE,0.5,DENSE: entropy=0.89>0.7; many_blocks_above_0.01=24,,,"[0, 1, 2, 3, 4, 5]",block_size=256 spans ~4.9 token rows; cannot resolve sub-block spatial detail
P->R1,10,9,DENSE,0.5,DENSE: entropy=0.79>0.7; many_blocks_above_0.01=20,,,[27],block_size=256 spans ~4.9 token rows; cannot resolve sub-block spatial detail
X->P,10,9,DENSE,0.3333333333333333,DENSE: entropy=0.87>0.7,,,,block_size=256 spans ~4.9 token rows; cannot resolve sub-block spatial detail
X->S,10,9,DENSE,0.7666666666666666,DENSE: entropy=0.88>0.7; max_block=0.024<0.03; many_blocks_above_0.01=31,,,,block_size=256 spans ~4.9 token rows; cannot resolve sub-block spatial detail
S->X,10,9,DENSE,0.6,DENSE: entropy=0.94>0.7; max_block=0.017<0.03,,,,block_size=256 spans ~4.9 token rows; cannot resolve sub-block spatial detail
R1->P,10,9,DENSE,0.5,DENSE: entropy=0.96>0.7; many_blocks_above_0.01=34,,,,block_size=256 spans ~4.9 token rows; cannot resolve sub-block spatial detail
R1->S,10,9,DENSE,0.6,DENSE: entropy=0.94>0.7; max_block=0.016<0.03,,,,block_size=256 spans ~4.9 token rows; cannot resolve sub-block spatial detail
R1->R1,10,9,DENSE,0.5,DENSE: entropy=0.86>0.7; many_blocks_above_0.01=23,,,,block_size=256 spans ~4.9 token rows; cannot resolve sub-block spatial detail
P->X,10,10,DENSE,0.5,DENSE: entropy=0.97>0.7; many_blocks_above_0.01=32,,,"[0, 1, 2, 3, 4, 5, 6, 7, 8, 9, 10, 11, 12, 13, 14, 15, 16, 17, 18, 19, 20, 21, 22, 23, 24, 25, 26, 27]",block_size=256 spans ~4.9 token rows; cannot resolve sub-block spatial detail
X->X,10,10,DENSE,0.7666666666666666,DENSE: entropy=0.91>0.7; max_block=0.029<0.03; many_blocks_above_0.01=24,,,,block_size=256 spans ~4.9 token rows; cannot resolve sub-block spatial detail
S->P,10,10,DENSE,0.3333333333333333,DENSE: entropy=0.88>0.7,,,,block_size=256 spans ~4.9 token rows; cannot resolve sub-block spatial detail
S->X,10,10,DENSE,0.6,DENSE: entropy=0.95>0.7; max_block=0.017<0.03,,,,block_size=256 spans ~4.9 token rows; cannot resolve sub-block spatial detail
S->S,10,10,DENSE,0.3333333333333333,DENSE: entropy=0.87>0.7,,,,block_size=256 spans ~4.9 token rows; cannot resolve sub-block spatial detail
R1->P,10,10,DENSE,0.3333333333333333,DENSE: entropy=0.87>0.7,,,,block_size=256 spans ~4.9 token rows; cannot resolve sub-block spatial detail
R1->X,10,10,DENSE,0.6,DENSE: entropy=0.94>0.7; max_block=0.021<0.03,,,,block_size=256 spans ~4.9 token rows; cannot resolve sub-block spatial detail
P->X,10,11,DENSE,0.5,DENSE: entropy=0.97>0.7; many_blocks_above_0.01=30,,,"[0, 1, 11, 12, 13, 14, 15, 16, 17, 18, 19, 20, 21, 22, 23, 24, 25, 26, 27]",block_size=256 spans ~4.9 token rows; cannot resolve sub-block spatial detail
P->S,10,11,DENSE,0.5,DENSE: entropy=0.85>0.7; many_blocks_above_0.01=20,,,"[0, 1]",block_size=256 spans ~4.9 token rows; cannot resolve sub-block spatial detail
P->R1,10,11,DENSE,0.5,DENSE: entropy=0.98>0.7; many_blocks_above_0.01=33,,,"[0, 1, 2, 3, 4, 5, 6, 7, 8, 9, 10, 11, 12, 13, 14, 15, 16, 17, 18, 19, 20, 21, 22, 23, 24, 25, 26, 27]",block_size=256 spans ~4.9 token rows; cannot resolve sub-block spatial detail
X->X,10,11,DENSE,0.5,DENSE: entropy=0.89>0.7; many_blocks_above_0.01=25,,,,block_size=256 spans ~4.9 token rows; cannot resolve sub-block spatial detail
S->X,10,11,DENSE,0.6,DENSE: entropy=0.94>0.7; max_block=0.026<0.03,,,,block_size=256 spans ~4.9 token rows; cannot resolve sub-block spatial detail
R1->P,10,11,DENSE,0.5,DENSE: entropy=0.98>0.7; many_blocks_above_0.01=33,,,,block_size=256 spans ~4.9 token rows; cannot resolve sub-block spatial detail
R1->X,10,11,DENSE,0.5,DENSE: entropy=0.91>0.7; many_blocks_above_0.01=23,,,,block_size=256 spans ~4.9 token rows; cannot resolve sub-block spatial detail
R1->R1,10,11,DENSE,0.3333333333333333,DENSE: entropy=0.87>0.7,,,,block_size=256 spans ~4.9 token rows; cannot resolve sub-block spatial detail
P->X,10,12,DENSE,0.5,DENSE: entropy=0.91>0.7; many_blocks_above_0.01=25,,,"[0, 1, 11, 12, 13, 14, 15, 16, 17, 18, 19, 20, 21, 22, 23, 24, 25, 26, 27]",block_size=256 spans ~4.9 token rows; cannot resolve sub-block spatial detail
X->X,10,12,DENSE,0.5,DENSE: entropy=0.89>0.7; many_blocks_above_0.01=23,,,,block_size=256 spans ~4.9 token rows; cannot resolve sub-block spatial detail
S->S,10,12,DENSE,0.5,DENSE: entropy=0.87>0.7; many_blocks_above_0.01=24,,,,block_size=256 spans ~4.9 token rows; cannot resolve sub-block spatial detail
P->X,10,13,DENSE,0.5,DENSE: entropy=0.94>0.7; many_blocks_above_0.01=27,,,,block_size=256 spans ~4.9 token rows; cannot resolve sub-block spatial detail
P->S,10,13,DENSE,0.5,DENSE: entropy=0.93>0.7; many_blocks_above_0.01=32,,,"[0, 1, 2, 3, 4, 5, 6, 7, 8, 9, 10, 11, 12, 13, 14, 15, 16, 17, 18, 19, 20, 21, 22]",block_size=256 spans ~4.9 token rows; cannot resolve sub-block spatial detail
P->R1,10,13,DENSE,0.5,DENSE: entropy=0.95>0.7; many_blocks_above_0.01=32,,,"[0, 1, 2, 3, 4, 5, 6, 7, 8, 9, 10, 11, 12, 13, 14, 15, 16, 17, 18, 19, 20, 21, 22, 23, 24, 25, 26, 27]",block_size=256 spans ~4.9 token rows; cannot resolve sub-block spatial detail
X->P,10,13,DENSE,0.3333333333333333,DENSE: entropy=0.88>0.7,,,,block_size=256 spans ~4.9 token rows; cannot resolve sub-block spatial detail
X->S,10,13,DENSE,0.5,DENSE: entropy=0.83>0.7; many_blocks_above_0.01=24,,,,block_size=256 spans ~4.9 token rows; cannot resolve sub-block spatial detail
X->R1,10,13,DENSE,0.6,DENSE: entropy=0.97>0.7; max_block=0.013<0.03,,,,block_size=256 spans ~4.9 token rows; cannot resolve sub-block spatial detail
S->P,10,13,DENSE,0.5,DENSE: entropy=0.96>0.7; many_blocks_above_0.01=33,,,,block_size=256 spans ~4.9 token rows; cannot resolve sub-block spatial detail
S->X,10,13,DENSE,0.3333333333333333,DENSE: entropy=0.90>0.7,,,,block_size=256 spans ~4.9 token rows; cannot resolve sub-block spatial detail
S->R1,10,13,DENSE,0.6,DENSE: entropy=0.91>0.7; max_block=0.025<0.03,,,,block_size=256 spans ~4.9 token rows; cannot resolve sub-block spatial detail
R1->P,10,13,DENSE,0.5,DENSE: entropy=0.96>0.7; many_blocks_above_0.01=33,,,,block_size=256 spans ~4.9 token rows; cannot resolve sub-block spatial detail
R1->X,10,13,DENSE,0.6,DENSE: entropy=0.97>0.7; max_block=0.013<0.03,,,,block_size=256 spans ~4.9 token rows; cannot resolve sub-block spatial detail
R1->S,10,13,DENSE,0.6,DENSE: entropy=0.94>0.7; max_block=0.021<0.03,,,,block_size=256 spans ~4.9 token rows; cannot resolve sub-block spatial detail
R1->R1,10,13,DENSE,0.6,DENSE: entropy=0.97>0.7; max_block=0.012<0.03,,,,block_size=256 spans ~4.9 token rows; cannot resolve sub-block spatial detail
P->X,10,14,DENSE,0.5,DENSE: entropy=0.94>0.7; many_blocks_above_0.01=29,,,"[0, 1, 2, 3, 4, 5, 6, 7, 8, 9, 10, 11, 12, 13, 14, 15, 16, 17, 18, 19, 20, 21, 22, 23, 24, 25, 26, 27]",block_size=256 spans ~4.9 token rows; cannot resolve sub-block spatial detail
X->X,10,14,DENSE,0.6,DENSE: entropy=0.95>0.7; max_block=0.014<0.03,,,,block_size=256 spans ~4.9 token rows; cannot resolve sub-block spatial detail
S->X,10,14,DENSE,0.6,DENSE: entropy=0.93>0.7; max_block=0.028<0.03,,,,block_size=256 spans ~4.9 token rows; cannot resolve sub-block spatial detail
R1->P,10,14,DENSE,0.5,DENSE: entropy=0.91>0.7; many_blocks_above_0.01=26,,,,block_size=256 spans ~4.9 token rows; cannot resolve sub-block spatial detail
R1->S,10,14,DENSE,0.6,DENSE: entropy=0.97>0.7; max_block=0.013<0.03,,,,block_size=256 spans ~4.9 token rows; cannot resolve sub-block spatial detail
R1->R1,10,14,DENSE,0.6,DENSE: entropy=0.96>0.7; max_block=0.017<0.03,,,,block_size=256 spans ~4.9 token rows; cannot resolve sub-block spatial detail
P->X,10,15,DENSE,0.5,DENSE: entropy=0.95>0.7; many_blocks_above_0.01=28,,,"[0, 1, 2, 3, 4, 5, 6, 7, 8, 9, 10, 11, 12, 13, 14, 15, 16, 17, 18, 19, 20, 21, 22, 23, 24, 25, 26, 27]",block_size=256 spans ~4.9 token rows; cannot resolve sub-block spatial detail
P->S,10,15,DENSE,0.5,DENSE: entropy=0.93>0.7; many_blocks_above_0.01=28,,,"[0, 1, 2, 3, 4, 5, 6, 7, 8, 9, 10, 11, 12, 13, 14, 15, 16, 17, 18, 19, 20, 21, 22, 23, 24, 25, 26, 27]",block_size=256 spans ~4.9 token rows; cannot resolve sub-block spatial detail
P->R1,10,15,DENSE,0.5,DENSE: entropy=0.96>0.7; many_blocks_above_0.01=33,,,"[0, 1, 2, 3, 4, 5, 6, 7, 8, 9, 10, 11, 12, 13, 14, 15, 16, 17, 18, 19, 20, 21, 22, 23, 24, 25, 26, 27]",block_size=256 spans ~4.9 token rows; cannot resolve sub-block spatial detail
X->P,10,15,DENSE,0.5,DENSE: entropy=0.91>0.7; many_blocks_above_0.01=21,,,,block_size=256 spans ~4.9 token rows; cannot resolve sub-block spatial detail
X->X,10,15,DENSE,0.5,DENSE: entropy=0.82>0.7; many_blocks_above_0.01=41,,,,block_size=256 spans ~4.9 token rows; cannot resolve sub-block spatial detail
X->R1,10,15,DENSE,0.5,DENSE: entropy=0.80>0.7; many_blocks_above_0.01=36,,,,block_size=256 spans ~4.9 token rows; cannot resolve sub-block spatial detail
S->P,10,15,DENSE,0.5,DENSE: entropy=0.96>0.7; many_blocks_above_0.01=34,,,,block_size=256 spans ~4.9 token rows; cannot resolve sub-block spatial detail
S->X,10,15,DENSE,0.5,DENSE: entropy=0.84>0.7; many_blocks_above_0.01=27,,,,block_size=256 spans ~4.9 token rows; cannot resolve sub-block spatial detail
S->S,10,15,DENSE,0.5,DENSE: entropy=0.81>0.7; many_blocks_above_0.01=33,,,,block_size=256 spans ~4.9 token rows; cannot resolve sub-block spatial detail
S->R1,10,15,DENSE,0.5,DENSE: entropy=0.84>0.7; many_blocks_above_0.01=25,,,,block_size=256 spans ~4.9 token rows; cannot resolve sub-block spatial detail
R1->P,10,15,DENSE,0.5,DENSE: entropy=0.96>0.7; many_blocks_above_0.01=30,,,,block_size=256 spans ~4.9 token rows; cannot resolve sub-block spatial detail
R1->X,10,15,DENSE,0.7666666666666666,DENSE: entropy=0.84>0.7; max_block=0.025<0.03; many_blocks_above_0.01=38,,,,block_size=256 spans ~4.9 token rows; cannot resolve sub-block spatial detail
R1->S,10,15,DENSE,0.5,DENSE: entropy=0.83>0.7; many_blocks_above_0.01=26,,,,block_size=256 spans ~4.9 token rows; cannot resolve sub-block spatial detail
R1->R1,10,15,DENSE,0.5,DENSE: entropy=0.79>0.7; many_blocks_above_0.01=38,,,,block_size=256 spans ~4.9 token rows; cannot resolve sub-block spatial detail
P->X,10,16,DENSE,0.5,DENSE: entropy=0.94>0.7; many_blocks_above_0.01=29,,,"[0, 1, 2, 3, 4, 5, 6, 7, 8, 9, 10, 11, 12, 13, 14, 15, 16, 17, 18, 19, 20, 21, 22, 23, 24, 25, 26, 27]",block_size=256 spans ~4.9 token rows; cannot resolve sub-block spatial detail
X->P,10,16,DENSE,0.3333333333333333,DENSE: entropy=0.89>0.7,,,,block_size=256 spans ~4.9 token rows; cannot resolve sub-block spatial detail
X->X,10,16,DENSE,0.5,DENSE: entropy=0.81>0.7; many_blocks_above_0.01=38,,,,block_size=256 spans ~4.9 token rows; cannot resolve sub-block spatial detail
X->R1,10,16,DENSE,0.5,DENSE: entropy=0.81>0.7; many_blocks_above_0.01=38,,,,block_size=256 spans ~4.9 token rows; cannot resolve sub-block spatial detail
S->P,10,16,DENSE,0.5,DENSE: entropy=0.95>0.7; many_blocks_above_0.01=32,,,,block_size=256 spans ~4.9 token rows; cannot resolve sub-block spatial detail
S->S,10,16,DENSE,0.5,DENSE: entropy=0.77>0.7; many_blocks_above_0.01=32,,,,block_size=256 spans ~4.9 token rows; cannot resolve sub-block spatial detail
S->R1,10,16,DENSE,0.5,DENSE: entropy=0.79>0.7; many_blocks_above_0.01=31,,,,block_size=256 spans ~4.9 token rows; cannot resolve sub-block spatial detail
R1->P,10,16,DENSE,0.5,DENSE: entropy=0.97>0.7; many_blocks_above_0.01=32,,,,block_size=256 spans ~4.9 token rows; cannot resolve sub-block spatial detail
R1->X,10,16,DENSE,0.5,DENSE: entropy=0.82>0.7; many_blocks_above_0.01=32,,,,block_size=256 spans ~4.9 token rows; cannot resolve sub-block spatial detail
R1->S,10,16,DENSE,0.5,DENSE: entropy=0.77>0.7; many_blocks_above_0.01=28,,,,block_size=256 spans ~4.9 token rows; cannot resolve sub-block spatial detail
R1->R1,10,16,DENSE,0.5,DENSE: entropy=0.76>0.7; many_blocks_above_0.01=32,,,,block_size=256 spans ~4.9 token rows; cannot resolve sub-block spatial detail
P->X,10,17,DENSE,0.5,DENSE: entropy=0.89>0.7; many_blocks_above_0.01=22,,,"[0, 1, 2, 3, 4, 5, 6, 27]",block_size=256 spans ~4.9 token rows; cannot resolve sub-block spatial detail
P->S,10,17,DENSE,0.3333333333333333,DENSE: entropy=0.77>0.7,,,,block_size=256 spans ~4.9 token rows; cannot resolve sub-block spatial detail
X->P,10,17,DENSE,0.3333333333333333,DENSE: entropy=0.87>0.7,,,,block_size=256 spans ~4.9 token rows; cannot resolve sub-block spatial detail
X->S,10,17,DENSE,0.5,DENSE: entropy=0.87>0.7; many_blocks_above_0.01=25,,,,block_size=256 spans ~4.9 token rows; cannot resolve sub-block spatial detail
S->P,10,17,DENSE,0.5,DENSE: entropy=0.95>0.7; many_blocks_above_0.01=30,,,,block_size=256 spans ~4.9 token rows; cannot resolve sub-block spatial detail
S->X,10,17,DENSE,0.6,DENSE: entropy=0.94>0.7; max_block=0.021<0.03,,,,block_size=256 spans ~4.9 token rows; cannot resolve sub-block spatial detail
S->R1,10,17,DENSE,0.6,DENSE: entropy=0.94>0.7; max_block=0.024<0.03,,,,block_size=256 spans ~4.9 token rows; cannot resolve sub-block spatial detail
R1->P,10,17,DENSE,0.5,DENSE: entropy=0.98>0.7; many_blocks_above_0.01=34,,,,block_size=256 spans ~4.9 token rows; cannot resolve sub-block spatial detail
R1->S,10,17,DENSE,0.6,DENSE: entropy=0.95>0.7; max_block=0.020<0.03,,,,block_size=256 spans ~4.9 token rows; cannot resolve sub-block spatial detail
R1->R1,10,17,DENSE,0.6,DENSE: entropy=0.95>0.7; max_block=0.022<0.03,,,,block_size=256 spans ~4.9 token rows; cannot resolve sub-block spatial detail
P->X,10,18,DENSE,0.5,DENSE: entropy=0.91>0.7; many_blocks_above_0.01=24,,,"[3, 4, 5, 6, 7, 8, 9, 10, 11, 12, 13, 14, 15, 16, 17, 18, 19, 20, 21, 22, 23, 24, 25, 26, 27]",block_size=256 spans ~4.9 token rows; cannot resolve sub-block spatial detail
X->X,10,18,DENSE,0.5,DENSE: entropy=0.90>0.7; many_blocks_above_0.01=20,,,,block_size=256 spans ~4.9 token rows; cannot resolve sub-block spatial detail
R1->X,10,18,DENSE,0.6,DENSE: entropy=0.94>0.7; max_block=0.020<0.03,,,,block_size=256 spans ~4.9 token rows; cannot resolve sub-block spatial detail
P->X,10,19,DENSE,0.5,DENSE: entropy=0.97>0.7; many_blocks_above_0.01=32,,,"[0, 1, 2, 3, 4, 7, 8, 9, 10, 11, 12, 13, 14, 15, 16, 17, 18, 19, 20, 21, 22, 23, 24, 25, 26, 27]",block_size=256 spans ~4.9 token rows; cannot resolve sub-block spatial detail
P->S,10,19,DENSE,0.5,DENSE: entropy=0.92>0.7; many_blocks_above_0.01=26,,,"[0, 1, 2, 3, 4, 5, 6, 7, 8, 9, 10, 11, 12, 13, 14, 15, 16, 17, 18, 19, 20, 21]",block_size=256 spans ~4.9 token rows; cannot resolve sub-block spatial detail
P->R1,10,19,DENSE,0.5,DENSE: entropy=0.98>0.7; many_blocks_above_0.01=34,,,"[0, 1, 2, 3, 4, 5, 6, 7, 8, 9, 10, 11, 12, 13, 14, 15, 16, 17, 18, 19, 20, 21, 22, 23, 24, 25, 26, 27]",block_size=256 spans ~4.9 token rows; cannot resolve sub-block spatial detail
S->S,10,19,DENSE,0.6,DENSE: entropy=0.96>0.7; max_block=0.019<0.03,,,,block_size=256 spans ~4.9 token rows; cannot resolve sub-block spatial detail
S->R1,10,19,DENSE,0.6,DENSE: entropy=0.95>0.7; max_block=0.018<0.03,,,,block_size=256 spans ~4.9 token rows; cannot resolve sub-block spatial detail
R1->X,10,19,DENSE,0.6,DENSE: entropy=0.95>0.7; max_block=0.019<0.03,,,,block_size=256 spans ~4.9 token rows; cannot resolve sub-block spatial detail
X->P,10,20,DENSE,0.3333333333333333,DENSE: entropy=0.85>0.7,,,,block_size=256 spans ~4.9 token rows; cannot resolve sub-block spatial detail
X->S,10,20,DENSE,0.7666666666666666,DENSE: entropy=0.89>0.7; max_block=0.020<0.03; many_blocks_above_0.01=23,,,,block_size=256 spans ~4.9 token rows; cannot resolve sub-block spatial detail
X->R1,10,20,DENSE,0.6,DENSE: entropy=0.96>0.7; max_block=0.013<0.03,,,,block_size=256 spans ~4.9 token rows; cannot resolve sub-block spatial detail
S->P,10,20,DENSE,0.3333333333333333,DENSE: entropy=0.83>0.7,,,,block_size=256 spans ~4.9 token rows; cannot resolve sub-block spatial detail
S->X,10,20,DENSE,0.6,DENSE: entropy=0.97>0.7; max_block=0.024<0.03,,,,block_size=256 spans ~4.9 token rows; cannot resolve sub-block spatial detail
R1->P,10,20,DENSE,0.3333333333333333,DENSE: entropy=0.87>0.7,,,,block_size=256 spans ~4.9 token rows; cannot resolve sub-block spatial detail
R1->R1,10,20,DENSE,0.6,DENSE: entropy=0.96>0.7; max_block=0.013<0.03,,,,block_size=256 spans ~4.9 token rows; cannot resolve sub-block spatial detail
P->X,10,21,DENSE,0.5,DENSE: entropy=0.94>0.7; many_blocks_above_0.01=25,,,"[0, 1, 2, 3, 4, 5, 6, 7, 8, 9, 10, 11, 12, 13, 14, 15, 16, 17, 18, 19, 20, 21, 22, 23, 24, 25, 26, 27]",block_size=256 spans ~4.9 token rows; cannot resolve sub-block spatial detail
X->X,10,21,DENSE,0.5,DENSE: entropy=0.83>0.7; many_blocks_above_0.01=23,,,,block_size=256 spans ~4.9 token rows; cannot resolve sub-block spatial detail
S->S,10,21,DENSE,0.3333333333333333,DENSE: entropy=0.90>0.7,,,,block_size=256 spans ~4.9 token rows; cannot resolve sub-block spatial detail
R1->X,10,21,DENSE,0.5,DENSE: entropy=0.86>0.7; many_blocks_above_0.01=26,,,,block_size=256 spans ~4.9 token rows; cannot resolve sub-block spatial detail
R1->R1,10,21,DENSE,0.5,DENSE: entropy=0.81>0.7; many_blocks_above_0.01=23,,,,block_size=256 spans ~4.9 token rows; cannot resolve sub-block spatial detail
P->X,10,22,DENSE,0.5,DENSE: entropy=0.94>0.7; many_blocks_above_0.01=27,,,"[0, 1, 2, 3, 4, 5, 6, 7, 8, 9, 10, 11, 12, 13, 14, 15, 16, 17, 18, 19, 20, 21, 22, 23, 24, 25, 26, 27]",block_size=256 spans ~4.9 token rows; cannot resolve sub-block spatial detail
P->S,10,22,DENSE,0.5,DENSE: entropy=0.89>0.7; many_blocks_above_0.01=23,,,"[3, 4, 5]",block_size=256 spans ~4.9 token rows; cannot resolve sub-block spatial detail
P->R1,10,22,DENSE,0.5,DENSE: entropy=0.94>0.7; many_blocks_above_0.01=32,,,"[0, 1, 2, 3, 4, 5, 6, 7, 8, 9, 10, 11, 12, 13, 14, 15, 16, 17, 18, 19, 20, 21, 22, 23, 24, 25, 26, 27]",block_size=256 spans ~4.9 token rows; cannot resolve sub-block spatial detail
X->P,10,22,DENSE,0.3333333333333333,DENSE: entropy=0.90>0.7,,,,block_size=256 spans ~4.9 token rows; cannot resolve sub-block spatial detail
X->X,10,22,DENSE,0.7666666666666666,DENSE: entropy=0.93>0.7; max_block=0.019<0.03; many_blocks_above_0.01=22,,,,block_size=256 spans ~4.9 token rows; cannot resolve sub-block spatial detail
X->S,10,22,DENSE,0.5,DENSE: entropy=0.83>0.7; many_blocks_above_0.01=26,,,,block_size=256 spans ~4.9 token rows; cannot resolve sub-block spatial detail
X->R1,10,22,DENSE,0.7666666666666666,DENSE: entropy=0.90>0.7; max_block=0.030<0.03; many_blocks_above_0.01=21,,,,block_size=256 spans ~4.9 token rows; cannot resolve sub-block spatial detail
S->P,10,22,DENSE,0.5,DENSE: entropy=0.87>0.7; many_blocks_above_0.01=28,,,,block_size=256 spans ~4.9 token rows; cannot resolve sub-block spatial detail
S->X,10,22,DENSE,0.3333333333333333,DENSE: entropy=0.88>0.7,,,,block_size=256 spans ~4.9 token rows; cannot resolve sub-block spatial detail
S->S,10,22,DENSE,0.6,DENSE: entropy=0.94>0.7; max_block=0.016<0.03,,,,block_size=256 spans ~4.9 token rows; cannot resolve sub-block spatial detail
S->R1,10,22,DENSE,0.6,DENSE: entropy=0.95>0.7; max_block=0.013<0.03,,,,block_size=256 spans ~4.9 token rows; cannot resolve sub-block spatial detail
R1->P,10,22,DENSE,0.5,DENSE: entropy=0.98>0.7; many_blocks_above_0.01=34,,,,block_size=256 spans ~4.9 token rows; cannot resolve sub-block spatial detail
R1->X,10,22,DENSE,0.6,DENSE: entropy=0.94>0.7; max_block=0.017<0.03,,,,block_size=256 spans ~4.9 token rows; cannot resolve sub-block spatial detail
R1->R1,10,22,DENSE,0.6,DENSE: entropy=0.92>0.7; max_block=0.029<0.03,,,,block_size=256 spans ~4.9 token rows; cannot resolve sub-block spatial detail
P->X,10,23,DENSE,0.5,DENSE: entropy=0.95>0.7; many_blocks_above_0.01=30,,,"[0, 1]",block_size=256 spans ~4.9 token rows; cannot resolve sub-block spatial detail
P->S,10,23,DENSE,0.5,DENSE: entropy=0.88>0.7; many_blocks_above_0.01=24,,,"[1, 2, 3, 4, 9, 10, 11, 12, 13, 14, 15, 16]",block_size=256 spans ~4.9 token rows; cannot resolve sub-block spatial detail
P->R1,10,23,DENSE,0.5,DENSE: entropy=0.91>0.7; many_blocks_above_0.01=30,,,"[7, 8, 9, 10, 11, 12, 16, 17, 18, 19, 20, 21, 22, 23, 24, 25, 26, 27]",block_size=256 spans ~4.9 token rows; cannot resolve sub-block spatial detail
X->P,10,23,DENSE,0.3333333333333333,DENSE: entropy=0.89>0.7,,,,block_size=256 spans ~4.9 token rows; cannot resolve sub-block spatial detail
X->X,10,23,DENSE,0.5,DENSE: entropy=0.84>0.7; many_blocks_above_0.01=34,,,,block_size=256 spans ~4.9 token rows; cannot resolve sub-block spatial detail
X->R1,10,23,DENSE,0.5,DENSE: entropy=0.81>0.7; many_blocks_above_0.01=27,,,,block_size=256 spans ~4.9 token rows; cannot resolve sub-block spatial detail
S->X,10,23,DENSE,0.5,DENSE: entropy=0.87>0.7; many_blocks_above_0.01=24,,,,block_size=256 spans ~4.9 token rows; cannot resolve sub-block spatial detail
S->S,10,23,DENSE,0.5,DENSE: entropy=0.82>0.7; many_blocks_above_0.01=28,,,,block_size=256 spans ~4.9 token rows; cannot resolve sub-block spatial detail
R1->X,10,23,DENSE,0.5,DENSE: entropy=0.87>0.7; many_blocks_above_0.01=26,,,,block_size=256 spans ~4.9 token rows; cannot resolve sub-block spatial detail
R1->R1,10,23,DENSE,0.5,DENSE: entropy=0.74>0.7; many_blocks_above_0.01=22,,,,block_size=256 spans ~4.9 token rows; cannot resolve sub-block spatial detail
X->P,11,0,DENSE,0.5,DENSE: entropy=0.93>0.7; many_blocks_above_0.01=26,,,,block_size=256 spans ~4.9 token rows; cannot resolve sub-block spatial detail
X->X,11,0,DENSE,0.5,DENSE: entropy=0.78>0.7; many_blocks_above_0.01=23,,,,block_size=256 spans ~4.9 token rows; cannot resolve sub-block spatial detail
S->P,11,0,DENSE,0.5,DENSE: entropy=0.92>0.7; many_blocks_above_0.01=22,,,,block_size=256 spans ~4.9 token rows; cannot resolve sub-block spatial detail
S->X,11,0,DENSE,0.3333333333333333,DENSE: entropy=0.79>0.7,,,,block_size=256 spans ~4.9 token rows; cannot resolve sub-block spatial detail
S->S,11,0,DENSE,0.5,DENSE: entropy=0.85>0.7; many_blocks_above_0.01=23,,,,block_size=256 spans ~4.9 token rows; cannot resolve sub-block spatial detail
R1->X,11,0,DENSE,0.5,DENSE: entropy=0.87>0.7; many_blocks_above_0.01=20,,,,block_size=256 spans ~4.9 token rows; cannot resolve sub-block spatial detail
R1->R1,11,0,DENSE,0.7666666666666666,DENSE: entropy=0.88>0.7; max_block=0.030<0.03; many_blocks_above_0.01=24,,,,block_size=256 spans ~4.9 token rows; cannot resolve sub-block spatial detail
P->X,11,1,DENSE,0.5,DENSE: entropy=0.96>0.7; many_blocks_above_0.01=29,,,"[0, 1, 2, 3, 4, 5, 6, 7, 8, 9, 10, 11, 12, 13, 14, 15, 16, 17, 18, 19, 20, 21, 22, 23, 24, 25, 26, 27]",block_size=256 spans ~4.9 token rows; cannot resolve sub-block spatial detail
P->S,11,1,DENSE,0.5,DENSE: entropy=0.98>0.7; many_blocks_above_0.01=34,,,"[0, 1, 2, 3, 4, 5, 6, 7, 8, 9, 10, 11, 12, 13, 14, 15, 16, 17, 18, 19, 20, 21, 22, 23, 24, 25, 26, 27]",block_size=256 spans ~4.9 token rows; cannot resolve sub-block spatial detail
P->R1,11,1,DENSE,0.5,DENSE: entropy=0.97>0.7; many_blocks_above_0.01=32,,,"[0, 1, 2, 3, 4, 5, 6, 7, 8, 9, 10, 11, 12, 13, 14, 15, 16, 17, 18, 19, 20, 21, 22, 23, 24, 25, 26, 27]",block_size=256 spans ~4.9 token rows; cannot resolve sub-block spatial detail
X->P,11,1,DENSE,0.5,DENSE: entropy=0.94>0.7; many_blocks_above_0.01=27,,,,block_size=256 spans ~4.9 token rows; cannot resolve sub-block spatial detail
X->X,11,1,DENSE,0.5,DENSE: entropy=0.87>0.7; many_blocks_above_0.01=26,,,,block_size=256 spans ~4.9 token rows; cannot resolve sub-block spatial detail
X->S,11,1,DENSE,0.3333333333333333,DENSE: entropy=0.80>0.7,,,,block_size=256 spans ~4.9 token rows; cannot resolve sub-block spatial detail
X->R1,11,1,DENSE,0.3333333333333333,DENSE: entropy=0.91>0.7,,,,block_size=256 spans ~4.9 token rows; cannot resolve sub-block spatial detail
S->P,11,1,DENSE,0.5,DENSE: entropy=0.95>0.7; many_blocks_above_0.01=30,,,,block_size=256 spans ~4.9 token rows; cannot resolve sub-block spatial detail
S->X,11,1,DENSE,0.3333333333333333,DENSE: entropy=0.81>0.7,,,,block_size=256 spans ~4.9 token rows; cannot resolve sub-block spatial detail
S->S,11,1,DENSE,0.3333333333333333,DENSE: entropy=0.88>0.7,,,,block_size=256 spans ~4.9 token rows; cannot resolve sub-block spatial detail
S->R1,11,1,DENSE,0.6,DENSE: entropy=0.94>0.7; max_block=0.022<0.03,,,,block_size=256 spans ~4.9 token rows; cannot resolve sub-block spatial detail
R1->P,11,1,DENSE,0.5,DENSE: entropy=0.95>0.7; many_blocks_above_0.01=31,,,,block_size=256 spans ~4.9 token rows; cannot resolve sub-block spatial detail
R1->X,11,1,DENSE,0.7666666666666666,DENSE: entropy=0.90>0.7; max_block=0.026<0.03; many_blocks_above_0.01=28,,,,block_size=256 spans ~4.9 token rows; cannot resolve sub-block spatial detail
R1->R1,11,1,DENSE,0.5,DENSE: entropy=0.88>0.7; many_blocks_above_0.01=21,,,,block_size=256 spans ~4.9 token rows; cannot resolve sub-block spatial detail
P->X,11,2,DENSE,0.5,DENSE: entropy=0.95>0.7; many_blocks_above_0.01=31,,,"[0, 1, 2, 3, 4]",block_size=256 spans ~4.9 token rows; cannot resolve sub-block spatial detail
X->P,11,2,DENSE,0.3333333333333333,DENSE: entropy=0.89>0.7,,,,block_size=256 spans ~4.9 token rows; cannot resolve sub-block spatial detail
P->X,11,3,DENSE,0.5,DENSE: entropy=0.94>0.7; many_blocks_above_0.01=28,,,,block_size=256 spans ~4.9 token rows; cannot resolve sub-block spatial detail
P->S,11,3,DENSE,0.5,DENSE: entropy=0.89>0.7; many_blocks_above_0.01=24,,,"[0, 1, 2, 3, 4, 5, 6, 7, 8, 9, 10, 11, 12]",block_size=256 spans ~4.9 token rows; cannot resolve sub-block spatial detail
P->R1,11,3,DENSE,0.5,DENSE: entropy=0.95>0.7; many_blocks_above_0.01=31,,,"[0, 1, 2, 3, 4, 5, 6, 7, 8, 9, 10, 11, 12, 13, 14, 15, 16, 17, 18, 19, 20, 21, 22, 23, 24, 25, 26, 27]",block_size=256 spans ~4.9 token rows; cannot resolve sub-block spatial detail
X->P,11,3,DENSE,0.3333333333333333,DENSE: entropy=0.90>0.7,,,,block_size=256 spans ~4.9 token rows; cannot resolve sub-block spatial detail
S->P,11,3,DENSE,0.5,DENSE: entropy=0.86>0.7; many_blocks_above_0.01=22,,,,block_size=256 spans ~4.9 token rows; cannot resolve sub-block spatial detail
R1->P,11,3,DENSE,0.5,DENSE: entropy=0.88>0.7; many_blocks_above_0.01=23,,,,block_size=256 spans ~4.9 token rows; cannot resolve sub-block spatial detail
P->X,11,5,DENSE,0.5,DENSE: entropy=0.89>0.7; many_blocks_above_0.01=23,,,"[19, 20, 21, 22, 23, 24, 25, 26, 27]",block_size=256 spans ~4.9 token rows; cannot resolve sub-block spatial detail
X->P,11,5,DENSE,0.3333333333333333,DENSE: entropy=0.88>0.7,,,,block_size=256 spans ~4.9 token rows; cannot resolve sub-block spatial detail
S->P,11,5,DENSE,0.5,DENSE: entropy=0.85>0.7; many_blocks_above_0.01=24,,,,block_size=256 spans ~4.9 token rows; cannot resolve sub-block spatial detail
P->X,11,6,DENSE,0.5,DENSE: entropy=0.95>0.7; many_blocks_above_0.01=30,,,"[1, 2, 3, 4, 5, 6, 7, 8, 9, 10, 11, 12, 13, 14, 15, 16, 17, 18, 19, 20, 21, 22, 23, 24, 25]",block_size=256 spans ~4.9 token rows; cannot resolve sub-block spatial detail
X->P,11,6,DENSE,0.5,DENSE: entropy=0.93>0.7; many_blocks_above_0.01=24,,,,block_size=256 spans ~4.9 token rows; cannot resolve sub-block spatial detail
X->X,11,6,DENSE,0.5,DENSE: entropy=0.80>0.7; many_blocks_above_0.01=24,,,,block_size=256 spans ~4.9 token rows; cannot resolve sub-block spatial detail
S->P,11,6,DENSE,0.5,DENSE: entropy=0.83>0.7; many_blocks_above_0.01=23,,,,block_size=256 spans ~4.9 token rows; cannot resolve sub-block spatial detail
S->X,11,6,DENSE,0.3333333333333333,DENSE: entropy=0.73>0.7,,,,block_size=256 spans ~4.9 token rows; cannot resolve sub-block spatial detail
R1->X,11,6,DENSE,0.5,DENSE: entropy=0.84>0.7; many_blocks_above_0.01=25,,,,block_size=256 spans ~4.9 token rows; cannot resolve sub-block spatial detail
X->P,11,7,DENSE,0.3333333333333333,DENSE: entropy=0.86>0.7,,,,block_size=256 spans ~4.9 token rows; cannot resolve sub-block spatial detail
S->P,11,7,DENSE,0.3333333333333333,DENSE: entropy=0.87>0.7,,,,block_size=256 spans ~4.9 token rows; cannot resolve sub-block spatial detail
R1->P,11,7,DENSE,0.3333333333333333,DENSE: entropy=0.82>0.7,,,,block_size=256 spans ~4.9 token rows; cannot resolve sub-block spatial detail
P->X,11,8,DENSE,0.5,DENSE: entropy=0.93>0.7; many_blocks_above_0.01=28,,,"[0, 1, 2, 3, 4, 5, 6, 7, 8, 9, 10, 11, 12, 13, 14, 15, 16, 17, 18, 19, 20, 21, 22, 23, 24, 25, 26, 27]",block_size=256 spans ~4.9 token rows; cannot resolve sub-block spatial detail
X->P,11,8,DENSE,0.3333333333333333,DENSE: entropy=0.87>0.7,,,,block_size=256 spans ~4.9 token rows; cannot resolve sub-block spatial detail
S->P,11,8,DENSE,0.5,DENSE: entropy=0.92>0.7; many_blocks_above_0.01=26,,,,block_size=256 spans ~4.9 token rows; cannot resolve sub-block spatial detail
S->S,11,8,DENSE,0.3333333333333333,DENSE: entropy=0.79>0.7,,,,block_size=256 spans ~4.9 token rows; cannot resolve sub-block spatial detail
R1->P,11,8,DENSE,0.5,DENSE: entropy=0.94>0.7; many_blocks_above_0.01=30,,,,block_size=256 spans ~4.9 token rows; cannot resolve sub-block spatial detail
R1->R1,11,8,DENSE,0.3333333333333333,DENSE: entropy=0.78>0.7,,,,block_size=256 spans ~4.9 token rows; cannot resolve sub-block spatial detail
P->X,11,9,DENSE,0.5,DENSE: entropy=0.95>0.7; many_blocks_above_0.01=29,,,,block_size=256 spans ~4.9 token rows; cannot resolve sub-block spatial detail
X->P,11,9,DENSE,0.5,DENSE: entropy=0.91>0.7; many_blocks_above_0.01=21,,,,block_size=256 spans ~4.9 token rows; cannot resolve sub-block spatial detail
R1->R1,11,9,DENSE,0.5,DENSE: entropy=0.78>0.7; many_blocks_above_0.01=26,,,,block_size=256 spans ~4.9 token rows; cannot resolve sub-block spatial detail
P->X,11,10,DENSE,0.5,DENSE: entropy=0.94>0.7; many_blocks_above_0.01=28,,,"[0, 1, 2, 3, 4, 5, 6, 7, 8, 9, 10, 11, 12, 13, 14, 15, 16, 17, 18, 19, 20, 21, 22, 23, 24, 25, 26, 27]",block_size=256 spans ~4.9 token rows; cannot resolve sub-block spatial detail
X->P,11,10,DENSE,0.5,DENSE: entropy=0.96>0.7; many_blocks_above_0.01=31,,,,block_size=256 spans ~4.9 token rows; cannot resolve sub-block spatial detail
P->X,11,11,DENSE,0.5,DENSE: entropy=0.89>0.7; many_blocks_above_0.01=22,,,"[0, 1, 18, 19, 20]",block_size=256 spans ~4.9 token rows; cannot resolve sub-block spatial detail
X->P,11,11,DENSE,0.3333333333333333,DENSE: entropy=0.86>0.7,,,,block_size=256 spans ~4.9 token rows; cannot resolve sub-block spatial detail
X->X,11,11,DENSE,0.5,DENSE: entropy=0.83>0.7; many_blocks_above_0.01=31,,,,block_size=256 spans ~4.9 token rows; cannot resolve sub-block spatial detail
S->S,11,11,DENSE,0.5,DENSE: entropy=0.90>0.7; many_blocks_above_0.01=25,,,,block_size=256 spans ~4.9 token rows; cannot resolve sub-block spatial detail
R1->P,11,11,DENSE,0.3333333333333333,DENSE: entropy=0.80>0.7,,,,block_size=256 spans ~4.9 token rows; cannot resolve sub-block spatial detail
R1->X,11,11,DENSE,0.3333333333333333,DENSE: entropy=0.91>0.7,,,,block_size=256 spans ~4.9 token rows; cannot resolve sub-block spatial detail
R1->R1,11,11,DENSE,0.5,DENSE: entropy=0.83>0.7; many_blocks_above_0.01=29,,,,block_size=256 spans ~4.9 token rows; cannot resolve sub-block spatial detail
P->X,11,12,DENSE,0.5,DENSE: entropy=0.95>0.7; many_blocks_above_0.01=30,,,"[0, 1, 2, 3, 4, 5, 6, 7, 8, 9, 10, 11, 12, 13, 14, 15, 16, 17, 18, 19, 20, 21, 22, 23, 24, 25, 26, 27]",block_size=256 spans ~4.9 token rows; cannot resolve sub-block spatial detail
P->R1,11,12,DENSE,0.5,DENSE: entropy=0.93>0.7; many_blocks_above_0.01=28,,,"[7, 8, 9, 10, 11, 12, 13, 14, 15, 16, 17, 18, 19, 20, 21, 22, 23, 24, 25, 26, 27]",block_size=256 spans ~4.9 token rows; cannot resolve sub-block spatial detail
X->P,11,12,DENSE,0.5,DENSE: entropy=0.92>0.7; many_blocks_above_0.01=25,,,,block_size=256 spans ~4.9 token rows; cannot resolve sub-block spatial detail
X->P,11,13,DENSE,0.5,DENSE: entropy=0.91>0.7; many_blocks_above_0.01=22,,,,block_size=256 spans ~4.9 token rows; cannot resolve sub-block spatial detail
X->R1,11,13,DENSE,0.5,DENSE: entropy=0.75>0.7; many_blocks_above_0.01=32,,,,block_size=256 spans ~4.9 token rows; cannot resolve sub-block spatial detail
R1->X,11,13,DENSE,0.5,DENSE: entropy=0.75>0.7; many_blocks_above_0.01=33,,,,block_size=256 spans ~4.9 token rows; cannot resolve sub-block spatial detail
P->X,11,14,DENSE,0.5,DENSE: entropy=0.96>0.7; many_blocks_above_0.01=31,,,"[0, 1, 2, 3, 4, 5, 6, 7, 8, 9, 10, 11, 12, 13, 14, 15, 16, 17, 18, 19, 20, 21, 22, 23, 24, 25, 26, 27]",block_size=256 spans ~4.9 token rows; cannot resolve sub-block spatial detail
X->P,11,14,DENSE,0.3333333333333333,DENSE: entropy=0.90>0.7,,,,block_size=256 spans ~4.9 token rows; cannot resolve sub-block spatial detail
X->R1,11,14,DENSE,0.5,DENSE: entropy=0.77>0.7; many_blocks_above_0.01=24,,,,block_size=256 spans ~4.9 token rows; cannot resolve sub-block spatial detail
R1->X,11,14,DENSE,0.5,DENSE: entropy=0.82>0.7; many_blocks_above_0.01=28,,,,block_size=256 spans ~4.9 token rows; cannot resolve sub-block spatial detail
P->X,11,17,DENSE,0.5,DENSE: entropy=0.92>0.7; many_blocks_above_0.01=24,,,"[0, 1, 2]",block_size=256 spans ~4.9 token rows; cannot resolve sub-block spatial detail
X->P,11,17,DENSE,0.5,DENSE: entropy=0.93>0.7; many_blocks_above_0.01=25,,,,block_size=256 spans ~4.9 token rows; cannot resolve sub-block spatial detail
X->X,11,17,DENSE,0.5,DENSE: entropy=0.80>0.7; many_blocks_above_0.01=34,,,,block_size=256 spans ~4.9 token rows; cannot resolve sub-block spatial detail
X->R1,11,17,DENSE,0.5,DENSE: entropy=0.79>0.7; many_blocks_above_0.01=28,,,,block_size=256 spans ~4.9 token rows; cannot resolve sub-block spatial detail
P->X,11,18,DENSE,0.5,DENSE: entropy=0.95>0.7; many_blocks_above_0.01=31,,,[0],block_size=256 spans ~4.9 token rows; cannot resolve sub-block spatial detail
X->P,11,18,DENSE,0.3333333333333333,DENSE: entropy=0.90>0.7,,,,block_size=256 spans ~4.9 token rows; cannot resolve sub-block spatial detail
S->P,11,18,DENSE,0.3333333333333333,DENSE: entropy=0.89>0.7,,,,block_size=256 spans ~4.9 token rows; cannot resolve sub-block spatial detail
R1->P,11,18,DENSE,0.3333333333333333,DENSE: entropy=0.89>0.7,,,,block_size=256 spans ~4.9 token rows; cannot resolve sub-block spatial detail
P->X,11,19,DENSE,0.5,DENSE: entropy=0.96>0.7; many_blocks_above_0.01=32,,,"[0, 1, 2, 3, 4, 5, 6, 7, 8, 9, 10, 11, 12, 13, 14, 15, 16, 17, 18, 19, 20, 21, 22, 23, 24, 25, 26, 27]",block_size=256 spans ~4.9 token rows; cannot resolve sub-block spatial detail
X->P,11,19,DENSE,0.3333333333333333,DENSE: entropy=0.90>0.7,,,,block_size=256 spans ~4.9 token rows; cannot resolve sub-block spatial detail
S->P,11,19,DENSE,0.5,DENSE: entropy=0.90>0.7; many_blocks_above_0.01=22,,,,block_size=256 spans ~4.9 token rows; cannot resolve sub-block spatial detail
R1->P,11,19,DENSE,0.5,DENSE: entropy=0.91>0.7; many_blocks_above_0.01=25,,,,block_size=256 spans ~4.9 token rows; cannot resolve sub-block spatial detail
R1->X,11,19,DENSE,0.5,DENSE: entropy=0.78>0.7; many_blocks_above_0.01=33,,,,block_size=256 spans ~4.9 token rows; cannot resolve sub-block spatial detail
P->X,11,20,DENSE,0.5,DENSE: entropy=0.95>0.7; many_blocks_above_0.01=28,,,"[0, 1, 2, 3, 4, 5, 6, 7, 8, 9, 10, 11, 12, 13, 14, 15, 16, 17, 18, 19, 20, 21, 22, 23, 24, 25, 26, 27]",block_size=256 spans ~4.9 token rows; cannot resolve sub-block spatial detail
X->P,11,20,DENSE,0.5,DENSE: entropy=0.91>0.7; many_blocks_above_0.01=22,,,,block_size=256 spans ~4.9 token rows; cannot resolve sub-block spatial detail
X->X,11,20,DENSE,0.5,DENSE: entropy=0.74>0.7; many_blocks_above_0.01=31,,,,block_size=256 spans ~4.9 token rows; cannot resolve sub-block spatial detail
X->R1,11,20,DENSE,0.5,DENSE: entropy=0.76>0.7; many_blocks_above_0.01=27,,,,block_size=256 spans ~4.9 token rows; cannot resolve sub-block spatial detail
S->P,11,20,DENSE,0.5,DENSE: entropy=0.92>0.7; many_blocks_above_0.01=27,,,,block_size=256 spans ~4.9 token rows; cannot resolve sub-block spatial detail
S->S,11,20,DENSE,0.5,DENSE: entropy=0.77>0.7; many_blocks_above_0.01=32,,,,block_size=256 spans ~4.9 token rows; cannot resolve sub-block spatial detail
R1->P,11,20,DENSE,0.5,DENSE: entropy=0.87>0.7; many_blocks_above_0.01=24,,,,block_size=256 spans ~4.9 token rows; cannot resolve sub-block spatial detail
R1->X,11,20,DENSE,0.5,DENSE: entropy=0.75>0.7; many_blocks_above_0.01=27,,,,block_size=256 spans ~4.9 token rows; cannot resolve sub-block spatial detail
P->X,11,21,DENSE,0.5,DENSE: entropy=0.93>0.7; many_blocks_above_0.01=28,,,"[0, 1, 2, 3, 4, 5, 6, 7, 8, 9, 10, 11, 12, 13, 14, 15, 16, 17, 18, 19, 20, 21, 22, 23, 24, 25, 26, 27]",block_size=256 spans ~4.9 token rows; cannot resolve sub-block spatial detail
X->P,11,21,DENSE,0.3333333333333333,DENSE: entropy=0.88>0.7,,,,block_size=256 spans ~4.9 token rows; cannot resolve sub-block spatial detail
R1->P,11,21,DENSE,0.5,DENSE: entropy=0.86>0.7; many_blocks_above_0.01=22,,,,block_size=256 spans ~4.9 token rows; cannot resolve sub-block spatial detail
R1->X,11,21,DENSE,0.5,DENSE: entropy=0.76>0.7; many_blocks_above_0.01=33,,,,block_size=256 spans ~4.9 token rows; cannot resolve sub-block spatial detail
P->X,11,22,DENSE,0.5,DENSE: entropy=0.93>0.7; many_blocks_above_0.01=24,,,"[0, 1, 2, 3, 4, 5, 6, 7, 16, 17, 18, 19, 20, 21, 22, 23, 24, 25, 26, 27]",block_size=256 spans ~4.9 token rows; cannot resolve sub-block spatial detail
P->S,11,22,DENSE,0.3333333333333333,DENSE: entropy=0.86>0.7,,,,block_size=256 spans ~4.9 token rows; cannot resolve sub-block spatial detail
P->R1,11,22,DENSE,0.5,DENSE: entropy=0.96>0.7; many_blocks_above_0.01=32,,,"[0, 1, 2, 3, 4, 5, 6, 7, 8, 9, 10, 11, 12, 13, 14, 15, 16, 17, 18, 19, 20, 21, 22, 23, 24, 25, 26, 27]",block_size=256 spans ~4.9 token rows; cannot resolve sub-block spatial detail
X->P,11,22,DENSE,0.3333333333333333,DENSE: entropy=0.91>0.7,,,,block_size=256 spans ~4.9 token rows; cannot resolve sub-block spatial detail
X->X,11,22,DENSE,0.5,DENSE: entropy=0.78>0.7; many_blocks_above_0.01=28,,,,block_size=256 spans ~4.9 token rows; cannot resolve sub-block spatial detail
X->R1,11,22,DENSE,0.5,DENSE: entropy=0.79>0.7; many_blocks_above_0.01=28,,,,block_size=256 spans ~4.9 token rows; cannot resolve sub-block spatial detail
S->P,11,22,DENSE,0.5,DENSE: entropy=0.85>0.7; many_blocks_above_0.01=24,,,,block_size=256 spans ~4.9 token rows; cannot resolve sub-block spatial detail
R1->P,11,22,DENSE,0.5,DENSE: entropy=0.96>0.7; many_blocks_above_0.01=32,,,,block_size=256 spans ~4.9 token rows; cannot resolve sub-block spatial detail
R1->X,11,22,DENSE,0.5,DENSE: entropy=0.79>0.7; many_blocks_above_0.01=30,,,,block_size=256 spans ~4.9 token rows; cannot resolve sub-block spatial detail
R1->S,11,22,DENSE,0.3333333333333333,DENSE: entropy=0.75>0.7,,,,block_size=256 spans ~4.9 token rows; cannot resolve sub-block spatial detail
P->X,11,23,DENSE,0.5,DENSE: entropy=0.94>0.7; many_blocks_above_0.01=28,,,"[0, 1, 2, 3, 4, 5]",block_size=256 spans ~4.9 token rows; cannot resolve sub-block spatial detail
P->S,11,23,DENSE,0.5,DENSE: entropy=0.87>0.7; many_blocks_above_0.01=22,,,,block_size=256 spans ~4.9 token rows; cannot resolve sub-block spatial detail
P->R1,11,23,DENSE,0.5,DENSE: entropy=0.97>0.7; many_blocks_above_0.01=33,,,"[6, 7, 8, 9, 10, 11, 12, 13, 14, 15, 16, 17, 18, 19, 20, 21, 22, 23, 24, 25, 26, 27]",block_size=256 spans ~4.9 token rows; cannot resolve sub-block spatial detail
X->P,11,23,DENSE,0.5,DENSE: entropy=0.94>0.7; many_blocks_above_0.01=28,,,,block_size=256 spans ~4.9 token rows; cannot resolve sub-block spatial detail
X->R1,11,23,DENSE,0.7666666666666666,DENSE: entropy=0.90>0.7; max_block=0.026<0.03; many_blocks_above_0.01=26,,,,block_size=256 spans ~4.9 token rows; cannot resolve sub-block spatial detail
P->X,12,0,DENSE,0.5,DENSE: entropy=0.92>0.7; many_blocks_above_0.01=24,,,"[0, 1, 2, 3, 4, 5, 18]",block_size=256 spans ~4.9 token rows; cannot resolve sub-block spatial detail
P->S,12,0,DENSE,0.3333333333333333,DENSE: entropy=0.86>0.7,,,,block_size=256 spans ~4.9 token rows; cannot resolve sub-block spatial detail
P->R1,12,0,DENSE,0.5,DENSE: entropy=0.96>0.7; many_blocks_above_0.01=32,,,"[22, 23, 24, 25, 26, 27]",block_size=256 spans ~4.9 token rows; cannot resolve sub-block spatial detail
X->P,12,0,DENSE,0.5,DENSE: entropy=0.96>0.7; many_blocks_above_0.01=31,,,,block_size=256 spans ~4.9 token rows; cannot resolve sub-block spatial detail
X->X,12,0,DENSE,0.5,DENSE: entropy=0.81>0.7; many_blocks_above_0.01=34,,,,block_size=256 spans ~4.9 token rows; cannot resolve sub-block spatial detail
X->R1,12,0,DENSE,0.5,DENSE: entropy=0.80>0.7; many_blocks_above_0.01=33,,,,block_size=256 spans ~4.9 token rows; cannot resolve sub-block spatial detail
S->P,12,0,DENSE,0.5,DENSE: entropy=0.96>0.7; many_blocks_above_0.01=34,,,,block_size=256 spans ~4.9 token rows; cannot resolve sub-block spatial detail
S->X,12,0,DENSE,0.3333333333333333,DENSE: entropy=0.82>0.7,,,,block_size=256 spans ~4.9 token rows; cannot resolve sub-block spatial detail
S->S,12,0,DENSE,0.7666666666666666,DENSE: entropy=0.86>0.7; max_block=0.028<0.03; many_blocks_above_0.01=27,,,,block_size=256 spans ~4.9 token rows; cannot resolve sub-block spatial detail
S->R1,12,0,DENSE,0.3333333333333333,DENSE: entropy=0.84>0.7,,,,block_size=256 spans ~4.9 token rows; cannot resolve sub-block spatial detail
R1->P,12,0,DENSE,0.5,DENSE: entropy=0.98>0.7; many_blocks_above_0.01=33,,,,block_size=256 spans ~4.9 token rows; cannot resolve sub-block spatial detail
R1->X,12,0,DENSE,0.5,DENSE: entropy=0.86>0.7; many_blocks_above_0.01=35,,,,block_size=256 spans ~4.9 token rows; cannot resolve sub-block spatial detail
R1->R1,12,0,DENSE,0.5,DENSE: entropy=0.81>0.7; many_blocks_above_0.01=30,,,,block_size=256 spans ~4.9 token rows; cannot resolve sub-block spatial detail
P->X,12,1,DENSE,0.5,DENSE: entropy=0.97>0.7; many_blocks_above_0.01=31,,,"[0, 1, 2, 3, 4, 5, 6, 7, 8, 9, 10, 11, 12, 13, 14, 15, 16, 17, 18]",block_size=256 spans ~4.9 token rows; cannot resolve sub-block spatial detail
P->S,12,1,DENSE,0.5,DENSE: entropy=0.94>0.7; many_blocks_above_0.01=27,,,"[0, 1, 2, 3, 4, 5, 6, 7, 8, 9, 10, 11, 12, 13, 14, 15, 16, 17, 18, 19, 20, 21, 22, 23, 24, 25]",block_size=256 spans ~4.9 token rows; cannot resolve sub-block spatial detail
X->P,12,1,DENSE,0.5,DENSE: entropy=0.93>0.7; many_blocks_above_0.01=25,,,,block_size=256 spans ~4.9 token rows; cannot resolve sub-block spatial detail
X->R1,12,1,DENSE,0.5,DENSE: entropy=0.78>0.7; many_blocks_above_0.01=26,,,,block_size=256 spans ~4.9 token rows; cannot resolve sub-block spatial detail
S->R1,12,1,DENSE,0.3333333333333333,DENSE: entropy=0.80>0.7,,,,block_size=256 spans ~4.9 token rows; cannot resolve sub-block spatial detail
R1->X,12,1,DENSE,0.5,DENSE: entropy=0.81>0.7; many_blocks_above_0.01=28,,,,block_size=256 spans ~4.9 token rows; cannot resolve sub-block spatial detail
R1->S,12,1,DENSE,0.3333333333333333,DENSE: entropy=0.77>0.7,,,,block_size=256 spans ~4.9 token rows; cannot resolve sub-block spatial detail
X->P,12,2,DENSE,0.3333333333333333,DENSE: entropy=0.85>0.7,,,,block_size=256 spans ~4.9 token rows; cannot resolve sub-block spatial detail
P->X,12,3,DENSE,0.5,DENSE: entropy=0.89>0.7; many_blocks_above_0.01=22,,,"[0, 1, 2, 3]",block_size=256 spans ~4.9 token rows; cannot resolve sub-block spatial detail
P->S,12,3,DENSE,0.3333333333333333,DENSE: entropy=0.79>0.7,,,,block_size=256 spans ~4.9 token rows; cannot resolve sub-block spatial detail
P->R1,12,3,DENSE,0.5,DENSE: entropy=0.90>0.7; many_blocks_above_0.01=27,,,"[2, 3, 4, 5, 6, 7, 10, 11, 13, 14, 15, 22, 23, 24, 25, 26]",block_size=256 spans ~4.9 token rows; cannot resolve sub-block spatial detail
X->P,12,3,DENSE,0.5,DENSE: entropy=0.95>0.7; many_blocks_above_0.01=29,,,,block_size=256 spans ~4.9 token rows; cannot resolve sub-block spatial detail
X->P,12,4,DENSE,0.3333333333333333,DENSE: entropy=0.85>0.7,,,,block_size=256 spans ~4.9 token rows; cannot resolve sub-block spatial detail
X->P,12,5,DENSE,0.5,DENSE: entropy=0.92>0.7; many_blocks_above_0.01=24,,,,block_size=256 spans ~4.9 token rows; cannot resolve sub-block spatial detail
S->P,12,5,DENSE,0.5,DENSE: entropy=0.89>0.7; many_blocks_above_0.01=28,,,,block_size=256 spans ~4.9 token rows; cannot resolve sub-block spatial detail
R1->X,12,5,DENSE,0.5,DENSE: entropy=0.75>0.7; many_blocks_above_0.01=30,,,,block_size=256 spans ~4.9 token rows; cannot resolve sub-block spatial detail
P->X,12,6,DENSE,0.5,DENSE: entropy=0.94>0.7; many_blocks_above_0.01=28,,,"[0, 1, 2, 3]",block_size=256 spans ~4.9 token rows; cannot resolve sub-block spatial detail
X->P,12,6,DENSE,0.5,DENSE: entropy=0.94>0.7; many_blocks_above_0.01=28,,,,block_size=256 spans ~4.9 token rows; cannot resolve sub-block spatial detail
X->X,12,6,DENSE,0.7666666666666666,DENSE: entropy=0.91>0.7; max_block=0.023<0.03; many_blocks_above_0.01=27,,,,block_size=256 spans ~4.9 token rows; cannot resolve sub-block spatial detail
S->P,12,6,DENSE,0.5,DENSE: entropy=0.96>0.7; many_blocks_above_0.01=33,,,,block_size=256 spans ~4.9 token rows; cannot resolve sub-block spatial detail
S->X,12,6,DENSE,0.3333333333333333,DENSE: entropy=0.89>0.7,,,,block_size=256 spans ~4.9 token rows; cannot resolve sub-block spatial detail
S->S,12,6,DENSE,0.7666666666666666,DENSE: entropy=0.90>0.7; max_block=0.022<0.03; many_blocks_above_0.01=23,,,,block_size=256 spans ~4.9 token rows; cannot resolve sub-block spatial detail
S->R1,12,6,DENSE,0.3333333333333333,DENSE: entropy=0.90>0.7,,,,block_size=256 spans ~4.9 token rows; cannot resolve sub-block spatial detail
R1->P,12,6,DENSE,0.5,DENSE: entropy=0.95>0.7; many_blocks_above_0.01=32,,,,block_size=256 spans ~4.9 token rows; cannot resolve sub-block spatial detail
R1->S,12,6,DENSE,0.3333333333333333,DENSE: entropy=0.86>0.7,,,,block_size=256 spans ~4.9 token rows; cannot resolve sub-block spatial detail
R1->R1,12,6,DENSE,0.7666666666666666,DENSE: entropy=0.92>0.7; max_block=0.021<0.03; many_blocks_above_0.01=22,,,,block_size=256 spans ~4.9 token rows; cannot resolve sub-block spatial detail
P->P,12,7,DENSE,0.3333333333333333,DENSE: entropy=0.85>0.7,,,,block_size=256 spans ~4.9 token rows; cannot resolve sub-block spatial detail
P->X,12,7,DENSE,0.5,DENSE: entropy=0.88>0.7; many_blocks_above_0.01=22,,,"[19, 20, 21, 22, 23]",block_size=256 spans ~4.9 token rows; cannot resolve sub-block spatial detail
P->S,12,7,DENSE,0.3333333333333333,DENSE: entropy=0.82>0.7,,,,block_size=256 spans ~4.9 token rows; cannot resolve sub-block spatial detail
P->R1,12,7,DENSE,0.5,DENSE: entropy=0.95>0.7; many_blocks_above_0.01=31,,,"[26, 27]",block_size=256 spans ~4.9 token rows; cannot resolve sub-block spatial detail
X->P,12,7,DENSE,0.5,DENSE: entropy=0.90>0.7; many_blocks_above_0.01=22,,,,block_size=256 spans ~4.9 token rows; cannot resolve sub-block spatial detail
S->P,12,7,DENSE,0.5,DENSE: entropy=0.97>0.7; many_blocks_above_0.01=33,,,,block_size=256 spans ~4.9 token rows; cannot resolve sub-block spatial detail
S->S,12,7,DENSE,0.5,DENSE: entropy=0.77>0.7; many_blocks_above_0.01=24,,,,block_size=256 spans ~4.9 token rows; cannot resolve sub-block spatial detail
S->R1,12,7,DENSE,0.3333333333333333,DENSE: entropy=0.82>0.7,,,,block_size=256 spans ~4.9 token rows; cannot resolve sub-block spatial detail
R1->P,12,7,DENSE,0.5,DENSE: entropy=0.96>0.7; many_blocks_above_0.01=29,,,,block_size=256 spans ~4.9 token rows; cannot resolve sub-block spatial detail
R1->X,12,7,DENSE,0.5,DENSE: entropy=0.72>0.7; many_blocks_above_0.01=33,,,,block_size=256 spans ~4.9 token rows; cannot resolve sub-block spatial detail
R1->S,12,7,DENSE,0.3333333333333333,DENSE: entropy=0.73>0.7,,,,block_size=256 spans ~4.9 token rows; cannot resolve sub-block spatial detail
P->P,12,8,DENSE,0.3333333333333333,DENSE: entropy=0.92>0.7,,,,block_size=256 spans ~4.9 token rows; cannot resolve sub-block spatial detail
P->X,12,8,DENSE,0.5,DENSE: entropy=0.92>0.7; many_blocks_above_0.01=25,,,"[0, 1, 2, 3, 4, 16, 17, 18, 19, 20, 21, 22, 23, 24]",block_size=256 spans ~4.9 token rows; cannot resolve sub-block spatial detail
P->S,12,8,DENSE,0.3333333333333333,DENSE: entropy=0.84>0.7,,,,block_size=256 spans ~4.9 token rows; cannot resolve sub-block spatial detail
P->R1,12,8,DENSE,0.5,DENSE: entropy=0.97>0.7; many_blocks_above_0.01=31,,,,block_size=256 spans ~4.9 token rows; cannot resolve sub-block spatial detail
X->P,12,8,DENSE,0.5,DENSE: entropy=0.96>0.7; many_blocks_above_0.01=31,,,,block_size=256 spans ~4.9 token rows; cannot resolve sub-block spatial detail
X->X,12,8,DENSE,0.5,DENSE: entropy=0.75>0.7; many_blocks_above_0.01=26,,,,block_size=256 spans ~4.9 token rows; cannot resolve sub-block spatial detail
X->R1,12,8,DENSE,0.5,DENSE: entropy=0.82>0.7; many_blocks_above_0.01=30,,,,block_size=256 spans ~4.9 token rows; cannot resolve sub-block spatial detail
S->P,12,8,DENSE,0.5,DENSE: entropy=0.93>0.7; many_blocks_above_0.01=30,,,,block_size=256 spans ~4.9 token rows; cannot resolve sub-block spatial detail
S->S,12,8,DENSE,0.5,DENSE: entropy=0.81>0.7; many_blocks_above_0.01=29,,,,block_size=256 spans ~4.9 token rows; cannot resolve sub-block spatial detail
R1->P,12,8,DENSE,0.5,DENSE: entropy=0.97>0.7; many_blocks_above_0.01=33,,,,block_size=256 spans ~4.9 token rows; cannot resolve sub-block spatial detail
R1->X,12,8,DENSE,0.5,DENSE: entropy=0.77>0.7; many_blocks_above_0.01=35,,,,block_size=256 spans ~4.9 token rows; cannot resolve sub-block spatial detail
R1->R1,12,8,DENSE,0.5,DENSE: entropy=0.75>0.7; many_blocks_above_0.01=30,,,,block_size=256 spans ~4.9 token rows; cannot resolve sub-block spatial detail
P->X,12,9,DENSE,0.5,DENSE: entropy=0.93>0.7; many_blocks_above_0.01=29,,,"[0, 1, 2, 3, 4, 5, 10, 11, 12, 13, 14, 15, 16, 17, 18, 19, 20, 21, 22, 23, 24, 25, 26, 27]",block_size=256 spans ~4.9 token rows; cannot resolve sub-block spatial detail
X->P,12,9,DENSE,0.3333333333333333,DENSE: entropy=0.89>0.7,,,,block_size=256 spans ~4.9 token rows; cannot resolve sub-block spatial detail
X->X,12,9,DENSE,0.5,DENSE: entropy=0.88>0.7; many_blocks_above_0.01=29,,,,block_size=256 spans ~4.9 token rows; cannot resolve sub-block spatial detail
S->P,12,9,DENSE,0.5,DENSE: entropy=0.97>0.7; many_blocks_above_0.01=33,,,,block_size=256 spans ~4.9 token rows; cannot resolve sub-block spatial detail
S->X,12,9,DENSE,0.5,DENSE: entropy=0.91>0.7; many_blocks_above_0.01=20,,,,block_size=256 spans ~4.9 token rows; cannot resolve sub-block spatial detail
S->S,12,9,DENSE,0.3333333333333333,DENSE: entropy=0.95>0.7,,,,block_size=256 spans ~4.9 token rows; cannot resolve sub-block spatial detail
R1->P,12,9,DENSE,0.5,DENSE: entropy=0.98>0.7; many_blocks_above_0.01=34,,,,block_size=256 spans ~4.9 token rows; cannot resolve sub-block spatial detail
R1->X,12,9,DENSE,0.6,DENSE: entropy=0.93>0.7; max_block=0.023<0.03,,,,block_size=256 spans ~4.9 token rows; cannot resolve sub-block spatial detail
R1->S,12,9,DENSE,0.5,DENSE: entropy=0.80>0.7; many_blocks_above_0.01=24,,,,block_size=256 spans ~4.9 token rows; cannot resolve sub-block spatial detail
R1->R1,12,9,DENSE,0.6,DENSE: entropy=0.96>0.7; max_block=0.016<0.03,,,,block_size=256 spans ~4.9 token rows; cannot resolve sub-block spatial detail
P->X,12,10,DENSE,0.5,DENSE: entropy=0.96>0.7; many_blocks_above_0.01=30,,,"[0, 1, 2, 3, 4, 5, 6, 7, 8, 9, 10, 11, 12, 13, 14, 15, 16, 17, 18, 19, 20, 21, 22, 23, 24, 25, 26, 27]",block_size=256 spans ~4.9 token rows; cannot resolve sub-block spatial detail
X->P,12,10,DENSE,0.5,DENSE: entropy=0.92>0.7; many_blocks_above_0.01=24,,,,block_size=256 spans ~4.9 token rows; cannot resolve sub-block spatial detail
X->X,12,10,DENSE,0.5,DENSE: entropy=0.85>0.7; many_blocks_above_0.01=33,,,,block_size=256 spans ~4.9 token rows; cannot resolve sub-block spatial detail
S->P,12,10,DENSE,0.5,DENSE: entropy=0.87>0.7; many_blocks_above_0.01=27,,,,block_size=256 spans ~4.9 token rows; cannot resolve sub-block spatial detail
S->X,12,10,DENSE,0.5,DENSE: entropy=0.83>0.7; many_blocks_above_0.01=26,,,,block_size=256 spans ~4.9 token rows; cannot resolve sub-block spatial detail
S->S,12,10,DENSE,0.7666666666666666,DENSE: entropy=0.88>0.7; max_block=0.029<0.03; many_blocks_above_0.01=27,,,,block_size=256 spans ~4.9 token rows; cannot resolve sub-block spatial detail
R1->P,12,10,DENSE,0.5,DENSE: entropy=0.95>0.7; many_blocks_above_0.01=30,,,,block_size=256 spans ~4.9 token rows; cannot resolve sub-block spatial detail
R1->X,12,10,DENSE,0.7666666666666666,DENSE: entropy=0.89>0.7; max_block=0.028<0.03; many_blocks_above_0.01=26,,,,block_size=256 spans ~4.9 token rows; cannot resolve sub-block spatial detail
R1->S,12,10,DENSE,0.3333333333333333,DENSE: entropy=0.84>0.7,,,,block_size=256 spans ~4.9 token rows; cannot resolve sub-block spatial detail
R1->R1,12,10,DENSE,0.5,DENSE: entropy=0.87>0.7; many_blocks_above_0.01=25,,,,block_size=256 spans ~4.9 token rows; cannot resolve sub-block spatial detail
P->X,12,11,DENSE,0.5,DENSE: entropy=0.94>0.7; many_blocks_above_0.01=28,,,"[0, 1, 2, 3, 4, 5, 6, 7, 8, 9, 10, 11, 12, 13, 14, 15, 16, 17, 18, 19, 20, 21, 22, 23, 24, 25, 26, 27]",block_size=256 spans ~4.9 token rows; cannot resolve sub-block spatial detail
X->P,12,11,DENSE,0.3333333333333333,DENSE: entropy=0.89>0.7,,,,block_size=256 spans ~4.9 token rows; cannot resolve sub-block spatial detail
P->X,12,12,DENSE,0.5,DENSE: entropy=0.99>0.7; many_blocks_above_0.01=32,,,"[0, 1, 2, 3, 4, 5, 6, 7]",block_size=256 spans ~4.9 token rows; cannot resolve sub-block spatial detail
P->S,12,12,DENSE,0.5,DENSE: entropy=0.90>0.7; many_blocks_above_0.01=31,,,"[0, 1, 2, 3, 4, 5, 6, 7, 8, 9, 10, 11, 12, 13, 14, 15, 16]",block_size=256 spans ~4.9 token rows; cannot resolve sub-block spatial detail
P->R1,12,12,DENSE,0.5,DENSE: entropy=0.99>0.7; many_blocks_above_0.01=34,,,"[0, 1, 2, 3, 4, 5, 6, 7, 8, 9, 10, 11, 12, 13, 14, 15, 16, 17, 18, 19, 20, 21, 22, 23, 24, 25, 26, 27]",block_size=256 spans ~4.9 token rows; cannot resolve sub-block spatial detail
X->P,12,12,DENSE,0.5,DENSE: entropy=0.94>0.7; many_blocks_above_0.01=30,,,,block_size=256 spans ~4.9 token rows; cannot resolve sub-block spatial detail
X->X,12,12,DENSE,0.6,DENSE: entropy=0.96>0.7; max_block=0.021<0.03,,,,block_size=256 spans ~4.9 token rows; cannot resolve sub-block spatial detail
X->S,12,12,DENSE,0.3333333333333333,DENSE: entropy=0.79>0.7,,,,block_size=256 spans ~4.9 token rows; cannot resolve sub-block spatial detail
X->R1,12,12,DENSE,0.6,DENSE: entropy=0.96>0.7; max_block=0.017<0.03,,,,block_size=256 spans ~4.9 token rows; cannot resolve sub-block spatial detail
S->P,12,12,DENSE,0.5,DENSE: entropy=0.95>0.7; many_blocks_above_0.01=34,,,,block_size=256 spans ~4.9 token rows; cannot resolve sub-block spatial detail
S->X,12,12,DENSE,0.6,DENSE: entropy=0.98>0.7; max_block=0.016<0.03,,,,block_size=256 spans ~4.9 token rows; cannot resolve sub-block spatial detail
S->R1,12,12,DENSE,0.6,DENSE: entropy=0.96>0.7; max_block=0.019<0.03,,,,block_size=256 spans ~4.9 token rows; cannot resolve sub-block spatial detail
R1->P,12,12,DENSE,0.5,DENSE: entropy=0.95>0.7; many_blocks_above_0.01=30,,,,block_size=256 spans ~4.9 token rows; cannot resolve sub-block spatial detail
P->X,12,13,DENSE,0.5,DENSE: entropy=0.94>0.7; many_blocks_above_0.01=28,,,"[0, 1, 2, 3, 4, 5, 6, 7, 8, 9, 10, 11, 12, 13, 14, 15, 16, 17, 18, 19, 20, 21, 22, 23, 24, 25, 26, 27]",block_size=256 spans ~4.9 token rows; cannot resolve sub-block spatial detail
P->R1,12,13,DENSE,0.5,DENSE: entropy=0.97>0.7; many_blocks_above_0.01=32,,,"[0, 1, 2, 3, 4, 5, 6, 7, 8, 9, 10, 11, 12, 13, 14, 15, 16, 17, 18, 19, 20, 21, 22, 23, 24, 25, 26, 27]",block_size=256 spans ~4.9 token rows; cannot resolve sub-block spatial detail
X->P,12,13,DENSE,0.3333333333333333,DENSE: entropy=0.89>0.7,,,,block_size=256 spans ~4.9 token rows; cannot resolve sub-block spatial detail
X->X,12,13,DENSE,0.5,DENSE: entropy=0.76>0.7; many_blocks_above_0.01=32,,,,block_size=256 spans ~4.9 token rows; cannot resolve sub-block spatial detail
S->P,12,13,DENSE,0.5,DENSE: entropy=0.96>0.7; many_blocks_above_0.01=31,,,,block_size=256 spans ~4.9 token rows; cannot resolve sub-block spatial detail
S->S,12,13,DENSE,0.5,DENSE: entropy=0.79>0.7; many_blocks_above_0.01=33,,,,block_size=256 spans ~4.9 token rows; cannot resolve sub-block spatial detail
R1->P,12,13,DENSE,0.5,DENSE: entropy=0.91>0.7; many_blocks_above_0.01=27,,,,block_size=256 spans ~4.9 token rows; cannot resolve sub-block spatial detail
R1->X,12,13,DENSE,0.5,DENSE: entropy=0.75>0.7; many_blocks_above_0.01=27,,,,block_size=256 spans ~4.9 token rows; cannot resolve sub-block spatial detail
R1->R1,12,13,DENSE,0.5,DENSE: entropy=0.79>0.7; many_blocks_above_0.01=36,,,,block_size=256 spans ~4.9 token rows; cannot resolve sub-block spatial detail
P->P,12,14,DENSE,0.3333333333333333,DENSE: entropy=0.86>0.7,,,,block_size=256 spans ~4.9 token rows; cannot resolve sub-block spatial detail
P->S,12,14,DENSE,0.3333333333333333,DENSE: entropy=0.82>0.7,,,,block_size=256 spans ~4.9 token rows; cannot resolve sub-block spatial detail
P->R1,12,14,DENSE,0.5,DENSE: entropy=0.96>0.7; many_blocks_above_0.01=31,,,,block_size=256 spans ~4.9 token rows; cannot resolve sub-block spatial detail
S->P,12,14,DENSE,0.5,DENSE: entropy=0.94>0.7; many_blocks_above_0.01=30,,,,block_size=256 spans ~4.9 token rows; cannot resolve sub-block spatial detail
R1->P,12,14,DENSE,0.5,DENSE: entropy=0.87>0.7; many_blocks_above_0.01=21,,,,block_size=256 spans ~4.9 token rows; cannot resolve sub-block spatial detail
P->X,12,15,DENSE,0.5,DENSE: entropy=0.92>0.7; many_blocks_above_0.01=25,,,"[0, 1, 2, 3, 4, 5, 6, 17, 18, 19, 20, 21, 22, 23, 24, 25, 26, 27]",block_size=256 spans ~4.9 token rows; cannot resolve sub-block spatial detail
X->P,12,15,DENSE,0.5,DENSE: entropy=0.91>0.7; many_blocks_above_0.01=21,,,,block_size=256 spans ~4.9 token rows; cannot resolve sub-block spatial detail
X->X,12,15,DENSE,0.5,DENSE: entropy=0.81>0.7; many_blocks_above_0.01=26,,,,block_size=256 spans ~4.9 token rows; cannot resolve sub-block spatial detail
S->X,12,15,DENSE,0.3333333333333333,DENSE: entropy=0.71>0.7,,,,block_size=256 spans ~4.9 token rows; cannot resolve sub-block spatial detail
R1->X,12,15,DENSE,0.5,DENSE: entropy=0.87>0.7; many_blocks_above_0.01=29,,,,block_size=256 spans ~4.9 token rows; cannot resolve sub-block spatial detail
P->X,12,16,DENSE,0.5,DENSE: entropy=0.94>0.7; many_blocks_above_0.01=27,,,"[0, 1, 2, 3, 4, 5, 6, 7, 8, 9, 10, 11, 12, 13, 14, 15, 16, 17, 18]",block_size=256 spans ~4.9 token rows; cannot resolve sub-block spatial detail
P->R1,12,16,DENSE,0.5,DENSE: entropy=0.93>0.7; many_blocks_above_0.01=28,,,"[0, 1, 2, 3, 4, 5, 6, 7, 8, 9, 10, 11, 12, 13, 14, 15, 16, 17, 18, 19, 20, 21, 22, 23, 24, 25, 26, 27]",block_size=256 spans ~4.9 token rows; cannot resolve sub-block spatial detail
X->P,12,16,DENSE,0.5,DENSE: entropy=0.93>0.7; many_blocks_above_0.01=25,,,,block_size=256 spans ~4.9 token rows; cannot resolve sub-block spatial detail
X->P,12,18,DENSE,0.3333333333333333,DENSE: entropy=0.90>0.7,,,,block_size=256 spans ~4.9 token rows; cannot resolve sub-block spatial detail
S->P,12,18,DENSE,0.5,DENSE: entropy=0.90>0.7; many_blocks_above_0.01=27,,,,block_size=256 spans ~4.9 token rows; cannot resolve sub-block spatial detail
R1->P,12,18,DENSE,0.5,DENSE: entropy=0.88>0.7; many_blocks_above_0.01=23,,,,block_size=256 spans ~4.9 token rows; cannot resolve sub-block spatial detail
P->X,12,19,DENSE,0.5,DENSE: entropy=0.93>0.7; many_blocks_above_0.01=27,,,"[0, 1, 2, 3, 4, 5, 6, 7, 8, 9, 10, 11, 12, 13, 14]",block_size=256 spans ~4.9 token rows; cannot resolve sub-block spatial detail
P->S,12,19,DENSE,0.5,DENSE: entropy=0.85>0.7; many_blocks_above_0.01=20,,,"[0, 1, 2, 3]",block_size=256 spans ~4.9 token rows; cannot resolve sub-block spatial detail
P->R1,12,19,DENSE,0.5,DENSE: entropy=0.96>0.7; many_blocks_above_0.01=29,,,"[0, 1, 2, 3, 4, 5, 6, 7, 8, 9, 10, 11, 12, 13, 14, 15, 16, 17, 18, 19, 20, 21, 22, 23, 24, 25, 26, 27]",block_size=256 spans ~4.9 token rows; cannot resolve sub-block spatial detail
X->P,12,19,DENSE,0.5,DENSE: entropy=0.95>0.7; many_blocks_above_0.01=31,,,,block_size=256 spans ~4.9 token rows; cannot resolve sub-block spatial detail
X->X,12,19,DENSE,0.7666666666666666,DENSE: entropy=0.88>0.7; max_block=0.028<0.03; many_blocks_above_0.01=31,,,,block_size=256 spans ~4.9 token rows; cannot resolve sub-block spatial detail
X->S,12,19,DENSE,0.5,DENSE: entropy=0.78>0.7; many_blocks_above_0.01=23,,,,block_size=256 spans ~4.9 token rows; cannot resolve sub-block spatial detail
X->R1,12,19,DENSE,0.5,DENSE: entropy=0.87>0.7; many_blocks_above_0.01=25,,,,block_size=256 spans ~4.9 token rows; cannot resolve sub-block spatial detail
S->P,12,19,DENSE,0.5,DENSE: entropy=0.98>0.7; many_blocks_above_0.01=34,,,,block_size=256 spans ~4.9 token rows; cannot resolve sub-block spatial detail
S->X,12,19,DENSE,0.3333333333333333,DENSE: entropy=0.91>0.7,,,,block_size=256 spans ~4.9 token rows; cannot resolve sub-block spatial detail
S->S,12,19,DENSE,0.5,DENSE: entropy=0.86>0.7; many_blocks_above_0.01=25,,,,block_size=256 spans ~4.9 token rows; cannot resolve sub-block spatial detail
S->R1,12,19,DENSE,0.3333333333333333,DENSE: entropy=0.90>0.7,,,,block_size=256 spans ~4.9 token rows; cannot resolve sub-block spatial detail
R1->P,12,19,DENSE,0.5,DENSE: entropy=0.98>0.7; many_blocks_above_0.01=34,,,,block_size=256 spans ~4.9 token rows; cannot resolve sub-block spatial detail
R1->X,12,19,DENSE,0.7666666666666666,DENSE: entropy=0.91>0.7; max_block=0.026<0.03; many_blocks_above_0.01=28,,,,block_size=256 spans ~4.9 token rows; cannot resolve sub-block spatial detail
R1->S,12,19,DENSE,0.5,DENSE: entropy=0.84>0.7; many_blocks_above_0.01=20,,,,block_size=256 spans ~4.9 token rows; cannot resolve sub-block spatial detail
R1->R1,12,19,DENSE,0.5,DENSE: entropy=0.84>0.7; many_blocks_above_0.01=30,,,,block_size=256 spans ~4.9 token rows; cannot resolve sub-block spatial detail
P->X,12,20,DENSE,0.5,DENSE: entropy=0.96>0.7; many_blocks_above_0.01=29,,,,block_size=256 spans ~4.9 token rows; cannot resolve sub-block spatial detail
X->P,12,20,DENSE,0.5,DENSE: entropy=0.93>0.7; many_blocks_above_0.01=27,,,,block_size=256 spans ~4.9 token rows; cannot resolve sub-block spatial detail
R1->X,12,20,DENSE,0.5,DENSE: entropy=0.79>0.7; many_blocks_above_0.01=30,,,,block_size=256 spans ~4.9 token rows; cannot resolve sub-block spatial detail
P->X,12,21,DENSE,0.5,DENSE: entropy=0.94>0.7; many_blocks_above_0.01=28,,,"[0, 1, 2, 3, 4, 5, 6, 7, 8, 9, 10, 11, 12, 13, 14, 15, 18, 19, 20, 21, 22, 23, 24]",block_size=256 spans ~4.9 token rows; cannot resolve sub-block spatial detail
P->S,12,21,DENSE,0.5,DENSE: entropy=0.88>0.7; many_blocks_above_0.01=22,,,,block_size=256 spans ~4.9 token rows; cannot resolve sub-block spatial detail
P->R1,12,21,DENSE,0.5,DENSE: entropy=0.97>0.7; many_blocks_above_0.01=33,,,"[26, 27]",block_size=256 spans ~4.9 token rows; cannot resolve sub-block spatial detail
X->P,12,21,DENSE,0.5,DENSE: entropy=0.93>0.7; many_blocks_above_0.01=26,,,,block_size=256 spans ~4.9 token rows; cannot resolve sub-block spatial detail
X->X,12,21,DENSE,0.5,DENSE: entropy=0.77>0.7; many_blocks_above_0.01=27,,,,block_size=256 spans ~4.9 token rows; cannot resolve sub-block spatial detail
X->R1,12,21,DENSE,0.5,DENSE: entropy=0.75>0.7; many_blocks_above_0.01=30,,,,block_size=256 spans ~4.9 token rows; cannot resolve sub-block spatial detail
S->P,12,21,DENSE,0.5,DENSE: entropy=0.98>0.7; many_blocks_above_0.01=34,,,,block_size=256 spans ~4.9 token rows; cannot resolve sub-block spatial detail
S->X,12,21,DENSE,0.5,DENSE: entropy=0.80>0.7; many_blocks_above_0.01=24,,,,block_size=256 spans ~4.9 token rows; cannot resolve sub-block spatial detail
S->S,12,21,DENSE,0.5,DENSE: entropy=0.88>0.7; many_blocks_above_0.01=22,,,,block_size=256 spans ~4.9 token rows; cannot resolve sub-block spatial detail
S->R1,12,21,DENSE,0.3333333333333333,DENSE: entropy=0.87>0.7,,,,block_size=256 spans ~4.9 token rows; cannot resolve sub-block spatial detail
R1->P,12,21,DENSE,0.5,DENSE: entropy=0.96>0.7; many_blocks_above_0.01=32,,,,block_size=256 spans ~4.9 token rows; cannot resolve sub-block spatial detail
R1->X,12,21,DENSE,0.5,DENSE: entropy=0.76>0.7; many_blocks_above_0.01=33,,,,block_size=256 spans ~4.9 token rows; cannot resolve sub-block spatial detail
R1->S,12,21,DENSE,0.3333333333333333,DENSE: entropy=0.76>0.7,,,,block_size=256 spans ~4.9 token rows; cannot resolve sub-block spatial detail
R1->R1,12,21,DENSE,0.5,DENSE: entropy=0.76>0.7; many_blocks_above_0.01=26,,,,block_size=256 spans ~4.9 token rows; cannot resolve sub-block spatial detail
P->P,12,22,DENSE,0.3333333333333333,DENSE: entropy=0.97>0.7,,,"[9, 10, 11, 12, 13, 14, 15, 16, 17, 18, 19, 20, 21, 22, 23, 24, 25, 26]",block_size=256 spans ~4.9 token rows; cannot resolve sub-block spatial detail
X->P,12,22,DENSE,0.3333333333333333,DENSE: entropy=0.89>0.7,,,,block_size=256 spans ~4.9 token rows; cannot resolve sub-block spatial detail
P->P,12,23,DENSE,0.3333333333333333,DENSE: entropy=0.87>0.7,,,,block_size=256 spans ~4.9 token rows; cannot resolve sub-block spatial detail
P->X,12,23,DENSE,0.5,DENSE: entropy=0.94>0.7; many_blocks_above_0.01=30,,,,block_size=256 spans ~4.9 token rows; cannot resolve sub-block spatial detail
X->P,12,23,DENSE,0.5,DENSE: entropy=0.93>0.7; many_blocks_above_0.01=25,,,,block_size=256 spans ~4.9 token rows; cannot resolve sub-block spatial detail
X->R1,12,23,DENSE,0.5,DENSE: entropy=0.84>0.7; many_blocks_above_0.01=29,,,,block_size=256 spans ~4.9 token rows; cannot resolve sub-block spatial detail
S->S,12,23,DENSE,0.5,DENSE: entropy=0.77>0.7; many_blocks_above_0.01=28,,,,block_size=256 spans ~4.9 token rows; cannot resolve sub-block spatial detail
P->X,13,0,DENSE,0.5,DENSE: entropy=0.93>0.7; many_blocks_above_0.01=29,,,"[0, 1, 2, 3, 4, 5, 6, 7, 8, 9, 10, 11, 12, 13, 14, 15, 16, 17, 18, 19, 20, 21, 22, 23, 24, 25, 26, 27]",block_size=256 spans ~4.9 token rows; cannot resolve sub-block spatial detail
X->P,13,0,DENSE,0.3333333333333333,DENSE: entropy=0.88>0.7,,,,block_size=256 spans ~4.9 token rows; cannot resolve sub-block spatial detail
P->X,13,1,DENSE,0.5,DENSE: entropy=0.94>0.7; many_blocks_above_0.01=29,,,"[0, 1, 2, 3, 4, 5, 6, 7, 8, 9, 10, 11, 12, 13, 14, 15, 16, 17, 18, 19, 20, 21, 22, 23, 24, 25, 26, 27]",block_size=256 spans ~4.9 token rows; cannot resolve sub-block spatial detail
X->P,13,1,DENSE,0.3333333333333333,DENSE: entropy=0.88>0.7,,,,block_size=256 spans ~4.9 token rows; cannot resolve sub-block spatial detail
S->P,13,1,DENSE,0.3333333333333333,DENSE: entropy=0.81>0.7,,,,block_size=256 spans ~4.9 token rows; cannot resolve sub-block spatial detail
R1->P,13,1,DENSE,0.3333333333333333,DENSE: entropy=0.85>0.7,,,,block_size=256 spans ~4.9 token rows; cannot resolve sub-block spatial detail
P->X,13,2,DENSE,0.5,DENSE: entropy=0.94>0.7; many_blocks_above_0.01=29,,,"[0, 1, 2, 3, 4, 5, 6, 7, 8, 9, 10, 11, 12, 13, 14, 15, 17]",block_size=256 spans ~4.9 token rows; cannot resolve sub-block spatial detail
P->R1,13,2,DENSE,0.5,DENSE: entropy=0.96>0.7; many_blocks_above_0.01=32,,,"[0, 1, 2, 3, 4, 5, 6, 7, 8, 9, 10, 11, 12, 13, 14, 15, 16, 17, 18, 19, 20, 21, 22, 23, 24, 25, 26, 27]",block_size=256 spans ~4.9 token rows; cannot resolve sub-block spatial detail
X->P,13,2,DENSE,0.5,DENSE: entropy=0.97>0.7; many_blocks_above_0.01=30,,,,block_size=256 spans ~4.9 token rows; cannot resolve sub-block spatial detail
X->X,13,2,DENSE,0.5,DENSE: entropy=0.78>0.7; many_blocks_above_0.01=34,,,,block_size=256 spans ~4.9 token rows; cannot resolve sub-block spatial detail
S->P,13,2,DENSE,0.5,DENSE: entropy=0.92>0.7; many_blocks_above_0.01=32,,,,block_size=256 spans ~4.9 token rows; cannot resolve sub-block spatial detail
S->R1,13,2,DENSE,0.3333333333333333,DENSE: entropy=0.83>0.7,,,,block_size=256 spans ~4.9 token rows; cannot resolve sub-block spatial detail
R1->X,13,2,DENSE,0.5,DENSE: entropy=0.84>0.7; many_blocks_above_0.01=29,,,,block_size=256 spans ~4.9 token rows; cannot resolve sub-block spatial detail
P->X,13,3,DENSE,0.5,DENSE: entropy=0.93>0.7; many_blocks_above_0.01=27,,,"[0, 1, 2, 3, 4, 15, 16, 17, 18, 19, 20]",block_size=256 spans ~4.9 token rows; cannot resolve sub-block spatial detail
P->S,13,3,DENSE,0.5,DENSE: entropy=0.91>0.7; many_blocks_above_0.01=23,,,,block_size=256 spans ~4.9 token rows; cannot resolve sub-block spatial detail
P->R1,13,3,DENSE,0.5,DENSE: entropy=0.98>0.7; many_blocks_above_0.01=33,,,"[21, 22, 23, 24, 25, 26, 27]",block_size=256 spans ~4.9 token rows; cannot resolve sub-block spatial detail
X->P,13,3,DENSE,0.5,DENSE: entropy=0.94>0.7; many_blocks_above_0.01=28,,,,block_size=256 spans ~4.9 token rows; cannot resolve sub-block spatial detail
X->X,13,3,DENSE,0.7666666666666666,DENSE: entropy=0.90>0.7; max_block=0.020<0.03; many_blocks_above_0.01=32,,,,block_size=256 spans ~4.9 token rows; cannot resolve sub-block spatial detail
X->S,13,3,DENSE,0.5,DENSE: entropy=0.83>0.7; many_blocks_above_0.01=22,,,,block_size=256 spans ~4.9 token rows; cannot resolve sub-block spatial detail
X->R1,13,3,DENSE,0.5,DENSE: entropy=0.88>0.7; many_blocks_above_0.01=27,,,,block_size=256 spans ~4.9 token rows; cannot resolve sub-block spatial detail
S->P,13,3,DENSE,0.5,DENSE: entropy=0.95>0.7; many_blocks_above_0.01=34,,,,block_size=256 spans ~4.9 token rows; cannot resolve sub-block spatial detail
S->X,13,3,DENSE,0.3333333333333333,DENSE: entropy=0.84>0.7,,,,block_size=256 spans ~4.9 token rows; cannot resolve sub-block spatial detail
S->S,13,3,DENSE,0.7666666666666666,DENSE: entropy=0.89>0.7; max_block=0.022<0.03; many_blocks_above_0.01=29,,,,block_size=256 spans ~4.9 token rows; cannot resolve sub-block spatial detail
S->R1,13,3,DENSE,0.6,DENSE: entropy=0.94>0.7; max_block=0.021<0.03,,,,block_size=256 spans ~4.9 token rows; cannot resolve sub-block spatial detail
R1->P,13,3,DENSE,0.5,DENSE: entropy=0.97>0.7; many_blocks_above_0.01=31,,,,block_size=256 spans ~4.9 token rows; cannot resolve sub-block spatial detail
R1->X,13,3,DENSE,0.5,DENSE: entropy=0.88>0.7; many_blocks_above_0.01=24,,,,block_size=256 spans ~4.9 token rows; cannot resolve sub-block spatial detail
R1->S,13,3,DENSE,0.5,DENSE: entropy=0.89>0.7; many_blocks_above_0.01=26,,,,block_size=256 spans ~4.9 token rows; cannot resolve sub-block spatial detail
R1->R1,13,3,DENSE,0.7666666666666666,DENSE: entropy=0.86>0.7; max_block=0.028<0.03; many_blocks_above_0.01=33,,,,block_size=256 spans ~4.9 token rows; cannot resolve sub-block spatial detail
P->X,13,4,DENSE,0.5,DENSE: entropy=0.93>0.7; many_blocks_above_0.01=26,,,"[0, 1, 2, 3, 4, 5, 6, 7, 8, 9, 10, 11, 12, 13, 14, 15, 16, 17, 18, 19, 20, 21, 22, 23, 24, 25, 26, 27]",block_size=256 spans ~4.9 token rows; cannot resolve sub-block spatial detail
X->P,13,4,DENSE,0.3333333333333333,DENSE: entropy=0.89>0.7,,,,block_size=256 spans ~4.9 token rows; cannot resolve sub-block spatial detail
X->R1,13,4,DENSE,0.5,DENSE: entropy=0.81>0.7; many_blocks_above_0.01=30,,,,block_size=256 spans ~4.9 token rows; cannot resolve sub-block spatial detail
S->P,13,4,DENSE,0.5,DENSE: entropy=0.89>0.7; many_blocks_above_0.01=23,,,,block_size=256 spans ~4.9 token rows; cannot resolve sub-block spatial detail
S->S,13,4,DENSE,0.3333333333333333,DENSE: entropy=0.78>0.7,,,,block_size=256 spans ~4.9 token rows; cannot resolve sub-block spatial detail
S->R1,13,4,DENSE,0.3333333333333333,DENSE: entropy=0.85>0.7,,,,block_size=256 spans ~4.9 token rows; cannot resolve sub-block spatial detail
R1->P,13,4,DENSE,0.5,DENSE: entropy=0.89>0.7; many_blocks_above_0.01=23,,,,block_size=256 spans ~4.9 token rows; cannot resolve sub-block spatial detail
R1->X,13,4,DENSE,0.5,DENSE: entropy=0.81>0.7; many_blocks_above_0.01=28,,,,block_size=256 spans ~4.9 token rows; cannot resolve sub-block spatial detail
P->X,13,5,DENSE,0.5,DENSE: entropy=0.95>0.7; many_blocks_above_0.01=29,,,"[0, 1, 2, 3, 4, 5, 6, 7, 8, 9, 10, 11, 12, 13, 14, 15, 16, 17, 18, 19, 20, 21, 22, 23, 24, 25, 26, 27]",block_size=256 spans ~4.9 token rows; cannot resolve sub-block spatial detail
X->P,13,5,DENSE,0.5,DENSE: entropy=0.93>0.7; many_blocks_above_0.01=27,,,,block_size=256 spans ~4.9 token rows; cannot resolve sub-block spatial detail
S->P,13,5,DENSE,0.5,DENSE: entropy=0.91>0.7; many_blocks_above_0.01=30,,,,block_size=256 spans ~4.9 token rows; cannot resolve sub-block spatial detail
P->X,13,6,DENSE,0.5,DENSE: entropy=0.94>0.7; many_blocks_above_0.01=27,,,"[0, 1, 2, 3, 4, 5, 6, 7, 8, 9, 10, 11, 12, 13, 14, 15, 16, 17, 18, 19, 20, 21, 22]",block_size=256 spans ~4.9 token rows; cannot resolve sub-block spatial detail
P->S,13,6,DENSE,0.5,DENSE: entropy=0.86>0.7; many_blocks_above_0.01=21,,,,block_size=256 spans ~4.9 token rows; cannot resolve sub-block spatial detail
P->R1,13,6,DENSE,0.5,DENSE: entropy=0.97>0.7; many_blocks_above_0.01=33,,,"[5, 6, 7, 8, 9, 10, 11, 12, 13, 14, 15, 16, 17, 18, 19, 20, 21, 22, 23, 24, 25, 26, 27]",block_size=256 spans ~4.9 token rows; cannot resolve sub-block spatial detail
X->P,13,6,DENSE,0.5,DENSE: entropy=0.92>0.7; many_blocks_above_0.01=23,,,,block_size=256 spans ~4.9 token rows; cannot resolve sub-block spatial detail
X->X,13,6,DENSE,0.7666666666666666,DENSE: entropy=0.90>0.7; max_block=0.020<0.03; many_blocks_above_0.01=30,,,,block_size=256 spans ~4.9 token rows; cannot resolve sub-block spatial detail
X->S,13,6,DENSE,0.5,DENSE: entropy=0.78>0.7; many_blocks_above_0.01=21,,,,block_size=256 spans ~4.9 token rows; cannot resolve sub-block spatial detail
X->R1,13,6,DENSE,0.7666666666666666,DENSE: entropy=0.91>0.7; max_block=0.028<0.03; many_blocks_above_0.01=26,,,,block_size=256 spans ~4.9 token rows; cannot resolve sub-block spatial detail
S->P,13,6,DENSE,0.5,DENSE: entropy=0.87>0.7; many_blocks_above_0.01=28,,,,block_size=256 spans ~4.9 token rows; cannot resolve sub-block spatial detail
S->X,13,6,DENSE,0.5,DENSE: entropy=0.84>0.7; many_blocks_above_0.01=22,,,,block_size=256 spans ~4.9 token rows; cannot resolve sub-block spatial detail
S->S,13,6,DENSE,0.7666666666666666,DENSE: entropy=0.87>0.7; max_block=0.027<0.03; many_blocks_above_0.01=32,,,,block_size=256 spans ~4.9 token rows; cannot resolve sub-block spatial detail
S->R1,13,6,DENSE,0.3333333333333333,DENSE: entropy=0.83>0.7,,,,block_size=256 spans ~4.9 token rows; cannot resolve sub-block spatial detail
R1->P,13,6,DENSE,0.5,DENSE: entropy=0.99>0.7; many_blocks_above_0.01=34,,,,block_size=256 spans ~4.9 token rows; cannot resolve sub-block spatial detail
R1->X,13,6,DENSE,0.7666666666666666,DENSE: entropy=0.93>0.7; max_block=0.018<0.03; many_blocks_above_0.01=21,,,,block_size=256 spans ~4.9 token rows; cannot resolve sub-block spatial detail
R1->R1,13,6,DENSE,0.5,DENSE: entropy=0.89>0.7; many_blocks_above_0.01=23,,,,block_size=256 spans ~4.9 token rows; cannot resolve sub-block spatial detail
P->X,13,7,DENSE,0.5,DENSE: entropy=0.95>0.7; many_blocks_above_0.01=30,,,"[0, 1, 2, 3, 4, 5, 6, 7, 8, 9, 10, 11, 12, 13, 14, 15, 16, 17, 18, 19, 20, 21, 22, 23, 24, 25, 26, 27]",block_size=256 spans ~4.9 token rows; cannot resolve sub-block spatial detail
X->P,13,7,DENSE,0.5,DENSE: entropy=0.92>0.7; many_blocks_above_0.01=25,,,,block_size=256 spans ~4.9 token rows; cannot resolve sub-block spatial detail
S->P,13,7,DENSE,0.3333333333333333,DENSE: entropy=0.82>0.7,,,,block_size=256 spans ~4.9 token rows; cannot resolve sub-block spatial detail
S->X,13,7,DENSE,0.5,DENSE: entropy=0.91>0.7; many_blocks_above_0.01=22,,,,block_size=256 spans ~4.9 token rows; cannot resolve sub-block spatial detail
S->R1,13,7,DENSE,0.3333333333333333,DENSE: entropy=0.93>0.7,,,,block_size=256 spans ~4.9 token rows; cannot resolve sub-block spatial detail
R1->X,13,7,DENSE,0.6,DENSE: entropy=0.96>0.7; max_block=0.016<0.03,,,,block_size=256 spans ~4.9 token rows; cannot resolve sub-block spatial detail
R1->S,13,7,DENSE,0.3333333333333333,DENSE: entropy=0.86>0.7,,,,block_size=256 spans ~4.9 token rows; cannot resolve sub-block spatial detail
X->P,13,8,DENSE,0.5,DENSE: entropy=0.82>0.7; many_blocks_above_0.01=22,,,,block_size=256 spans ~4.9 token rows; cannot resolve sub-block spatial detail
X->P,13,9,DENSE,0.3333333333333333,DENSE: entropy=0.87>0.7,,,,block_size=256 spans ~4.9 token rows; cannot resolve sub-block spatial detail
P->X,13,10,DENSE,0.5,DENSE: entropy=0.94>0.7; many_blocks_above_0.01=28,,,"[0, 1, 2, 3, 4, 5, 6, 7, 8, 9, 10, 11, 12, 13, 14, 15, 16, 17, 18, 19, 20, 21, 22, 23, 24, 25, 26, 27]",block_size=256 spans ~4.9 token rows; cannot resolve sub-block spatial detail
X->P,13,10,DENSE,0.3333333333333333,DENSE: entropy=0.87>0.7,,,,block_size=256 spans ~4.9 token rows; cannot resolve sub-block spatial detail
P->X,13,11,DENSE,0.5,DENSE: entropy=0.97>0.7; many_blocks_above_0.01=30,,,"[0, 1, 2, 3, 4, 5, 6, 7, 8, 9, 10, 11, 12, 13, 14, 15, 16, 17, 18]",block_size=256 spans ~4.9 token rows; cannot resolve sub-block spatial detail
P->S,13,11,DENSE,0.5,DENSE: entropy=0.86>0.7; many_blocks_above_0.01=21,,,,block_size=256 spans ~4.9 token rows; cannot resolve sub-block spatial detail
P->R1,13,11,DENSE,0.5,DENSE: entropy=0.97>0.7; many_blocks_above_0.01=31,,,"[3, 4, 5, 6, 7, 8, 9, 10, 11, 12, 13, 14, 15, 16, 17, 18, 19, 20, 21, 22, 23, 24, 25, 26, 27]",block_size=256 spans ~4.9 token rows; cannot resolve sub-block spatial detail
X->P,13,11,DENSE,0.5,DENSE: entropy=0.97>0.7; many_blocks_above_0.01=32,,,,block_size=256 spans ~4.9 token rows; cannot resolve sub-block spatial detail
X->X,13,11,DENSE,0.5,DENSE: entropy=0.84>0.7; many_blocks_above_0.01=35,,,,block_size=256 spans ~4.9 token rows; cannot resolve sub-block spatial detail
X->R1,13,11,DENSE,0.5,DENSE: entropy=0.85>0.7; many_blocks_above_0.01=30,,,,block_size=256 spans ~4.9 token rows; cannot resolve sub-block spatial detail
S->P,13,11,DENSE,0.5,DENSE: entropy=0.94>0.7; many_blocks_above_0.01=32,,,,block_size=256 spans ~4.9 token rows; cannot resolve sub-block spatial detail
S->X,13,11,DENSE,0.3333333333333333,DENSE: entropy=0.71>0.7,,,,block_size=256 spans ~4.9 token rows; cannot resolve sub-block spatial detail
S->S,13,11,DENSE,0.7666666666666666,DENSE: entropy=0.84>0.7; max_block=0.030<0.03; many_blocks_above_0.01=31,,,,block_size=256 spans ~4.9 token rows; cannot resolve sub-block spatial detail
S->R1,13,11,DENSE,0.3333333333333333,DENSE: entropy=0.85>0.7,,,,block_size=256 spans ~4.9 token rows; cannot resolve sub-block spatial detail
R1->P,13,11,DENSE,0.5,DENSE: entropy=0.98>0.7; many_blocks_above_0.01=34,,,,block_size=256 spans ~4.9 token rows; cannot resolve sub-block spatial detail
R1->X,13,11,DENSE,0.5,DENSE: entropy=0.86>0.7; many_blocks_above_0.01=32,,,,block_size=256 spans ~4.9 token rows; cannot resolve sub-block spatial detail
R1->S,13,11,DENSE,0.3333333333333333,DENSE: entropy=0.74>0.7,,,,block_size=256 spans ~4.9 token rows; cannot resolve sub-block spatial detail
R1->R1,13,11,DENSE,0.5,DENSE: entropy=0.81>0.7; many_blocks_above_0.01=34,,,,block_size=256 spans ~4.9 token rows; cannot resolve sub-block spatial detail
P->X,13,12,DENSE,0.5,DENSE: entropy=0.96>0.7; many_blocks_above_0.01=30,,,"[0, 1, 2, 3, 4, 5, 6, 7, 8, 9, 10, 11, 12, 13, 14, 15, 16, 17, 18, 19, 20, 21, 22, 23, 24, 25, 26, 27]",block_size=256 spans ~4.9 token rows; cannot resolve sub-block spatial detail
X->P,13,12,DENSE,0.3333333333333333,DENSE: entropy=0.89>0.7,,,,block_size=256 spans ~4.9 token rows; cannot resolve sub-block spatial detail
S->P,13,12,DENSE,0.3333333333333333,DENSE: entropy=0.86>0.7,,,,block_size=256 spans ~4.9 token rows; cannot resolve sub-block spatial detail
R1->P,13,12,DENSE,0.5,DENSE: entropy=0.91>0.7; many_blocks_above_0.01=26,,,,block_size=256 spans ~4.9 token rows; cannot resolve sub-block spatial detail
P->X,13,13,DENSE,0.5,DENSE: entropy=0.94>0.7; many_blocks_above_0.01=29,,,,block_size=256 spans ~4.9 token rows; cannot resolve sub-block spatial detail
X->P,13,13,DENSE,0.5,DENSE: entropy=0.94>0.7; many_blocks_above_0.01=28,,,,block_size=256 spans ~4.9 token rows; cannot resolve sub-block spatial detail
X->X,13,13,DENSE,0.5,DENSE: entropy=0.89>0.7; many_blocks_above_0.01=25,,,,block_size=256 spans ~4.9 token rows; cannot resolve sub-block spatial detail
S->P,13,13,DENSE,0.5,DENSE: entropy=0.83>0.7; many_blocks_above_0.01=31,,,,block_size=256 spans ~4.9 token rows; cannot resolve sub-block spatial detail
S->X,13,13,DENSE,0.3333333333333333,DENSE: entropy=0.75>0.7,,,,block_size=256 spans ~4.9 token rows; cannot resolve sub-block spatial detail
R1->X,13,13,DENSE,0.6,DENSE: entropy=0.92>0.7; max_block=0.030<0.03,,,,block_size=256 spans ~4.9 token rows; cannot resolve sub-block spatial detail
P->X,13,14,DENSE,0.5,DENSE: entropy=0.93>0.7; many_blocks_above_0.01=27,,,"[0, 1, 2, 3, 4, 5, 6, 7, 8, 9, 10, 11, 12, 13, 14, 15, 16, 17, 18, 19, 20, 21, 22, 23, 24, 25, 26, 27]",block_size=256 spans ~4.9 token rows; cannot resolve sub-block spatial detail
X->P,13,14,DENSE,0.3333333333333333,DENSE: entropy=0.86>0.7,,,,block_size=256 spans ~4.9 token rows; cannot resolve sub-block spatial detail
S->P,13,14,DENSE,0.3333333333333333,DENSE: entropy=0.87>0.7,,,,block_size=256 spans ~4.9 token rows; cannot resolve sub-block spatial detail
S->S,13,14,DENSE,0.5,DENSE: entropy=0.76>0.7; many_blocks_above_0.01=31,,,,block_size=256 spans ~4.9 token rows; cannot resolve sub-block spatial detail
S->R1,13,14,DENSE,0.5,DENSE: entropy=0.76>0.7; many_blocks_above_0.01=28,,,,block_size=256 spans ~4.9 token rows; cannot resolve sub-block spatial detail
R1->P,13,14,DENSE,0.5,DENSE: entropy=0.93>0.7; many_blocks_above_0.01=30,,,,block_size=256 spans ~4.9 token rows; cannot resolve sub-block spatial detail
R1->X,13,14,DENSE,0.5,DENSE: entropy=0.80>0.7; many_blocks_above_0.01=22,,,,block_size=256 spans ~4.9 token rows; cannot resolve sub-block spatial detail
R1->R1,13,14,DENSE,0.5,DENSE: entropy=0.76>0.7; many_blocks_above_0.01=33,,,,block_size=256 spans ~4.9 token rows; cannot resolve sub-block spatial detail
P->P,13,15,DENSE,0.3333333333333333,DENSE: entropy=0.95>0.7,,,"[0, 1, 2, 3, 4]",block_size=256 spans ~4.9 token rows; cannot resolve sub-block spatial detail
P->X,13,15,DENSE,0.5,DENSE: entropy=0.95>0.7; many_blocks_above_0.01=29,,,"[0, 1, 2, 3, 4, 5, 6, 7, 8, 9, 10, 11, 12, 13, 14, 15, 16, 17, 18, 19, 20, 21]",block_size=256 spans ~4.9 token rows; cannot resolve sub-block spatial detail
P->S,13,15,DENSE,0.5,DENSE: entropy=0.87>0.7; many_blocks_above_0.01=20,,,,block_size=256 spans ~4.9 token rows; cannot resolve sub-block spatial detail
P->R1,13,15,DENSE,0.5,DENSE: entropy=0.96>0.7; many_blocks_above_0.01=32,,,"[25, 26, 27]",block_size=256 spans ~4.9 token rows; cannot resolve sub-block spatial detail
X->P,13,15,DENSE,0.5,DENSE: entropy=0.93>0.7; many_blocks_above_0.01=25,,,,block_size=256 spans ~4.9 token rows; cannot resolve sub-block spatial detail
X->X,13,15,DENSE,0.7666666666666666,DENSE: entropy=0.84>0.7; max_block=0.029<0.03; many_blocks_above_0.01=39,,,,block_size=256 spans ~4.9 token rows; cannot resolve sub-block spatial detail
X->S,13,15,DENSE,0.5,DENSE: entropy=0.77>0.7; many_blocks_above_0.01=31,,,,block_size=256 spans ~4.9 token rows; cannot resolve sub-block spatial detail
X->R1,13,15,DENSE,0.5,DENSE: entropy=0.83>0.7; many_blocks_above_0.01=34,,,,block_size=256 spans ~4.9 token rows; cannot resolve sub-block spatial detail
S->P,13,15,DENSE,0.5,DENSE: entropy=0.93>0.7; many_blocks_above_0.01=32,,,,block_size=256 spans ~4.9 token rows; cannot resolve sub-block spatial detail
R1->P,13,15,DENSE,0.5,DENSE: entropy=0.94>0.7; many_blocks_above_0.01=31,,,,block_size=256 spans ~4.9 token rows; cannot resolve sub-block spatial detail
R1->X,13,15,DENSE,0.5,DENSE: entropy=0.86>0.7; many_blocks_above_0.01=31,,,,block_size=256 spans ~4.9 token rows; cannot resolve sub-block spatial detail
P->X,13,16,DENSE,0.5,DENSE: entropy=0.93>0.7; many_blocks_above_0.01=26,,,"[0, 1, 2, 3, 4, 5, 6, 7, 8, 9]",block_size=256 spans ~4.9 token rows; cannot resolve sub-block spatial detail
P->S,13,16,DENSE,0.5,DENSE: entropy=0.90>0.7; many_blocks_above_0.01=26,,,"[15, 16, 17, 18, 19, 20, 21, 22, 23, 24]",block_size=256 spans ~4.9 token rows; cannot resolve sub-block spatial detail
P->R1,13,16,DENSE,0.5,DENSE: entropy=0.94>0.7; many_blocks_above_0.01=30,,,"[19, 20, 21, 22, 23, 24, 25, 26, 27]",block_size=256 spans ~4.9 token rows; cannot resolve sub-block spatial detail
X->P,13,16,DENSE,0.5,DENSE: entropy=0.95>0.7; many_blocks_above_0.01=29,,,,block_size=256 spans ~4.9 token rows; cannot resolve sub-block spatial detail
X->X,13,16,DENSE,0.7666666666666666,DENSE: entropy=0.86>0.7; max_block=0.025<0.03; many_blocks_above_0.01=36,,,,block_size=256 spans ~4.9 token rows; cannot resolve sub-block spatial detail
X->R1,13,16,DENSE,0.5,DENSE: entropy=0.85>0.7; many_blocks_above_0.01=32,,,,block_size=256 spans ~4.9 token rows; cannot resolve sub-block spatial detail
S->P,13,16,DENSE,0.5,DENSE: entropy=0.88>0.7; many_blocks_above_0.01=32,,,"[25, 26]",block_size=256 spans ~4.9 token rows; cannot resolve sub-block spatial detail
S->R1,13,16,DENSE,0.3333333333333333,DENSE: entropy=0.79>0.7,,,,block_size=256 spans ~4.9 token rows; cannot resolve sub-block spatial detail
R1->P,13,16,DENSE,0.5,DENSE: entropy=0.95>0.7; many_blocks_above_0.01=30,,,,block_size=256 spans ~4.9 token rows; cannot resolve sub-block spatial detail
R1->X,13,16,DENSE,0.5,DENSE: entropy=0.91>0.7; many_blocks_above_0.01=22,,,,block_size=256 spans ~4.9 token rows; cannot resolve sub-block spatial detail
R1->R1,13,16,DENSE,0.7666666666666666,DENSE: entropy=0.84>0.7; max_block=0.029<0.03; many_blocks_above_0.01=36,,,,block_size=256 spans ~4.9 token rows; cannot resolve sub-block spatial detail
P->X,13,17,DENSE,0.5,DENSE: entropy=0.93>0.7; many_blocks_above_0.01=27,,,,block_size=256 spans ~4.9 token rows; cannot resolve sub-block spatial detail
P->S,13,17,DENSE,0.5,DENSE: entropy=0.86>0.7; many_blocks_above_0.01=21,,,"[0, 1, 2]",block_size=256 spans ~4.9 token rows; cannot resolve sub-block spatial detail
P->R1,13,17,DENSE,0.5,DENSE: entropy=0.96>0.7; many_blocks_above_0.01=32,,,"[8, 9, 10, 11, 12, 13, 14, 15, 16, 17, 18, 19, 20, 21, 22, 23, 24, 25, 26, 27]",block_size=256 spans ~4.9 token rows; cannot resolve sub-block spatial detail
X->P,13,17,DENSE,0.5,DENSE: entropy=0.94>0.7; many_blocks_above_0.01=30,,,,block_size=256 spans ~4.9 token rows; cannot resolve sub-block spatial detail
X->X,13,17,DENSE,0.7666666666666666,DENSE: entropy=0.92>0.7; max_block=0.019<0.03; many_blocks_above_0.01=24,,,,block_size=256 spans ~4.9 token rows; cannot resolve sub-block spatial detail
S->P,13,17,DENSE,0.5,DENSE: entropy=0.83>0.7; many_blocks_above_0.01=33,,,,block_size=256 spans ~4.9 token rows; cannot resolve sub-block spatial detail
S->X,13,17,DENSE,0.3333333333333333,DENSE: entropy=0.78>0.7,,,,block_size=256 spans ~4.9 token rows; cannot resolve sub-block spatial detail
S->R1,13,17,DENSE,0.3333333333333333,DENSE: entropy=0.75>0.7,,,,block_size=256 spans ~4.9 token rows; cannot resolve sub-block spatial detail
R1->P,13,17,DENSE,0.5,DENSE: entropy=0.98>0.7; many_blocks_above_0.01=34,,,,block_size=256 spans ~4.9 token rows; cannot resolve sub-block spatial detail
R1->X,13,17,DENSE,0.6,DENSE: entropy=0.93>0.7; max_block=0.025<0.03,,,,block_size=256 spans ~4.9 token rows; cannot resolve sub-block spatial detail
R1->S,13,17,DENSE,0.5,DENSE: entropy=0.75>0.7; many_blocks_above_0.01=22,,,,block_size=256 spans ~4.9 token rows; cannot resolve sub-block spatial detail
P->X,13,18,DENSE,0.5,DENSE: entropy=0.93>0.7; many_blocks_above_0.01=26,,,"[0, 1, 2, 3, 4, 5, 6, 7, 8, 9, 10, 11, 12, 13, 14, 15, 16, 17, 18, 19, 20, 21, 22, 23, 24, 25, 26, 27]",block_size=256 spans ~4.9 token rows; cannot resolve sub-block spatial detail
P->S,13,18,DENSE,0.5,DENSE: entropy=0.87>0.7; many_blocks_above_0.01=20,,,,block_size=256 spans ~4.9 token rows; cannot resolve sub-block spatial detail
P->R1,13,18,DENSE,0.5,DENSE: entropy=0.96>0.7; many_blocks_above_0.01=32,,,[27],block_size=256 spans ~4.9 token rows; cannot resolve sub-block spatial detail
X->P,13,18,DENSE,0.5,DENSE: entropy=0.95>0.7; many_blocks_above_0.01=28,,,,block_size=256 spans ~4.9 token rows; cannot resolve sub-block spatial detail
X->X,13,18,DENSE,0.5,DENSE: entropy=0.80>0.7; many_blocks_above_0.01=26,,,,block_size=256 spans ~4.9 token rows; cannot resolve sub-block spatial detail
X->R1,13,18,DENSE,0.5,DENSE: entropy=0.77>0.7; many_blocks_above_0.01=29,,,,block_size=256 spans ~4.9 token rows; cannot resolve sub-block spatial detail
S->P,13,18,DENSE,0.5,DENSE: entropy=0.98>0.7; many_blocks_above_0.01=33,,,,block_size=256 spans ~4.9 token rows; cannot resolve sub-block spatial detail
S->X,13,18,DENSE,0.5,DENSE: entropy=0.84>0.7; many_blocks_above_0.01=24,,,,block_size=256 spans ~4.9 token rows; cannot resolve sub-block spatial detail
S->S,13,18,DENSE,0.5,DENSE: entropy=0.81>0.7; many_blocks_above_0.01=30,,,,block_size=256 spans ~4.9 token rows; cannot resolve sub-block spatial detail
S->R1,13,18,DENSE,0.3333333333333333,DENSE: entropy=0.84>0.7,,,,block_size=256 spans ~4.9 token rows; cannot resolve sub-block spatial detail
R1->P,13,18,DENSE,0.5,DENSE: entropy=0.98>0.7; many_blocks_above_0.01=34,,,,block_size=256 spans ~4.9 token rows; cannot resolve sub-block spatial detail
R1->X,13,18,DENSE,0.5,DENSE: entropy=0.84>0.7; many_blocks_above_0.01=32,,,,block_size=256 spans ~4.9 token rows; cannot resolve sub-block spatial detail
R1->S,13,18,DENSE,0.3333333333333333,DENSE: entropy=0.75>0.7,,,,block_size=256 spans ~4.9 token rows; cannot resolve sub-block spatial detail
P->X,13,19,DENSE,0.5,DENSE: entropy=0.87>0.7; many_blocks_above_0.01=25,,,"[25, 26, 27]",block_size=256 spans ~4.9 token rows; cannot resolve sub-block spatial detail
X->P,13,19,DENSE,0.3333333333333333,DENSE: entropy=0.88>0.7,,,,block_size=256 spans ~4.9 token rows; cannot resolve sub-block spatial detail
S->P,13,19,DENSE,0.5,DENSE: entropy=0.92>0.7; many_blocks_above_0.01=25,,,,block_size=256 spans ~4.9 token rows; cannot resolve sub-block spatial detail
R1->P,13,19,DENSE,0.5,DENSE: entropy=0.94>0.7; many_blocks_above_0.01=29,,,,block_size=256 spans ~4.9 token rows; cannot resolve sub-block spatial detail
P->X,13,20,DENSE,0.5,DENSE: entropy=0.94>0.7; many_blocks_above_0.01=30,,,"[0, 1, 2, 3]",block_size=256 spans ~4.9 token rows; cannot resolve sub-block spatial detail
X->P,13,20,DENSE,0.5,DENSE: entropy=0.92>0.7; many_blocks_above_0.01=27,,,,block_size=256 spans ~4.9 token rows; cannot resolve sub-block spatial detail
X->X,13,20,DENSE,0.5,DENSE: entropy=0.80>0.7; many_blocks_above_0.01=30,,,,block_size=256 spans ~4.9 token rows; cannot resolve sub-block spatial detail
R1->X,13,20,DENSE,0.5,DENSE: entropy=0.85>0.7; many_blocks_above_0.01=29,,,,block_size=256 spans ~4.9 token rows; cannot resolve sub-block spatial detail
P->P,13,21,DENSE,0.3333333333333333,DENSE: entropy=0.94>0.7,,,"[4, 5, 6, 7, 8, 9]",block_size=256 spans ~4.9 token rows; cannot resolve sub-block spatial detail
P->X,13,21,DENSE,0.5,DENSE: entropy=0.94>0.7; many_blocks_above_0.01=27,,,"[0, 1, 2, 3, 4, 5, 6, 7, 8, 9, 10, 11]",block_size=256 spans ~4.9 token rows; cannot resolve sub-block spatial detail
P->S,13,21,DENSE,0.3333333333333333,DENSE: entropy=0.84>0.7,,,,block_size=256 spans ~4.9 token rows; cannot resolve sub-block spatial detail
P->R1,13,21,DENSE,0.5,DENSE: entropy=0.96>0.7; many_blocks_above_0.01=31,,,"[24, 25, 26, 27]",block_size=256 spans ~4.9 token rows; cannot resolve sub-block spatial detail
X->P,13,21,DENSE,0.5,DENSE: entropy=0.94>0.7; many_blocks_above_0.01=27,,,,block_size=256 spans ~4.9 token rows; cannot resolve sub-block spatial detail
X->X,13,21,DENSE,0.7666666666666666,DENSE: entropy=0.86>0.7; max_block=0.028<0.03; many_blocks_above_0.01=35,,,,block_size=256 spans ~4.9 token rows; cannot resolve sub-block spatial detail
X->R1,13,21,DENSE,0.5,DENSE: entropy=0.78>0.7; many_blocks_above_0.01=34,,,,block_size=256 spans ~4.9 token rows; cannot resolve sub-block spatial detail
S->P,13,21,DENSE,0.5,DENSE: entropy=0.96>0.7; many_blocks_above_0.01=32,,,,block_size=256 spans ~4.9 token rows; cannot resolve sub-block spatial detail
S->X,13,21,DENSE,0.5,DENSE: entropy=0.88>0.7; many_blocks_above_0.01=29,,,,block_size=256 spans ~4.9 token rows; cannot resolve sub-block spatial detail
S->S,13,21,DENSE,0.7666666666666666,DENSE: entropy=0.87>0.7; max_block=0.023<0.03; many_blocks_above_0.01=28,,,,block_size=256 spans ~4.9 token rows; cannot resolve sub-block spatial detail
R1->P,13,21,DENSE,0.5,DENSE: entropy=0.97>0.7; many_blocks_above_0.01=32,,,,block_size=256 spans ~4.9 token rows; cannot resolve sub-block spatial detail
R1->X,13,21,DENSE,0.7666666666666666,DENSE: entropy=0.87>0.7; max_block=0.026<0.03; many_blocks_above_0.01=31,,,,block_size=256 spans ~4.9 token rows; cannot resolve sub-block spatial detail
R1->S,13,21,DENSE,0.3333333333333333,DENSE: entropy=0.76>0.7,,,,block_size=256 spans ~4.9 token rows; cannot resolve sub-block spatial detail
R1->R1,13,21,DENSE,0.5,DENSE: entropy=0.81>0.7; many_blocks_above_0.01=31,,,,block_size=256 spans ~4.9 token rows; cannot resolve sub-block spatial detail
P->P,13,22,DENSE,0.3333333333333333,DENSE: entropy=0.87>0.7,,,"[2, 3, 4, 5, 6, 7, 8, 9, 10, 11, 12]",block_size=256 spans ~4.9 token rows; cannot resolve sub-block spatial detail
S->P,13,22,DENSE,0.3333333333333333,DENSE: entropy=0.89>0.7,,,,block_size=256 spans ~4.9 token rows; cannot resolve sub-block spatial detail
S->X,13,22,DENSE,0.5,DENSE: entropy=0.77>0.7; many_blocks_above_0.01=21,,,,block_size=256 spans ~4.9 token rows; cannot resolve sub-block spatial detail
S->S,13,22,DENSE,0.5,DENSE: entropy=0.78>0.7; many_blocks_above_0.01=27,,,,block_size=256 spans ~4.9 token rows; cannot resolve sub-block spatial detail
R1->P,13,22,DENSE,0.3333333333333333,DENSE: entropy=0.90>0.7,,,,block_size=256 spans ~4.9 token rows; cannot resolve sub-block spatial detail
P->X,13,23,DENSE,0.5,DENSE: entropy=0.94>0.7; many_blocks_above_0.01=27,,,,block_size=256 spans ~4.9 token rows; cannot resolve sub-block spatial detail
P->S,13,23,DENSE,0.5,DENSE: entropy=0.87>0.7; many_blocks_above_0.01=20,,,"[0, 1, 2]",block_size=256 spans ~4.9 token rows; cannot resolve sub-block spatial detail
P->R1,13,23,DENSE,0.5,DENSE: entropy=0.96>0.7; many_blocks_above_0.01=33,,,"[0, 1, 2, 3, 4, 5, 6, 7, 8, 9, 10, 11, 12, 13, 14, 15, 16, 17, 18, 19, 20, 21, 22, 23, 24, 25, 26, 27]",block_size=256 spans ~4.9 token rows; cannot resolve sub-block spatial detail
X->P,13,23,DENSE,0.5,DENSE: entropy=0.95>0.7; many_blocks_above_0.01=27,,,,block_size=256 spans ~4.9 token rows; cannot resolve sub-block spatial detail
P->X,14,0,DENSE,0.5,DENSE: entropy=0.92>0.7; many_blocks_above_0.01=25,,,[0],block_size=256 spans ~4.9 token rows; cannot resolve sub-block spatial detail
X->P,14,0,DENSE,0.3333333333333333,DENSE: entropy=0.89>0.7,,,,block_size=256 spans ~4.9 token rows; cannot resolve sub-block spatial detail
X->X,14,0,DENSE,0.5,DENSE: entropy=0.87>0.7; many_blocks_above_0.01=31,,,,block_size=256 spans ~4.9 token rows; cannot resolve sub-block spatial detail
S->P,14,0,DENSE,0.5,DENSE: entropy=0.87>0.7; many_blocks_above_0.01=21,,,,block_size=256 spans ~4.9 token rows; cannot resolve sub-block spatial detail
S->X,14,0,DENSE,0.5,DENSE: entropy=0.86>0.7; many_blocks_above_0.01=21,,,,block_size=256 spans ~4.9 token rows; cannot resolve sub-block spatial detail
S->S,14,0,DENSE,0.5,DENSE: entropy=0.81>0.7; many_blocks_above_0.01=28,,,,block_size=256 spans ~4.9 token rows; cannot resolve sub-block spatial detail
R1->X,14,0,DENSE,0.3333333333333333,DENSE: entropy=0.89>0.7,,,,block_size=256 spans ~4.9 token rows; cannot resolve sub-block spatial detail
R1->R1,14,0,DENSE,0.5,DENSE: entropy=0.77>0.7; many_blocks_above_0.01=22,,,,block_size=256 spans ~4.9 token rows; cannot resolve sub-block spatial detail
P->P,14,1,DENSE,0.3333333333333333,DENSE: entropy=0.91>0.7,,,,block_size=256 spans ~4.9 token rows; cannot resolve sub-block spatial detail
P->X,14,1,DENSE,0.5,DENSE: entropy=0.92>0.7; many_blocks_above_0.01=26,,,"[0, 1, 2, 3, 4, 5]",block_size=256 spans ~4.9 token rows; cannot resolve sub-block spatial detail
P->S,14,1,DENSE,0.3333333333333333,DENSE: entropy=0.83>0.7,,,,block_size=256 spans ~4.9 token rows; cannot resolve sub-block spatial detail
P->R1,14,1,DENSE,0.5,DENSE: entropy=0.96>0.7; many_blocks_above_0.01=33,,,[27],block_size=256 spans ~4.9 token rows; cannot resolve sub-block spatial detail
X->P,14,1,DENSE,0.3333333333333333,DENSE: entropy=0.90>0.7,,,,block_size=256 spans ~4.9 token rows; cannot resolve sub-block spatial detail
S->P,14,1,DENSE,0.5,DENSE: entropy=0.95>0.7; many_blocks_above_0.01=33,,,,block_size=256 spans ~4.9 token rows; cannot resolve sub-block spatial detail
S->S,14,1,DENSE,0.5,DENSE: entropy=0.78>0.7; many_blocks_above_0.01=25,,,,block_size=256 spans ~4.9 token rows; cannot resolve sub-block spatial detail
S->R1,14,1,DENSE,0.3333333333333333,DENSE: entropy=0.79>0.7,,,,block_size=256 spans ~4.9 token rows; cannot resolve sub-block spatial detail
R1->P,14,1,DENSE,0.5,DENSE: entropy=0.95>0.7; many_blocks_above_0.01=31,,,,block_size=256 spans ~4.9 token rows; cannot resolve sub-block spatial detail
P->P,14,2,DENSE,0.3333333333333333,DENSE: entropy=0.96>0.7,,,"[0, 1, 2, 3]",block_size=256 spans ~4.9 token rows; cannot resolve sub-block spatial detail
P->X,14,2,DENSE,0.5,DENSE: entropy=0.94>0.7; many_blocks_above_0.01=28,,,"[0, 1, 2, 3, 4, 5, 6, 7, 8]",block_size=256 spans ~4.9 token rows; cannot resolve sub-block spatial detail
P->S,14,2,DENSE,0.3333333333333333,DENSE: entropy=0.85>0.7,,,,block_size=256 spans ~4.9 token rows; cannot resolve sub-block spatial detail
P->R1,14,2,DENSE,0.5,DENSE: entropy=0.96>0.7; many_blocks_above_0.01=32,,,"[25, 26, 27]",block_size=256 spans ~4.9 token rows; cannot resolve sub-block spatial detail
X->P,14,2,DENSE,0.5,DENSE: entropy=0.94>0.7; many_blocks_above_0.01=26,,,,block_size=256 spans ~4.9 token rows; cannot resolve sub-block spatial detail
X->X,14,2,DENSE,0.5,DENSE: entropy=0.82>0.7; many_blocks_above_0.01=38,,,,block_size=256 spans ~4.9 token rows; cannot resolve sub-block spatial detail
X->R1,14,2,DENSE,0.5,DENSE: entropy=0.81>0.7; many_blocks_above_0.01=31,,,,block_size=256 spans ~4.9 token rows; cannot resolve sub-block spatial detail
S->P,14,2,DENSE,0.5,DENSE: entropy=0.96>0.7; many_blocks_above_0.01=32,,,,block_size=256 spans ~4.9 token rows; cannot resolve sub-block spatial detail
S->X,14,2,DENSE,0.5,DENSE: entropy=0.85>0.7; many_blocks_above_0.01=25,,,,block_size=256 spans ~4.9 token rows; cannot resolve sub-block spatial detail
S->S,14,2,DENSE,0.5,DENSE: entropy=0.84>0.7; many_blocks_above_0.01=31,,,,block_size=256 spans ~4.9 token rows; cannot resolve sub-block spatial detail
S->R1,14,2,DENSE,0.3333333333333333,DENSE: entropy=0.73>0.7,,,,block_size=256 spans ~4.9 token rows; cannot resolve sub-block spatial detail
R1->P,14,2,DENSE,0.5,DENSE: entropy=0.95>0.7; many_blocks_above_0.01=29,,,,block_size=256 spans ~4.9 token rows; cannot resolve sub-block spatial detail
R1->X,14,2,DENSE,0.5,DENSE: entropy=0.83>0.7; many_blocks_above_0.01=28,,,,block_size=256 spans ~4.9 token rows; cannot resolve sub-block spatial detail
R1->R1,14,2,DENSE,0.5,DENSE: entropy=0.80>0.7; many_blocks_above_0.01=36,,,,block_size=256 spans ~4.9 token rows; cannot resolve sub-block spatial detail
P->P,14,3,DENSE,0.3333333333333333,DENSE: entropy=0.93>0.7,,,,block_size=256 spans ~4.9 token rows; cannot resolve sub-block spatial detail
P->X,14,3,DENSE,0.5,DENSE: entropy=0.91>0.7; many_blocks_above_0.01=23,,,[0],block_size=256 spans ~4.9 token rows; cannot resolve sub-block spatial detail
P->S,14,3,DENSE,0.3333333333333333,DENSE: entropy=0.83>0.7,,,,block_size=256 spans ~4.9 token rows; cannot resolve sub-block spatial detail
P->R1,14,3,DENSE,0.5,DENSE: entropy=0.96>0.7; many_blocks_above_0.01=31,,,"[22, 23, 24, 25, 26, 27]",block_size=256 spans ~4.9 token rows; cannot resolve sub-block spatial detail
X->P,14,3,DENSE,0.3333333333333333,DENSE: entropy=0.90>0.7,,,,block_size=256 spans ~4.9 token rows; cannot resolve sub-block spatial detail
X->X,14,3,DENSE,0.7666666666666666,DENSE: entropy=0.86>0.7; max_block=0.029<0.03; many_blocks_above_0.01=34,,,,block_size=256 spans ~4.9 token rows; cannot resolve sub-block spatial detail
X->R1,14,3,DENSE,0.5,DENSE: entropy=0.77>0.7; many_blocks_above_0.01=32,,,,block_size=256 spans ~4.9 token rows; cannot resolve sub-block spatial detail
S->P,14,3,DENSE,0.5,DENSE: entropy=0.96>0.7; many_blocks_above_0.01=32,,,,block_size=256 spans ~4.9 token rows; cannot resolve sub-block spatial detail
S->X,14,3,DENSE,0.5,DENSE: entropy=0.88>0.7; many_blocks_above_0.01=26,,,,block_size=256 spans ~4.9 token rows; cannot resolve sub-block spatial detail
S->S,14,3,DENSE,0.7666666666666666,DENSE: entropy=0.84>0.7; max_block=0.026<0.03; many_blocks_above_0.01=35,,,,block_size=256 spans ~4.9 token rows; cannot resolve sub-block spatial detail
R1->P,14,3,DENSE,0.5,DENSE: entropy=0.98>0.7; many_blocks_above_0.01=34,,,,block_size=256 spans ~4.9 token rows; cannot resolve sub-block spatial detail
R1->X,14,3,DENSE,0.7666666666666666,DENSE: entropy=0.89>0.7; max_block=0.029<0.03; many_blocks_above_0.01=31,,,,block_size=256 spans ~4.9 token rows; cannot resolve sub-block spatial detail
R1->R1,14,3,DENSE,0.5,DENSE: entropy=0.77>0.7; many_blocks_above_0.01=25,,,,block_size=256 spans ~4.9 token rows; cannot resolve sub-block spatial detail
P->X,14,4,DENSE,0.5,DENSE: entropy=0.92>0.7; many_blocks_above_0.01=27,,,"[0, 1, 2, 3, 4, 5, 6, 16, 17, 18, 19]",block_size=256 spans ~4.9 token rows; cannot resolve sub-block spatial detail
P->S,14,4,DENSE,0.5,DENSE: entropy=0.87>0.7; many_blocks_above_0.01=21,,,[0],block_size=256 spans ~4.9 token rows; cannot resolve sub-block spatial detail
P->R1,14,4,DENSE,0.5,DENSE: entropy=0.94>0.7; many_blocks_above_0.01=33,,,"[0, 4, 5, 6, 7, 8, 9, 10, 11, 12, 13, 14, 15, 16, 17, 18, 19, 20, 21, 22, 23, 24, 25, 26, 27]",block_size=256 spans ~4.9 token rows; cannot resolve sub-block spatial detail
X->P,14,4,DENSE,0.5,DENSE: entropy=0.96>0.7; many_blocks_above_0.01=29,,,,block_size=256 spans ~4.9 token rows; cannot resolve sub-block spatial detail
X->X,14,4,DENSE,0.5,DENSE: entropy=0.75>0.7; many_blocks_above_0.01=22,,,,block_size=256 spans ~4.9 token rows; cannot resolve sub-block spatial detail
S->P,14,4,DENSE,0.5,DENSE: entropy=0.98>0.7; many_blocks_above_0.01=34,,,,block_size=256 spans ~4.9 token rows; cannot resolve sub-block spatial detail
S->X,14,4,DENSE,0.3333333333333333,DENSE: entropy=0.82>0.7,,,,block_size=256 spans ~4.9 token rows; cannot resolve sub-block spatial detail
S->S,14,4,DENSE,0.5,DENSE: entropy=0.83>0.7; many_blocks_above_0.01=22,,,,block_size=256 spans ~4.9 token rows; cannot resolve sub-block spatial detail
S->R1,14,4,DENSE,0.5,DENSE: entropy=0.87>0.7; many_blocks_above_0.01=22,,,,block_size=256 spans ~4.9 token rows; cannot resolve sub-block spatial detail
R1->P,14,4,DENSE,0.5,DENSE: entropy=0.96>0.7; many_blocks_above_0.01=32,,,,block_size=256 spans ~4.9 token rows; cannot resolve sub-block spatial detail
R1->X,14,4,DENSE,0.5,DENSE: entropy=0.81>0.7; many_blocks_above_0.01=31,,,,block_size=256 spans ~4.9 token rows; cannot resolve sub-block spatial detail
P->X,14,6,DENSE,0.5,DENSE: entropy=0.95>0.7; many_blocks_above_0.01=28,,,"[0, 1, 2, 3, 4, 5, 6, 7, 8, 9, 10, 11, 12, 13, 14, 15, 16, 17, 18, 19, 20, 21, 22, 23, 24, 25, 26, 27]",block_size=256 spans ~4.9 token rows; cannot resolve sub-block spatial detail
X->P,14,6,DENSE,0.3333333333333333,DENSE: entropy=0.90>0.7,,,,block_size=256 spans ~4.9 token rows; cannot resolve sub-block spatial detail
S->P,14,6,DENSE,0.5,DENSE: entropy=0.91>0.7; many_blocks_above_0.01=26,,,,block_size=256 spans ~4.9 token rows; cannot resolve sub-block spatial detail
P->X,14,7,DENSE,0.5,DENSE: entropy=0.93>0.7; many_blocks_above_0.01=28,,,"[0, 1, 2, 3, 4, 5, 12, 13, 14, 15, 16, 17, 18, 19, 20, 21, 22, 23, 24, 25]",block_size=256 spans ~4.9 token rows; cannot resolve sub-block spatial detail
P->S,14,7,DENSE,0.5,DENSE: entropy=0.88>0.7; many_blocks_above_0.01=22,,,"[0, 1]",block_size=256 spans ~4.9 token rows; cannot resolve sub-block spatial detail
P->R1,14,7,DENSE,0.5,DENSE: entropy=0.95>0.7; many_blocks_above_0.01=31,,,"[0, 1, 2, 3, 4, 5, 6, 7, 8, 9, 10, 11, 12, 13, 14, 15, 16, 17, 18, 19, 20, 21, 22, 23, 24, 25, 26, 27]",block_size=256 spans ~4.9 token rows; cannot resolve sub-block spatial detail
X->P,14,7,DENSE,0.3333333333333333,DENSE: entropy=0.91>0.7,,,,block_size=256 spans ~4.9 token rows; cannot resolve sub-block spatial detail
S->P,14,7,DENSE,0.5,DENSE: entropy=0.96>0.7; many_blocks_above_0.01=34,,,,block_size=256 spans ~4.9 token rows; cannot resolve sub-block spatial detail
S->X,14,7,DENSE,0.3333333333333333,DENSE: entropy=0.88>0.7,,,,block_size=256 spans ~4.9 token rows; cannot resolve sub-block spatial detail
S->S,14,7,DENSE,0.5,DENSE: entropy=0.84>0.7; many_blocks_above_0.01=28,,,,block_size=256 spans ~4.9 token rows; cannot resolve sub-block spatial detail
S->R1,14,7,DENSE,0.3333333333333333,DENSE: entropy=0.80>0.7,,,,block_size=256 spans ~4.9 token rows; cannot resolve sub-block spatial detail
R1->P,14,7,DENSE,0.5,DENSE: entropy=0.97>0.7; many_blocks_above_0.01=34,,,,block_size=256 spans ~4.9 token rows; cannot resolve sub-block spatial detail
R1->X,14,7,DENSE,0.5,DENSE: entropy=0.82>0.7; many_blocks_above_0.01=30,,,,block_size=256 spans ~4.9 token rows; cannot resolve sub-block spatial detail
R1->S,14,7,DENSE,0.3333333333333333,DENSE: entropy=0.80>0.7,,,,block_size=256 spans ~4.9 token rows; cannot resolve sub-block spatial detail
P->X,14,8,DENSE,0.5,DENSE: entropy=0.97>0.7; many_blocks_above_0.01=32,,,"[0, 1, 2, 3, 4, 5]",block_size=256 spans ~4.9 token rows; cannot resolve sub-block spatial detail
P->S,14,8,DENSE,0.5,DENSE: entropy=0.91>0.7; many_blocks_above_0.01=26,,,"[4, 5, 6, 7, 8, 9, 10, 11, 12, 13, 14, 15, 16, 17, 18, 19, 20, 21]",block_size=256 spans ~4.9 token rows; cannot resolve sub-block spatial detail
P->R1,14,8,DENSE,0.5,DENSE: entropy=0.98>0.7; many_blocks_above_0.01=32,,,"[18, 19, 20, 21, 22, 23, 24, 25, 26, 27]",block_size=256 spans ~4.9 token rows; cannot resolve sub-block spatial detail
X->P,14,8,DENSE,0.5,DENSE: entropy=0.94>0.7; many_blocks_above_0.01=29,,,,block_size=256 spans ~4.9 token rows; cannot resolve sub-block spatial detail
X->X,14,8,DENSE,0.6,DENSE: entropy=0.95>0.7; max_block=0.018<0.03,,,,block_size=256 spans ~4.9 token rows; cannot resolve sub-block spatial detail
X->R1,14,8,DENSE,0.6,DENSE: entropy=0.95>0.7; max_block=0.018<0.03,,,,block_size=256 spans ~4.9 token rows; cannot resolve sub-block spatial detail
S->P,14,8,DENSE,0.5,DENSE: entropy=0.92>0.7; many_blocks_above_0.01=28,,,,block_size=256 spans ~4.9 token rows; cannot resolve sub-block spatial detail
S->X,14,8,DENSE,0.3333333333333333,DENSE: entropy=0.91>0.7,,,,block_size=256 spans ~4.9 token rows; cannot resolve sub-block spatial detail
S->S,14,8,DENSE,0.6,DENSE: entropy=0.93>0.7; max_block=0.018<0.03,,,,block_size=256 spans ~4.9 token rows; cannot resolve sub-block spatial detail
S->R1,14,8,DENSE,0.3333333333333333,DENSE: entropy=0.90>0.7,,,,block_size=256 spans ~4.9 token rows; cannot resolve sub-block spatial detail
R1->P,14,8,DENSE,0.3333333333333333,DENSE: entropy=0.90>0.7,,,,block_size=256 spans ~4.9 token rows; cannot resolve sub-block spatial detail
R1->S,14,8,DENSE,0.3333333333333333,DENSE: entropy=0.82>0.7,,,,block_size=256 spans ~4.9 token rows; cannot resolve sub-block spatial detail
X->P,14,9,DENSE,0.3333333333333333,DENSE: entropy=0.91>0.7,,,,block_size=256 spans ~4.9 token rows; cannot resolve sub-block spatial detail
X->R1,14,9,DENSE,0.5,DENSE: entropy=0.78>0.7; many_blocks_above_0.01=29,,,,block_size=256 spans ~4.9 token rows; cannot resolve sub-block spatial detail
S->P,14,9,DENSE,0.5,DENSE: entropy=0.93>0.7; many_blocks_above_0.01=31,,,,block_size=256 spans ~4.9 token rows; cannot resolve sub-block spatial detail
R1->X,14,9,DENSE,0.5,DENSE: entropy=0.80>0.7; many_blocks_above_0.01=30,,,,block_size=256 spans ~4.9 token rows; cannot resolve sub-block spatial detail
P->X,14,10,DENSE,0.5,DENSE: entropy=0.88>0.7; many_blocks_above_0.01=25,,,"[23, 24, 25, 26, 27]",block_size=256 spans ~4.9 token rows; cannot resolve sub-block spatial detail
X->P,14,10,DENSE,0.3333333333333333,DENSE: entropy=0.86>0.7,,,,block_size=256 spans ~4.9 token rows; cannot resolve sub-block spatial detail
S->P,14,10,DENSE,0.3333333333333333,DENSE: entropy=0.87>0.7,,,,block_size=256 spans ~4.9 token rows; cannot resolve sub-block spatial detail
R1->P,14,10,DENSE,0.3333333333333333,DENSE: entropy=0.87>0.7,,,,block_size=256 spans ~4.9 token rows; cannot resolve sub-block spatial detail
P->X,14,11,DENSE,0.5,DENSE: entropy=0.96>0.7; many_blocks_above_0.01=29,,,"[0, 1, 2, 3, 4, 5, 6, 7, 8, 9, 10, 11, 12, 13]",block_size=256 spans ~4.9 token rows; cannot resolve sub-block spatial detail
P->S,14,11,DENSE,0.3333333333333333,DENSE: entropy=0.84>0.7,,,,block_size=256 spans ~4.9 token rows; cannot resolve sub-block spatial detail
P->R1,14,11,DENSE,0.5,DENSE: entropy=0.97>0.7; many_blocks_above_0.01=32,,,"[17, 18, 19, 20, 21, 22, 23, 24, 25, 26, 27]",block_size=256 spans ~4.9 token rows; cannot resolve sub-block spatial detail
X->P,14,11,DENSE,0.5,DENSE: entropy=0.94>0.7; many_blocks_above_0.01=27,,,,block_size=256 spans ~4.9 token rows; cannot resolve sub-block spatial detail
X->X,14,11,DENSE,0.5,DENSE: entropy=0.73>0.7; many_blocks_above_0.01=30,,,,block_size=256 spans ~4.9 token rows; cannot resolve sub-block spatial detail
X->R1,14,11,DENSE,0.5,DENSE: entropy=0.76>0.7; many_blocks_above_0.01=32,,,,block_size=256 spans ~4.9 token rows; cannot resolve sub-block spatial detail
S->P,14,11,DENSE,0.5,DENSE: entropy=0.87>0.7; many_blocks_above_0.01=25,,,,block_size=256 spans ~4.9 token rows; cannot resolve sub-block spatial detail
R1->P,14,11,DENSE,0.5,DENSE: entropy=0.92>0.7; many_blocks_above_0.01=28,,,,block_size=256 spans ~4.9 token rows; cannot resolve sub-block spatial detail
R1->X,14,11,DENSE,0.5,DENSE: entropy=0.80>0.7; many_blocks_above_0.01=30,,,,block_size=256 spans ~4.9 token rows; cannot resolve sub-block spatial detail
R1->R1,14,11,DENSE,0.5,DENSE: entropy=0.81>0.7; many_blocks_above_0.01=31,,,,block_size=256 spans ~4.9 token rows; cannot resolve sub-block spatial detail
P->X,14,12,DENSE,0.5,DENSE: entropy=0.91>0.7; many_blocks_above_0.01=24,,,"[0, 1, 2, 3, 4, 5, 18, 19, 20, 21]",block_size=256 spans ~4.9 token rows; cannot resolve sub-block spatial detail
P->S,14,12,DENSE,0.3333333333333333,DENSE: entropy=0.83>0.7,,,,block_size=256 spans ~4.9 token rows; cannot resolve sub-block spatial detail
P->R1,14,12,DENSE,0.5,DENSE: entropy=0.96>0.7; many_blocks_above_0.01=32,,,,block_size=256 spans ~4.9 token rows; cannot resolve sub-block spatial detail
X->P,14,12,DENSE,0.5,DENSE: entropy=0.86>0.7; many_blocks_above_0.01=23,,,,block_size=256 spans ~4.9 token rows; cannot resolve sub-block spatial detail
S->P,14,12,DENSE,0.5,DENSE: entropy=0.97>0.7; many_blocks_above_0.01=32,,,,block_size=256 spans ~4.9 token rows; cannot resolve sub-block spatial detail
S->X,14,12,DENSE,0.7666666666666666,DENSE: entropy=0.90>0.7; max_block=0.028<0.03; many_blocks_above_0.01=22,,,,block_size=256 spans ~4.9 token rows; cannot resolve sub-block spatial detail
R1->P,14,12,DENSE,0.5,DENSE: entropy=0.91>0.7; many_blocks_above_0.01=25,,,,block_size=256 spans ~4.9 token rows; cannot resolve sub-block spatial detail
R1->X,14,12,DENSE,0.5,DENSE: entropy=0.82>0.7; many_blocks_above_0.01=33,,,,block_size=256 spans ~4.9 token rows; cannot resolve sub-block spatial detail
P->X,14,13,DENSE,0.5,DENSE: entropy=0.93>0.7; many_blocks_above_0.01=28,,,"[0, 1, 2, 3, 4, 5, 6, 7, 8, 9, 10, 11, 12, 13, 14, 15, 16, 17, 18, 19, 20, 21, 22, 23, 24, 25, 26, 27]",block_size=256 spans ~4.9 token rows; cannot resolve sub-block spatial detail
X->P,14,13,DENSE,0.3333333333333333,DENSE: entropy=0.89>0.7,,,,block_size=256 spans ~4.9 token rows; cannot resolve sub-block spatial detail
P->X,14,14,DENSE,0.5,DENSE: entropy=0.93>0.7; many_blocks_above_0.01=26,,,"[0, 1, 2, 3, 4, 5, 6, 7, 8, 17, 18, 19, 20, 21]",block_size=256 spans ~4.9 token rows; cannot resolve sub-block spatial detail
P->S,14,14,DENSE,0.3333333333333333,DENSE: entropy=0.85>0.7,,,,block_size=256 spans ~4.9 token rows; cannot resolve sub-block spatial detail
P->R1,14,14,DENSE,0.5,DENSE: entropy=0.96>0.7; many_blocks_above_0.01=33,,,"[24, 25, 26, 27]",block_size=256 spans ~4.9 token rows; cannot resolve sub-block spatial detail
X->P,14,14,DENSE,0.5,DENSE: entropy=0.93>0.7; many_blocks_above_0.01=27,,,,block_size=256 spans ~4.9 token rows; cannot resolve sub-block spatial detail
X->X,14,14,DENSE,0.5,DENSE: entropy=0.77>0.7; many_blocks_above_0.01=28,,,,block_size=256 spans ~4.9 token rows; cannot resolve sub-block spatial detail
S->P,14,14,DENSE,0.5,DENSE: entropy=0.92>0.7; many_blocks_above_0.01=31,,,,block_size=256 spans ~4.9 token rows; cannot resolve sub-block spatial detail
S->X,14,14,DENSE,0.5,DENSE: entropy=0.86>0.7; many_blocks_above_0.01=26,,,,block_size=256 spans ~4.9 token rows; cannot resolve sub-block spatial detail
S->S,14,14,DENSE,0.5,DENSE: entropy=0.80>0.7; many_blocks_above_0.01=27,,,,block_size=256 spans ~4.9 token rows; cannot resolve sub-block spatial detail
R1->P,14,14,DENSE,0.5,DENSE: entropy=0.96>0.7; many_blocks_above_0.01=32,,,,block_size=256 spans ~4.9 token rows; cannot resolve sub-block spatial detail
R1->X,14,14,DENSE,0.5,DENSE: entropy=0.87>0.7; many_blocks_above_0.01=32,,,,block_size=256 spans ~4.9 token rows; cannot resolve sub-block spatial detail
P->X,14,15,DENSE,0.5,DENSE: entropy=0.96>0.7; many_blocks_above_0.01=30,,,"[0, 1, 2, 3, 4, 5, 6, 7]",block_size=256 spans ~4.9 token rows; cannot resolve sub-block spatial detail
X->P,14,15,DENSE,0.5,DENSE: entropy=0.96>0.7; many_blocks_above_0.01=32,,,,block_size=256 spans ~4.9 token rows; cannot resolve sub-block spatial detail
S->P,14,15,DENSE,0.5,DENSE: entropy=0.83>0.7; many_blocks_above_0.01=28,,,,block_size=256 spans ~4.9 token rows; cannot resolve sub-block spatial detail
R1->P,14,15,DENSE,0.5,DENSE: entropy=0.94>0.7; many_blocks_above_0.01=30,,,,block_size=256 spans ~4.9 token rows; cannot resolve sub-block spatial detail
R1->X,14,15,DENSE,0.5,DENSE: entropy=0.81>0.7; many_blocks_above_0.01=29,,,,block_size=256 spans ~4.9 token rows; cannot resolve sub-block spatial detail
P->X,14,16,DENSE,0.5,DENSE: entropy=0.91>0.7; many_blocks_above_0.01=24,,,"[0, 1, 2]",block_size=256 spans ~4.9 token rows; cannot resolve sub-block spatial detail
P->S,14,16,DENSE,0.5,DENSE: entropy=0.88>0.7; many_blocks_above_0.01=26,,,"[0, 1, 2, 3, 4, 5, 6, 11, 12, 13, 14, 15, 16, 17, 18, 19, 20, 21]",block_size=256 spans ~4.9 token rows; cannot resolve sub-block spatial detail
X->P,14,16,DENSE,0.3333333333333333,DENSE: entropy=0.90>0.7,,,,block_size=256 spans ~4.9 token rows; cannot resolve sub-block spatial detail
X->X,14,16,DENSE,0.7666666666666666,DENSE: entropy=0.87>0.7; max_block=0.029<0.03; many_blocks_above_0.01=32,,,,block_size=256 spans ~4.9 token rows; cannot resolve sub-block spatial detail
S->P,14,16,DENSE,0.5,DENSE: entropy=0.89>0.7; many_blocks_above_0.01=24,,,,block_size=256 spans ~4.9 token rows; cannot resolve sub-block spatial detail
S->X,14,16,DENSE,0.3333333333333333,DENSE: entropy=0.89>0.7,,,,block_size=256 spans ~4.9 token rows; cannot resolve sub-block spatial detail
S->S,14,16,DENSE,0.5,DENSE: entropy=0.87>0.7; many_blocks_above_0.01=26,,,,block_size=256 spans ~4.9 token rows; cannot resolve sub-block spatial detail
S->R1,14,16,DENSE,0.3333333333333333,DENSE: entropy=0.80>0.7,,,,block_size=256 spans ~4.9 token rows; cannot resolve sub-block spatial detail
R1->P,14,16,DENSE,0.5,DENSE: entropy=0.97>0.7; many_blocks_above_0.01=33,,,,block_size=256 spans ~4.9 token rows; cannot resolve sub-block spatial detail
R1->X,14,16,DENSE,0.6,DENSE: entropy=0.94>0.7; max_block=0.024<0.03,,,,block_size=256 spans ~4.9 token rows; cannot resolve sub-block spatial detail
R1->S,14,16,DENSE,0.3333333333333333,DENSE: entropy=0.83>0.7,,,,block_size=256 spans ~4.9 token rows; cannot resolve sub-block spatial detail
R1->R1,14,16,DENSE,0.3333333333333333,DENSE: entropy=0.90>0.7,,,,block_size=256 spans ~4.9 token rows; cannot resolve sub-block spatial detail
X->P,14,17,DENSE,0.3333333333333333,DENSE: entropy=0.89>0.7,,,,block_size=256 spans ~4.9 token rows; cannot resolve sub-block spatial detail
S->P,14,17,DENSE,0.5,DENSE: entropy=0.89>0.7; many_blocks_above_0.01=22,,,,block_size=256 spans ~4.9 token rows; cannot resolve sub-block spatial detail
R1->P,14,17,DENSE,0.5,DENSE: entropy=0.93>0.7; many_blocks_above_0.01=27,,,,block_size=256 spans ~4.9 token rows; cannot resolve sub-block spatial detail
P->X,14,18,DENSE,0.5,DENSE: entropy=0.96>0.7; many_blocks_above_0.01=30,,,"[0, 1, 2, 3, 4, 5, 6, 7, 8, 9, 10, 11, 12, 13, 14, 15, 16, 17, 18, 19, 20, 21, 22, 23, 24, 25, 26, 27]",block_size=256 spans ~4.9 token rows; cannot resolve sub-block spatial detail
X->P,14,18,DENSE,0.3333333333333333,DENSE: entropy=0.89>0.7,,,,block_size=256 spans ~4.9 token rows; cannot resolve sub-block spatial detail
X->X,14,18,DENSE,0.5,DENSE: entropy=0.76>0.7; many_blocks_above_0.01=30,,,,block_size=256 spans ~4.9 token rows; cannot resolve sub-block spatial detail
S->S,14,18,DENSE,0.5,DENSE: entropy=0.75>0.7; many_blocks_above_0.01=30,,,,block_size=256 spans ~4.9 token rows; cannot resolve sub-block spatial detail
R1->X,14,18,DENSE,0.5,DENSE: entropy=0.82>0.7; many_blocks_above_0.01=25,,,,block_size=256 spans ~4.9 token rows; cannot resolve sub-block spatial detail
R1->R1,14,18,DENSE,0.6,DENSE: entropy=0.89>0.7; max_block=0.029<0.03,,,,block_size=256 spans ~4.9 token rows; cannot resolve sub-block spatial detail
P->X,14,19,DENSE,0.5,DENSE: entropy=0.95>0.7; many_blocks_above_0.01=28,,,,block_size=256 spans ~4.9 token rows; cannot resolve sub-block spatial detail
P->S,14,19,DENSE,0.3333333333333333,DENSE: entropy=0.82>0.7,,,,block_size=256 spans ~4.9 token rows; cannot resolve sub-block spatial detail
P->R1,14,19,DENSE,0.5,DENSE: entropy=0.95>0.7; many_blocks_above_0.01=30,,,"[11, 12, 13, 14, 15, 16, 17, 18, 19, 20, 21, 22, 23, 24, 25, 26, 27]",block_size=256 spans ~4.9 token rows; cannot resolve sub-block spatial detail
X->P,14,19,DENSE,0.5,DENSE: entropy=0.94>0.7; many_blocks_above_0.01=27,,,,block_size=256 spans ~4.9 token rows; cannot resolve sub-block spatial detail
X->R1,14,19,DENSE,0.5,DENSE: entropy=0.75>0.7; many_blocks_above_0.01=30,,,,block_size=256 spans ~4.9 token rows; cannot resolve sub-block spatial detail
S->P,14,19,DENSE,0.5,DENSE: entropy=0.93>0.7; many_blocks_above_0.01=31,,,,block_size=256 spans ~4.9 token rows; cannot resolve sub-block spatial detail
R1->P,14,19,DENSE,0.5,DENSE: entropy=0.96>0.7; many_blocks_above_0.01=29,,,,block_size=256 spans ~4.9 token rows; cannot resolve sub-block spatial detail
R1->X,14,19,DENSE,0.5,DENSE: entropy=0.78>0.7; many_blocks_above_0.01=34,,,,block_size=256 spans ~4.9 token rows; cannot resolve sub-block spatial detail
R1->R1,14,19,DENSE,0.5,DENSE: entropy=0.73>0.7; many_blocks_above_0.01=31,,,,block_size=256 spans ~4.9 token rows; cannot resolve sub-block spatial detail
P->X,14,20,DENSE,0.5,DENSE: entropy=0.93>0.7; many_blocks_above_0.01=27,,,"[0, 1, 2, 3, 4, 5, 6, 7, 11, 12, 13, 14, 15, 16, 17, 18, 19, 20, 21, 22, 23]",block_size=256 spans ~4.9 token rows; cannot resolve sub-block spatial detail
S->P,14,20,DENSE,0.5,DENSE: entropy=0.94>0.7; many_blocks_above_0.01=31,,,,block_size=256 spans ~4.9 token rows; cannot resolve sub-block spatial detail
S->X,14,20,DENSE,0.6,DENSE: entropy=0.93>0.7; max_block=0.027<0.03,,,,block_size=256 spans ~4.9 token rows; cannot resolve sub-block spatial detail
S->S,14,20,DENSE,0.5,DENSE: entropy=0.91>0.7; many_blocks_above_0.01=22,,,,block_size=256 spans ~4.9 token rows; cannot resolve sub-block spatial detail
S->R1,14,20,DENSE,0.3333333333333333,DENSE: entropy=0.89>0.7,,,,block_size=256 spans ~4.9 token rows; cannot resolve sub-block spatial detail
R1->P,14,20,DENSE,0.5,DENSE: entropy=0.94>0.7; many_blocks_above_0.01=30,,,,block_size=256 spans ~4.9 token rows; cannot resolve sub-block spatial detail
R1->X,14,20,DENSE,0.5,DENSE: entropy=0.88>0.7; many_blocks_above_0.01=26,,,,block_size=256 spans ~4.9 token rows; cannot resolve sub-block spatial detail
R1->S,14,20,DENSE,0.3333333333333333,DENSE: entropy=0.82>0.7,,,,block_size=256 spans ~4.9 token rows; cannot resolve sub-block spatial detail
P->X,14,21,DENSE,0.5,DENSE: entropy=0.94>0.7; many_blocks_above_0.01=28,,,"[0, 1, 2, 3, 4, 5, 6, 7, 8, 9, 10, 11, 12, 13, 14, 15, 16, 17, 18, 19, 20, 21, 22, 23, 26, 27]",block_size=256 spans ~4.9 token rows; cannot resolve sub-block spatial detail
X->P,14,21,DENSE,0.3333333333333333,DENSE: entropy=0.83>0.7,,,,block_size=256 spans ~4.9 token rows; cannot resolve sub-block spatial detail
P->X,14,22,DENSE,0.5,DENSE: entropy=0.85>0.7; many_blocks_above_0.01=27,,,,block_size=256 spans ~4.9 token rows; cannot resolve sub-block spatial detail
P->R1,14,22,DENSE,0.5,DENSE: entropy=0.94>0.7; many_blocks_above_0.01=30,,,"[0, 1, 2, 3, 4, 5, 6, 7, 8, 9, 10, 11, 12, 13, 14, 15, 16, 17, 18, 19, 20, 21, 22, 23, 24, 25, 26, 27]",block_size=256 spans ~4.9 token rows; cannot resolve sub-block spatial detail
X->P,14,22,DENSE,0.3333333333333333,DENSE: entropy=0.87>0.7,,,,block_size=256 spans ~4.9 token rows; cannot resolve sub-block spatial detail
P->X,14,23,DENSE,0.5,DENSE: entropy=0.93>0.7; many_blocks_above_0.01=28,,,,block_size=256 spans ~4.9 token rows; cannot resolve sub-block spatial detail
P->S,14,23,DENSE,0.5,DENSE: entropy=0.92>0.7; many_blocks_above_0.01=26,,,"[0, 1, 2, 3, 4, 5, 6, 7, 8, 9, 10, 11, 12, 13, 14, 15, 16, 17, 18, 19, 20, 21, 22]",block_size=256 spans ~4.9 token rows; cannot resolve sub-block spatial detail
P->R1,14,23,DENSE,0.5,DENSE: entropy=0.96>0.7; many_blocks_above_0.01=33,,,"[0, 1, 2, 3, 4, 5, 6, 7, 8, 9, 10, 11, 12, 13, 14, 15, 16, 17, 18, 19, 20, 21, 22, 23, 24, 25, 26, 27]",block_size=256 spans ~4.9 token rows; cannot resolve sub-block spatial detail
X->P,14,23,DENSE,0.5,DENSE: entropy=0.93>0.7; many_blocks_above_0.01=27,,,,block_size=256 spans ~4.9 token rows; cannot resolve sub-block spatial detail
X->X,14,23,DENSE,0.7666666666666666,DENSE: entropy=0.88>0.7; max_block=0.027<0.03; many_blocks_above_0.01=29,,,,block_size=256 spans ~4.9 token rows; cannot resolve sub-block spatial detail
P->X,15,0,DENSE,0.5,DENSE: entropy=0.95>0.7; many_blocks_above_0.01=30,,,"[0, 1, 2, 3, 4, 5, 6, 7, 8, 9, 10]",block_size=256 spans ~4.9 token rows; cannot resolve sub-block spatial detail
P->S,15,0,DENSE,0.3333333333333333,DENSE: entropy=0.85>0.7,,,,block_size=256 spans ~4.9 token rows; cannot resolve sub-block spatial detail
P->R1,15,0,DENSE,0.5,DENSE: entropy=0.96>0.7; many_blocks_above_0.01=32,,,"[4, 16, 17, 18, 19, 20, 21, 22, 23, 24, 25, 26, 27]",block_size=256 spans ~4.9 token rows; cannot resolve sub-block spatial detail
X->P,15,0,DENSE,0.5,DENSE: entropy=0.95>0.7; many_blocks_above_0.01=28,,,,block_size=256 spans ~4.9 token rows; cannot resolve sub-block spatial detail
P->X,15,1,DENSE,0.5,DENSE: entropy=0.93>0.7; many_blocks_above_0.01=27,,,"[0, 1, 2, 8, 9, 10, 11, 12, 13, 14, 15, 16, 17, 18, 19, 20, 21, 22, 23, 24, 25, 26, 27]",block_size=256 spans ~4.9 token rows; cannot resolve sub-block spatial detail
X->P,15,1,DENSE,0.3333333333333333,DENSE: entropy=0.88>0.7,,,,block_size=256 spans ~4.9 token rows; cannot resolve sub-block spatial detail
S->P,15,1,DENSE,0.3333333333333333,DENSE: entropy=0.89>0.7,,,,block_size=256 spans ~4.9 token rows; cannot resolve sub-block spatial detail
S->S,15,1,DENSE,0.5,DENSE: entropy=0.75>0.7; many_blocks_above_0.01=33,,,,block_size=256 spans ~4.9 token rows; cannot resolve sub-block spatial detail
R1->P,15,1,DENSE,0.3333333333333333,DENSE: entropy=0.88>0.7,,,,block_size=256 spans ~4.9 token rows; cannot resolve sub-block spatial detail
R1->X,15,1,DENSE,0.5,DENSE: entropy=0.79>0.7; many_blocks_above_0.01=31,,,,block_size=256 spans ~4.9 token rows; cannot resolve sub-block spatial detail
R1->R1,15,1,DENSE,0.5,DENSE: entropy=0.80>0.7; many_blocks_above_0.01=31,,,,block_size=256 spans ~4.9 token rows; cannot resolve sub-block spatial detail
P->X,15,2,DENSE,0.5,DENSE: entropy=0.97>0.7; many_blocks_above_0.01=31,,,"[0, 1, 2, 3, 4, 5, 6, 7, 8, 9, 10, 11, 12, 13, 14]",block_size=256 spans ~4.9 token rows; cannot resolve sub-block spatial detail
P->S,15,2,DENSE,0.5,DENSE: entropy=0.87>0.7; many_blocks_above_0.01=23,,,"[0, 1, 2, 3, 4, 5]",block_size=256 spans ~4.9 token rows; cannot resolve sub-block spatial detail
P->R1,15,2,DENSE,0.5,DENSE: entropy=0.96>0.7; many_blocks_above_0.01=32,,,"[0, 1, 2, 3, 4, 5, 6, 7, 8, 9, 10, 11, 12, 13, 14, 15, 16, 17, 18, 19, 20, 21, 22, 23, 24, 25, 26, 27]",block_size=256 spans ~4.9 token rows; cannot resolve sub-block spatial detail
X->P,15,2,DENSE,0.3333333333333333,DENSE: entropy=0.90>0.7,,,,block_size=256 spans ~4.9 token rows; cannot resolve sub-block spatial detail
R1->P,15,2,DENSE,0.5,DENSE: entropy=0.94>0.7; many_blocks_above_0.01=31,,,,block_size=256 spans ~4.9 token rows; cannot resolve sub-block spatial detail
R1->X,15,2,DENSE,0.5,DENSE: entropy=0.76>0.7; many_blocks_above_0.01=32,,,,block_size=256 spans ~4.9 token rows; cannot resolve sub-block spatial detail
P->X,15,3,DENSE,0.5,DENSE: entropy=0.96>0.7; many_blocks_above_0.01=30,,,"[0, 1, 2, 3, 4, 5, 6, 7, 8, 9, 10, 11, 12, 13, 14, 15, 16, 17, 18, 19, 20]",block_size=256 spans ~4.9 token rows; cannot resolve sub-block spatial detail
P->S,15,3,DENSE,0.5,DENSE: entropy=0.85>0.7; many_blocks_above_0.01=21,,,,block_size=256 spans ~4.9 token rows; cannot resolve sub-block spatial detail
P->R1,15,3,DENSE,0.5,DENSE: entropy=0.96>0.7; many_blocks_above_0.01=32,,,"[23, 24, 25, 26, 27]",block_size=256 spans ~4.9 token rows; cannot resolve sub-block spatial detail
X->P,15,3,DENSE,0.5,DENSE: entropy=0.94>0.7; many_blocks_above_0.01=27,,,,block_size=256 spans ~4.9 token rows; cannot resolve sub-block spatial detail
S->P,15,3,DENSE,0.5,DENSE: entropy=0.95>0.7; many_blocks_above_0.01=31,,,,block_size=256 spans ~4.9 token rows; cannot resolve sub-block spatial detail
S->X,15,3,DENSE,0.3333333333333333,DENSE: entropy=0.92>0.7,,,,block_size=256 spans ~4.9 token rows; cannot resolve sub-block spatial detail
R1->P,15,3,DENSE,0.5,DENSE: entropy=0.92>0.7; many_blocks_above_0.01=29,,,,block_size=256 spans ~4.9 token rows; cannot resolve sub-block spatial detail
R1->X,15,3,DENSE,0.5,DENSE: entropy=0.89>0.7; many_blocks_above_0.01=25,,,,block_size=256 spans ~4.9 token rows; cannot resolve sub-block spatial detail
P->X,15,4,DENSE,0.5,DENSE: entropy=0.98>0.7; many_blocks_above_0.01=32,,,"[0, 1, 2, 3, 4, 5, 6, 7, 8, 9, 10, 11, 12, 13, 14, 15, 16, 17, 18, 19, 20, 21, 22, 23, 24, 25, 26, 27]",block_size=256 spans ~4.9 token rows; cannot resolve sub-block spatial detail
X->P,15,4,DENSE,0.5,DENSE: entropy=0.97>0.7; many_blocks_above_0.01=32,,,,block_size=256 spans ~4.9 token rows; cannot resolve sub-block spatial detail
P->X,15,5,DENSE,0.5,DENSE: entropy=0.97>0.7; many_blocks_above_0.01=31,,,"[9, 10, 11, 12, 13, 14, 15, 16, 17, 18, 19, 20, 21, 22, 23, 24, 25, 27]",block_size=256 spans ~4.9 token rows; cannot resolve sub-block spatial detail
X->P,15,5,DENSE,0.5,DENSE: entropy=0.94>0.7; many_blocks_above_0.01=30,,,,block_size=256 spans ~4.9 token rows; cannot resolve sub-block spatial detail
X->X,15,5,DENSE,0.6,DENSE: entropy=0.93>0.7; max_block=0.028<0.03,,,,block_size=256 spans ~4.9 token rows; cannot resolve sub-block spatial detail
S->P,15,5,DENSE,0.5,DENSE: entropy=0.93>0.7; many_blocks_above_0.01=30,,,,block_size=256 spans ~4.9 token rows; cannot resolve sub-block spatial detail
S->X,15,5,DENSE,0.3333333333333333,DENSE: entropy=0.93>0.7,,,,block_size=256 spans ~4.9 token rows; cannot resolve sub-block spatial detail
R1->P,15,5,DENSE,0.5,DENSE: entropy=0.92>0.7; many_blocks_above_0.01=29,,,,block_size=256 spans ~4.9 token rows; cannot resolve sub-block spatial detail
R1->S,15,5,DENSE,0.5,DENSE: entropy=0.88>0.7; many_blocks_above_0.01=24,,,,block_size=256 spans ~4.9 token rows; cannot resolve sub-block spatial detail
R1->R1,15,5,DENSE,0.6,DENSE: entropy=0.97>0.7; max_block=0.014<0.03,,,,block_size=256 spans ~4.9 token rows; cannot resolve sub-block spatial detail
P->X,15,6,DENSE,0.5,DENSE: entropy=0.97>0.7; many_blocks_above_0.01=30,,,"[0, 1, 2, 3, 4, 5, 6, 7, 8, 9, 10, 11, 12, 13, 14, 15, 16, 17, 18, 19, 20, 21, 22, 23, 24, 25, 26, 27]",block_size=256 spans ~4.9 token rows; cannot resolve sub-block spatial detail
P->S,15,6,DENSE,0.5,DENSE: entropy=0.90>0.7; many_blocks_above_0.01=24,,,"[0, 1, 2, 20, 21, 22, 23, 24, 25, 26, 27]",block_size=256 spans ~4.9 token rows; cannot resolve sub-block spatial detail
P->R1,15,6,DENSE,0.5,DENSE: entropy=0.97>0.7; many_blocks_above_0.01=33,,,"[0, 1, 2, 3, 4, 5, 6, 7, 8, 9, 10, 11, 12, 13, 14, 15, 16, 17, 18, 19, 20, 21, 22, 23, 24, 25, 26, 27]",block_size=256 spans ~4.9 token rows; cannot resolve sub-block spatial detail
X->P,15,6,DENSE,0.5,DENSE: entropy=0.94>0.7; many_blocks_above_0.01=26,,,,block_size=256 spans ~4.9 token rows; cannot resolve sub-block spatial detail
X->X,15,6,DENSE,0.5,DENSE: entropy=0.80>0.7; many_blocks_above_0.01=24,,,,block_size=256 spans ~4.9 token rows; cannot resolve sub-block spatial detail
X->R1,15,6,DENSE,0.5,DENSE: entropy=0.81>0.7; many_blocks_above_0.01=29,,,,block_size=256 spans ~4.9 token rows; cannot resolve sub-block spatial detail
S->P,15,6,DENSE,0.5,DENSE: entropy=0.99>0.7; many_blocks_above_0.01=34,,,,block_size=256 spans ~4.9 token rows; cannot resolve sub-block spatial detail
S->X,15,6,DENSE,0.3333333333333333,DENSE: entropy=0.87>0.7,,,,block_size=256 spans ~4.9 token rows; cannot resolve sub-block spatial detail
S->S,15,6,DENSE,0.5,DENSE: entropy=0.81>0.7; many_blocks_above_0.01=30,,,,block_size=256 spans ~4.9 token rows; cannot resolve sub-block spatial detail
S->R1,15,6,DENSE,0.3333333333333333,DENSE: entropy=0.87>0.7,,,,block_size=256 spans ~4.9 token rows; cannot resolve sub-block spatial detail
R1->P,15,6,DENSE,0.5,DENSE: entropy=0.99>0.7; many_blocks_above_0.01=34,,,,block_size=256 spans ~4.9 token rows; cannot resolve sub-block spatial detail
R1->X,15,6,DENSE,0.5,DENSE: entropy=0.83>0.7; many_blocks_above_0.01=33,,,,block_size=256 spans ~4.9 token rows; cannot resolve sub-block spatial detail
P->X,15,7,DENSE,0.5,DENSE: entropy=0.96>0.7; many_blocks_above_0.01=31,,,,block_size=256 spans ~4.9 token rows; cannot resolve sub-block spatial detail
P->S,15,7,DENSE,0.5,DENSE: entropy=0.84>0.7; many_blocks_above_0.01=20,,,"[0, 1, 2, 3]",block_size=256 spans ~4.9 token rows; cannot resolve sub-block spatial detail
P->R1,15,7,DENSE,0.5,DENSE: entropy=0.95>0.7; many_blocks_above_0.01=33,,,"[2, 3, 4, 5, 6, 7, 8, 9, 10, 11, 12, 13, 14, 15, 16, 17, 18, 19, 20, 21, 22, 23, 24, 25, 26, 27]",block_size=256 spans ~4.9 token rows; cannot resolve sub-block spatial detail
X->P,15,7,DENSE,0.3333333333333333,DENSE: entropy=0.85>0.7,,,,block_size=256 spans ~4.9 token rows; cannot resolve sub-block spatial detail
X->X,15,7,DENSE,0.5,DENSE: entropy=0.79>0.7; many_blocks_above_0.01=25,,,,block_size=256 spans ~4.9 token rows; cannot resolve sub-block spatial detail
S->P,15,7,DENSE,0.5,DENSE: entropy=0.91>0.7; many_blocks_above_0.01=30,,,,block_size=256 spans ~4.9 token rows; cannot resolve sub-block spatial detail
S->X,15,7,DENSE,0.5,DENSE: entropy=0.84>0.7; many_blocks_above_0.01=21,,,,block_size=256 spans ~4.9 token rows; cannot resolve sub-block spatial detail
R1->P,15,7,DENSE,0.5,DENSE: entropy=0.95>0.7; many_blocks_above_0.01=32,,,,block_size=256 spans ~4.9 token rows; cannot resolve sub-block spatial detail
R1->X,15,7,DENSE,0.5,DENSE: entropy=0.83>0.7; many_blocks_above_0.01=32,,,,block_size=256 spans ~4.9 token rows; cannot resolve sub-block spatial detail
X->P,15,8,DENSE,0.3333333333333333,DENSE: entropy=0.88>0.7,,,,block_size=256 spans ~4.9 token rows; cannot resolve sub-block spatial detail
S->P,15,8,DENSE,0.3333333333333333,DENSE: entropy=0.85>0.7,,,,block_size=256 spans ~4.9 token rows; cannot resolve sub-block spatial detail
R1->P,15,8,DENSE,0.5,DENSE: entropy=0.88>0.7; many_blocks_above_0.01=21,,,,block_size=256 spans ~4.9 token rows; cannot resolve sub-block spatial detail
P->X,15,9,DENSE,0.5,DENSE: entropy=0.91>0.7; many_blocks_above_0.01=25,,,[0],block_size=256 spans ~4.9 token rows; cannot resolve sub-block spatial detail
P->S,15,9,DENSE,0.3333333333333333,DENSE: entropy=0.86>0.7,,,,block_size=256 spans ~4.9 token rows; cannot resolve sub-block spatial detail
P->R1,15,9,DENSE,0.5,DENSE: entropy=0.94>0.7; many_blocks_above_0.01=29,,,"[20, 21, 22, 25, 26, 27]",block_size=256 spans ~4.9 token rows; cannot resolve sub-block spatial detail
X->P,15,9,DENSE,0.5,DENSE: entropy=0.93>0.7; many_blocks_above_0.01=24,,,,block_size=256 spans ~4.9 token rows; cannot resolve sub-block spatial detail
S->P,15,9,DENSE,0.5,DENSE: entropy=0.88>0.7; many_blocks_above_0.01=31,,,,block_size=256 spans ~4.9 token rows; cannot resolve sub-block spatial detail
S->X,15,9,DENSE,0.3333333333333333,DENSE: entropy=0.76>0.7,,,,block_size=256 spans ~4.9 token rows; cannot resolve sub-block spatial detail
R1->P,15,9,DENSE,0.5,DENSE: entropy=0.96>0.7; many_blocks_above_0.01=32,,,"[20, 21, 22, 23, 24, 25, 26, 27]",block_size=256 spans ~4.9 token rows; cannot resolve sub-block spatial detail
R1->X,15,9,DENSE,0.5,DENSE: entropy=0.79>0.7; many_blocks_above_0.01=30,,,,block_size=256 spans ~4.9 token rows; cannot resolve sub-block spatial detail
P->X,15,10,DENSE,0.5,DENSE: entropy=0.97>0.7; many_blocks_above_0.01=32,,,"[0, 1, 2, 3, 4, 5, 6, 7, 8, 9, 10]",block_size=256 spans ~4.9 token rows; cannot resolve sub-block spatial detail
X->P,15,10,DENSE,0.5,DENSE: entropy=0.92>0.7; many_blocks_above_0.01=22,,,,block_size=256 spans ~4.9 token rows; cannot resolve sub-block spatial detail
S->P,15,10,DENSE,0.3333333333333333,DENSE: entropy=0.88>0.7,,,,block_size=256 spans ~4.9 token rows; cannot resolve sub-block spatial detail
S->X,15,10,DENSE,0.5,DENSE: entropy=0.89>0.7; many_blocks_above_0.01=22,,,,block_size=256 spans ~4.9 token rows; cannot resolve sub-block spatial detail
S->S,15,10,DENSE,0.7666666666666666,DENSE: entropy=0.91>0.7; max_block=0.018<0.03; many_blocks_above_0.01=20,,,,block_size=256 spans ~4.9 token rows; cannot resolve sub-block spatial detail
S->R1,15,10,DENSE,0.6,DENSE: entropy=0.92>0.7; max_block=0.021<0.03,,,,block_size=256 spans ~4.9 token rows; cannot resolve sub-block spatial detail
R1->P,15,10,DENSE,0.5,DENSE: entropy=0.94>0.7; many_blocks_above_0.01=28,,,,block_size=256 spans ~4.9 token rows; cannot resolve sub-block spatial detail
R1->S,15,10,DENSE,0.5,DENSE: entropy=0.82>0.7; many_blocks_above_0.01=24,,,,block_size=256 spans ~4.9 token rows; cannot resolve sub-block spatial detail
R1->R1,15,10,DENSE,0.6,DENSE: entropy=0.94>0.7; max_block=0.018<0.03,,,,block_size=256 spans ~4.9 token rows; cannot resolve sub-block spatial detail
P->X,15,11,DENSE,0.5,DENSE: entropy=0.95>0.7; many_blocks_above_0.01=30,,,"[0, 1, 2, 3, 4, 5, 6, 7]",block_size=256 spans ~4.9 token rows; cannot resolve sub-block spatial detail
P->S,15,11,DENSE,0.5,DENSE: entropy=0.90>0.7; many_blocks_above_0.01=28,,,"[0, 1, 6, 7, 8, 9, 10, 11, 12, 13, 14, 15, 16, 17, 18, 19, 20, 21]",block_size=256 spans ~4.9 token rows; cannot resolve sub-block spatial detail
P->R1,15,11,DENSE,0.5,DENSE: entropy=0.97>0.7; many_blocks_above_0.01=32,,,"[13, 14, 15, 16, 17, 18, 19, 20, 21, 22, 23, 24, 25, 26, 27]",block_size=256 spans ~4.9 token rows; cannot resolve sub-block spatial detail
X->P,15,11,DENSE,0.3333333333333333,DENSE: entropy=0.90>0.7,,,,block_size=256 spans ~4.9 token rows; cannot resolve sub-block spatial detail
X->R1,15,11,DENSE,0.6,DENSE: entropy=0.94>0.7; max_block=0.020<0.03,,,,block_size=256 spans ~4.9 token rows; cannot resolve sub-block spatial detail
S->P,15,11,DENSE,0.5,DENSE: entropy=0.97>0.7; many_blocks_above_0.01=33,,,,block_size=256 spans ~4.9 token rows; cannot resolve sub-block spatial detail
S->R1,15,11,DENSE,0.3333333333333333,DENSE: entropy=0.93>0.7,,,,block_size=256 spans ~4.9 token rows; cannot resolve sub-block spatial detail
R1->P,15,11,DENSE,0.5,DENSE: entropy=0.96>0.7; many_blocks_above_0.01=33,,,,block_size=256 spans ~4.9 token rows; cannot resolve sub-block spatial detail
P->X,15,12,DENSE,0.5,DENSE: entropy=0.97>0.7; many_blocks_above_0.01=32,,,"[0, 1, 2, 3, 4, 5, 6, 7, 8, 9, 10, 11, 12, 13, 14, 15, 16, 17, 18, 19, 20, 21, 22, 23, 24, 25, 26, 27]",block_size=256 spans ~4.9 token rows; cannot resolve sub-block spatial detail
X->P,15,12,DENSE,0.3333333333333333,DENSE: entropy=0.86>0.7,,,,block_size=256 spans ~4.9 token rows; cannot resolve sub-block spatial detail
S->P,15,12,DENSE,0.5,DENSE: entropy=0.93>0.7; many_blocks_above_0.01=31,,,,block_size=256 spans ~4.9 token rows; cannot resolve sub-block spatial detail
S->X,15,12,DENSE,0.5,DENSE: entropy=0.80>0.7; many_blocks_above_0.01=23,,,,block_size=256 spans ~4.9 token rows; cannot resolve sub-block spatial detail
S->S,15,12,DENSE,0.5,DENSE: entropy=0.77>0.7; many_blocks_above_0.01=29,,,,block_size=256 spans ~4.9 token rows; cannot resolve sub-block spatial detail
S->R1,15,12,DENSE,0.3333333333333333,DENSE: entropy=0.83>0.7,,,,block_size=256 spans ~4.9 token rows; cannot resolve sub-block spatial detail
R1->P,15,12,DENSE,0.5,DENSE: entropy=0.96>0.7; many_blocks_above_0.01=33,,,,block_size=256 spans ~4.9 token rows; cannot resolve sub-block spatial detail
R1->X,15,12,DENSE,0.5,DENSE: entropy=0.82>0.7; many_blocks_above_0.01=21,,,,block_size=256 spans ~4.9 token rows; cannot resolve sub-block spatial detail
R1->R1,15,12,DENSE,0.5,DENSE: entropy=0.86>0.7; many_blocks_above_0.01=21,,,,block_size=256 spans ~4.9 token rows; cannot resolve sub-block spatial detail
P->P,15,13,DENSE,0.3333333333333333,DENSE: entropy=0.71>0.7,,,,block_size=256 spans ~4.9 token rows; cannot resolve sub-block spatial detail
P->X,15,13,DENSE,0.5,DENSE: entropy=0.96>0.7; many_blocks_above_0.01=31,,,,block_size=256 spans ~4.9 token rows; cannot resolve sub-block spatial detail
P->R1,15,13,DENSE,0.5,DENSE: entropy=0.96>0.7; many_blocks_above_0.01=31,,,"[0, 1, 2, 3, 4, 5, 6, 7, 8, 9, 10, 11, 12, 13, 14, 15, 16, 17, 18, 19, 20, 21, 22, 23, 24, 25, 26, 27]",block_size=256 spans ~4.9 token rows; cannot resolve sub-block spatial detail
X->P,15,13,DENSE,0.3333333333333333,DENSE: entropy=0.86>0.7,,,,block_size=256 spans ~4.9 token rows; cannot resolve sub-block spatial detail
P->X,15,14,DENSE,0.5,DENSE: entropy=0.95>0.7; many_blocks_above_0.01=30,,,"[0, 1, 2, 3, 4, 5, 6, 7, 8, 9, 10, 11, 12, 13, 14, 15, 16, 17, 18, 19, 20, 21, 22, 23, 24, 25, 26, 27]",block_size=256 spans ~4.9 token rows; cannot resolve sub-block spatial detail
X->P,15,14,DENSE,0.3333333333333333,DENSE: entropy=0.88>0.7,,,,block_size=256 spans ~4.9 token rows; cannot resolve sub-block spatial detail
R1->P,15,14,DENSE,0.5,DENSE: entropy=0.93>0.7; many_blocks_above_0.01=28,,,,block_size=256 spans ~4.9 token rows; cannot resolve sub-block spatial detail
X->P,15,15,DENSE,0.3333333333333333,DENSE: entropy=0.87>0.7,,,,block_size=256 spans ~4.9 token rows; cannot resolve sub-block spatial detail
P->P,15,16,DENSE,0.3333333333333333,DENSE: entropy=0.96>0.7,,,[0],block_size=256 spans ~4.9 token rows; cannot resolve sub-block spatial detail
P->X,15,16,DENSE,0.5,DENSE: entropy=0.95>0.7; many_blocks_above_0.01=28,,,"[0, 1, 2, 3, 4, 5, 6, 7, 8, 9, 10, 11, 12, 13, 14, 15]",block_size=256 spans ~4.9 token rows; cannot resolve sub-block spatial detail
P->S,15,16,DENSE,0.3333333333333333,DENSE: entropy=0.84>0.7,,,,block_size=256 spans ~4.9 token rows; cannot resolve sub-block spatial detail
P->R1,15,16,DENSE,0.5,DENSE: entropy=0.97>0.7; many_blocks_above_0.01=32,,,,block_size=256 spans ~4.9 token rows; cannot resolve sub-block spatial detail
X->P,15,16,DENSE,0.5,DENSE: entropy=0.92>0.7; many_blocks_above_0.01=24,,,,block_size=256 spans ~4.9 token rows; cannot resolve sub-block spatial detail
S->P,15,16,DENSE,0.5,DENSE: entropy=0.96>0.7; many_blocks_above_0.01=33,,,,block_size=256 spans ~4.9 token rows; cannot resolve sub-block spatial detail
S->X,15,16,DENSE,0.5,DENSE: entropy=0.82>0.7; many_blocks_above_0.01=24,,,,block_size=256 spans ~4.9 token rows; cannot resolve sub-block spatial detail
S->S,15,16,DENSE,0.5,DENSE: entropy=0.78>0.7; many_blocks_above_0.01=27,,,,block_size=256 spans ~4.9 token rows; cannot resolve sub-block spatial detail
S->R1,15,16,DENSE,0.3333333333333333,DENSE: entropy=0.76>0.7,,,,block_size=256 spans ~4.9 token rows; cannot resolve sub-block spatial detail
R1->P,15,16,DENSE,0.5,DENSE: entropy=0.97>0.7; many_blocks_above_0.01=34,,,,block_size=256 spans ~4.9 token rows; cannot resolve sub-block spatial detail
R1->X,15,16,DENSE,0.5,DENSE: entropy=0.78>0.7; many_blocks_above_0.01=32,,,,block_size=256 spans ~4.9 token rows; cannot resolve sub-block spatial detail
P->X,15,17,DENSE,0.5,DENSE: entropy=0.97>0.7; many_blocks_above_0.01=30,,,"[0, 1, 2, 3, 4, 5, 6, 7, 8, 9, 10, 11, 12, 13, 14, 15, 16, 17, 18, 19, 20, 21, 22, 23, 24, 25, 26, 27]",block_size=256 spans ~4.9 token rows; cannot resolve sub-block spatial detail
P->S,15,17,DENSE,0.5,DENSE: entropy=0.90>0.7; many_blocks_above_0.01=25,,,"[0, 1, 2, 3, 4, 5, 6, 7, 8, 9, 10, 11, 12, 13, 14, 15, 16, 17, 18, 19, 20, 21]",block_size=256 spans ~4.9 token rows; cannot resolve sub-block spatial detail
P->R1,15,17,DENSE,0.5,DENSE: entropy=0.97>0.7; many_blocks_above_0.01=33,,,"[0, 1, 2, 3, 4, 5, 6, 7, 8, 9, 10, 11, 12, 13, 14, 15, 16, 17, 18, 19, 20, 21, 22, 23, 24, 25, 26, 27]",block_size=256 spans ~4.9 token rows; cannot resolve sub-block spatial detail
X->X,15,17,DENSE,0.3333333333333333,DENSE: entropy=0.92>0.7,,,,block_size=256 spans ~4.9 token rows; cannot resolve sub-block spatial detail
S->X,15,17,DENSE,0.6,DENSE: entropy=0.94>0.7; max_block=0.028<0.03,,,,block_size=256 spans ~4.9 token rows; cannot resolve sub-block spatial detail
S->S,15,17,DENSE,0.6,DENSE: entropy=0.96>0.7; max_block=0.017<0.03,,,,block_size=256 spans ~4.9 token rows; cannot resolve sub-block spatial detail
S->R1,15,17,DENSE,0.6,DENSE: entropy=0.93>0.7; max_block=0.028<0.03,,,,block_size=256 spans ~4.9 token rows; cannot resolve sub-block spatial detail
R1->X,15,17,DENSE,0.6,DENSE: entropy=0.95>0.7; max_block=0.024<0.03,,,,block_size=256 spans ~4.9 token rows; cannot resolve sub-block spatial detail
R1->R1,15,17,DENSE,0.6,DENSE: entropy=0.94>0.7; max_block=0.028<0.03,,,,block_size=256 spans ~4.9 token rows; cannot resolve sub-block spatial detail
P->X,15,18,DENSE,0.5,DENSE: entropy=0.94>0.7; many_blocks_above_0.01=27,,,,block_size=256 spans ~4.9 token rows; cannot resolve sub-block spatial detail
X->P,15,18,DENSE,0.5,DENSE: entropy=0.95>0.7; many_blocks_above_0.01=30,,,,block_size=256 spans ~4.9 token rows; cannot resolve sub-block spatial detail
X->P,15,19,DENSE,0.3333333333333333,DENSE: entropy=0.88>0.7,,,,block_size=256 spans ~4.9 token rows; cannot resolve sub-block spatial detail
X->X,15,19,DENSE,0.5,DENSE: entropy=0.86>0.7; many_blocks_above_0.01=28,,,,block_size=256 spans ~4.9 token rows; cannot resolve sub-block spatial detail
S->P,15,19,DENSE,0.5,DENSE: entropy=0.93>0.7; many_blocks_above_0.01=26,,,,block_size=256 spans ~4.9 token rows; cannot resolve sub-block spatial detail
S->X,15,19,DENSE,0.5,DENSE: entropy=0.90>0.7; many_blocks_above_0.01=22,,,,block_size=256 spans ~4.9 token rows; cannot resolve sub-block spatial detail
S->S,15,19,DENSE,0.5,DENSE: entropy=0.86>0.7; many_blocks_above_0.01=25,,,,block_size=256 spans ~4.9 token rows; cannot resolve sub-block spatial detail
S->R1,15,19,DENSE,0.3333333333333333,DENSE: entropy=0.92>0.7,,,,block_size=256 spans ~4.9 token rows; cannot resolve sub-block spatial detail
R1->P,15,19,DENSE,0.3333333333333333,DENSE: entropy=0.90>0.7,,,,block_size=256 spans ~4.9 token rows; cannot resolve sub-block spatial detail
R1->X,15,19,DENSE,0.6,DENSE: entropy=0.95>0.7; max_block=0.018<0.03,,,,block_size=256 spans ~4.9 token rows; cannot resolve sub-block spatial detail
R1->S,15,19,DENSE,0.3333333333333333,DENSE: entropy=0.87>0.7,,,,block_size=256 spans ~4.9 token rows; cannot resolve sub-block spatial detail
P->X,15,20,DENSE,0.5,DENSE: entropy=0.96>0.7; many_blocks_above_0.01=31,,,"[0, 1, 2, 3, 4, 5, 6, 7, 8, 9, 10, 11, 12, 13, 14, 15, 16, 17, 18, 19, 20, 21, 22, 23, 24, 25, 27]",block_size=256 spans ~4.9 token rows; cannot resolve sub-block spatial detail
X->P,15,20,DENSE,0.3333333333333333,DENSE: entropy=0.90>0.7,,,,block_size=256 spans ~4.9 token rows; cannot resolve sub-block spatial detail
R1->P,15,20,DENSE,0.5,DENSE: entropy=0.91>0.7; many_blocks_above_0.01=24,,,,block_size=256 spans ~4.9 token rows; cannot resolve sub-block spatial detail
X->P,15,21,DENSE,0.3333333333333333,DENSE: entropy=0.89>0.7,,,,block_size=256 spans ~4.9 token rows; cannot resolve sub-block spatial detail
P->X,15,22,DENSE,0.5,DENSE: entropy=0.95>0.7; many_blocks_above_0.01=30,,,"[0, 1, 2, 3, 4, 5, 6, 7, 8, 9, 10, 11, 12, 13, 14, 15, 16, 17, 18, 20, 27]",block_size=256 spans ~4.9 token rows; cannot resolve sub-block spatial detail
P->S,15,22,DENSE,0.5,DENSE: entropy=0.96>0.7; many_blocks_above_0.01=32,,,"[0, 1, 2, 3, 4, 5, 6, 7, 8, 9, 10, 11, 12, 13, 14, 15, 16, 17, 18, 19, 20, 21, 22, 23, 24, 25, 26, 27]",block_size=256 spans ~4.9 token rows; cannot resolve sub-block spatial detail
P->R1,15,22,DENSE,0.5,DENSE: entropy=0.96>0.7; many_blocks_above_0.01=30,,,"[0, 1, 2, 3, 4, 5, 6, 7, 8, 9, 10, 11, 12, 13, 14, 15, 16, 17, 18, 19, 20, 21, 22, 23, 24, 25, 26, 27]",block_size=256 spans ~4.9 token rows; cannot resolve sub-block spatial detail
X->P,15,22,DENSE,0.5,DENSE: entropy=0.94>0.7; many_blocks_above_0.01=30,,,,block_size=256 spans ~4.9 token rows; cannot resolve sub-block spatial detail
X->X,15,22,DENSE,0.5,DENSE: entropy=0.80>0.7; many_blocks_above_0.01=21,,,,block_size=256 spans ~4.9 token rows; cannot resolve sub-block spatial detail
X->R1,15,22,DENSE,0.5,DENSE: entropy=0.81>0.7; many_blocks_above_0.01=30,,,,block_size=256 spans ~4.9 token rows; cannot resolve sub-block spatial detail
S->P,15,22,DENSE,0.5,DENSE: entropy=0.92>0.7; many_blocks_above_0.01=33,,,,block_size=256 spans ~4.9 token rows; cannot resolve sub-block spatial detail
S->R1,15,22,DENSE,0.3333333333333333,DENSE: entropy=0.78>0.7,,,,block_size=256 spans ~4.9 token rows; cannot resolve sub-block spatial detail
P->X,15,23,DENSE,0.5,DENSE: entropy=0.97>0.7; many_blocks_above_0.01=32,,,"[0, 1, 2, 3, 4, 5, 6, 7, 8, 9, 10, 11, 12, 13, 14, 15, 16, 17, 18]",block_size=256 spans ~4.9 token rows; cannot resolve sub-block spatial detail
P->S,15,23,DENSE,0.5,DENSE: entropy=0.86>0.7; many_blocks_above_0.01=24,,,,block_size=256 spans ~4.9 token rows; cannot resolve sub-block spatial detail
P->R1,15,23,DENSE,0.5,DENSE: entropy=0.98>0.7; many_blocks_above_0.01=34,,,"[0, 1, 2, 3, 4, 5, 6, 7, 8, 9, 10, 11, 12, 13, 14, 15, 16, 17, 18, 19, 20, 21, 22, 23, 24, 25, 26, 27]",block_size=256 spans ~4.9 token rows; cannot resolve sub-block spatial detail
X->P,15,23,DENSE,0.5,DENSE: entropy=0.95>0.7; many_blocks_above_0.01=31,,,,block_size=256 spans ~4.9 token rows; cannot resolve sub-block spatial detail
X->R1,15,23,DENSE,0.5,DENSE: entropy=0.78>0.7; many_blocks_above_0.01=28,,,,block_size=256 spans ~4.9 token rows; cannot resolve sub-block spatial detail
R1->X,15,23,DENSE,0.5,DENSE: entropy=0.81>0.7; many_blocks_above_0.01=30,,,,block_size=256 spans ~4.9 token rows; cannot resolve sub-block spatial detail
P->X,16,0,DENSE,0.5,DENSE: entropy=0.95>0.7; many_blocks_above_0.01=29,,,"[0, 1, 2]",block_size=256 spans ~4.9 token rows; cannot resolve sub-block spatial detail
P->S,16,0,DENSE,0.3333333333333333,DENSE: entropy=0.84>0.7,,,,block_size=256 spans ~4.9 token rows; cannot resolve sub-block spatial detail
P->R1,16,0,DENSE,0.5,DENSE: entropy=0.95>0.7; many_blocks_above_0.01=31,,,"[21, 22, 23, 24, 25, 26, 27]",block_size=256 spans ~4.9 token rows; cannot resolve sub-block spatial detail
X->P,16,0,DENSE,0.5,DENSE: entropy=0.96>0.7; many_blocks_above_0.01=31,,,,block_size=256 spans ~4.9 token rows; cannot resolve sub-block spatial detail
S->P,16,0,DENSE,0.5,DENSE: entropy=0.93>0.7; many_blocks_above_0.01=27,,,,block_size=256 spans ~4.9 token rows; cannot resolve sub-block spatial detail
S->X,16,0,DENSE,0.5,DENSE: entropy=0.86>0.7; many_blocks_above_0.01=20,,,,block_size=256 spans ~4.9 token rows; cannot resolve sub-block spatial detail
S->S,16,0,DENSE,0.5,DENSE: entropy=0.79>0.7; many_blocks_above_0.01=28,,,,block_size=256 spans ~4.9 token rows; cannot resolve sub-block spatial detail
S->R1,16,0,DENSE,0.3333333333333333,DENSE: entropy=0.76>0.7,,,,block_size=256 spans ~4.9 token rows; cannot resolve sub-block spatial detail
R1->P,16,0,DENSE,0.5,DENSE: entropy=0.95>0.7; many_blocks_above_0.01=32,,,,block_size=256 spans ~4.9 token rows; cannot resolve sub-block spatial detail
R1->X,16,0,DENSE,0.7666666666666666,DENSE: entropy=0.91>0.7; max_block=0.021<0.03; many_blocks_above_0.01=29,,,,block_size=256 spans ~4.9 token rows; cannot resolve sub-block spatial detail
R1->S,16,0,DENSE,0.3333333333333333,DENSE: entropy=0.83>0.7,,,,block_size=256 spans ~4.9 token rows; cannot resolve sub-block spatial detail
R1->R1,16,0,DENSE,0.5,DENSE: entropy=0.78>0.7; many_blocks_above_0.01=25,,,,block_size=256 spans ~4.9 token rows; cannot resolve sub-block spatial detail
P->X,16,1,DENSE,0.5,DENSE: entropy=0.94>0.7; many_blocks_above_0.01=28,,,"[0, 1, 2, 3, 4, 5]",block_size=256 spans ~4.9 token rows; cannot resolve sub-block spatial detail
P->S,16,1,DENSE,0.3333333333333333,DENSE: entropy=0.85>0.7,,,,block_size=256 spans ~4.9 token rows; cannot resolve sub-block spatial detail
P->R1,16,1,DENSE,0.5,DENSE: entropy=0.94>0.7; many_blocks_above_0.01=31,,,"[8, 9, 10, 11, 12, 13, 14, 15, 16, 17, 18, 19, 20, 21, 22, 23, 24, 25, 26, 27]",block_size=256 spans ~4.9 token rows; cannot resolve sub-block spatial detail
X->P,16,1,DENSE,0.5,DENSE: entropy=0.98>0.7; many_blocks_above_0.01=32,,,,block_size=256 spans ~4.9 token rows; cannot resolve sub-block spatial detail
R1->P,16,1,DENSE,0.5,DENSE: entropy=0.97>0.7; many_blocks_above_0.01=32,,,,block_size=256 spans ~4.9 token rows; cannot resolve sub-block spatial detail
X->P,16,2,DENSE,0.3333333333333333,DENSE: entropy=0.90>0.7,,,,block_size=256 spans ~4.9 token rows; cannot resolve sub-block spatial detail
S->P,16,2,DENSE,0.3333333333333333,DENSE: entropy=0.88>0.7,,,,block_size=256 spans ~4.9 token rows; cannot resolve sub-block spatial detail
R1->P,16,2,DENSE,0.3333333333333333,DENSE: entropy=0.89>0.7,,,,block_size=256 spans ~4.9 token rows; cannot resolve sub-block spatial detail
P->X,16,3,DENSE,0.5,DENSE: entropy=0.97>0.7; many_blocks_above_0.01=32,,,[0],block_size=256 spans ~4.9 token rows; cannot resolve sub-block spatial detail
X->P,16,4,DENSE,0.3333333333333333,DENSE: entropy=0.89>0.7,,,,block_size=256 spans ~4.9 token rows; cannot resolve sub-block spatial detail
S->P,16,4,DENSE,0.3333333333333333,DENSE: entropy=0.82>0.7,,,,block_size=256 spans ~4.9 token rows; cannot resolve sub-block spatial detail
R1->P,16,4,DENSE,0.3333333333333333,DENSE: entropy=0.87>0.7,,,,block_size=256 spans ~4.9 token rows; cannot resolve sub-block spatial detail
X->P,16,5,DENSE,0.3333333333333333,DENSE: entropy=0.86>0.7,,,,block_size=256 spans ~4.9 token rows; cannot resolve sub-block spatial detail
S->P,16,5,DENSE,0.5,DENSE: entropy=0.90>0.7; many_blocks_above_0.01=20,,,,block_size=256 spans ~4.9 token rows; cannot resolve sub-block spatial detail
R1->P,16,5,DENSE,0.5,DENSE: entropy=0.87>0.7; many_blocks_above_0.01=21,,,,block_size=256 spans ~4.9 token rows; cannot resolve sub-block spatial detail
P->X,16,6,DENSE,0.5,DENSE: entropy=0.95>0.7; many_blocks_above_0.01=28,,,"[0, 1, 2, 3, 4, 5, 6, 7, 8, 9, 10, 11, 12, 13, 14, 15, 16, 17, 18, 19, 20, 21, 22, 23, 24, 25, 26]",block_size=256 spans ~4.9 token rows; cannot resolve sub-block spatial detail
X->P,16,6,DENSE,0.5,DENSE: entropy=0.96>0.7; many_blocks_above_0.01=30,,,,block_size=256 spans ~4.9 token rows; cannot resolve sub-block spatial detail
X->X,16,6,DENSE,0.5,DENSE: entropy=0.75>0.7; many_blocks_above_0.01=32,,,,block_size=256 spans ~4.9 token rows; cannot resolve sub-block spatial detail
R1->P,16,6,DENSE,0.3333333333333333,DENSE: entropy=0.81>0.7,,,,block_size=256 spans ~4.9 token rows; cannot resolve sub-block spatial detail
P->X,16,7,DENSE,0.5,DENSE: entropy=0.94>0.7; many_blocks_above_0.01=25,,,"[0, 1, 5, 6, 7, 8, 10, 11, 12, 13, 14]",block_size=256 spans ~4.9 token rows; cannot resolve sub-block spatial detail
P->S,16,7,DENSE,0.5,DENSE: entropy=0.91>0.7; many_blocks_above_0.01=25,,,"[0, 1, 2, 3, 4, 5, 13, 14, 15, 16, 17, 18, 19, 20, 21, 22, 23, 24]",block_size=256 spans ~4.9 token rows; cannot resolve sub-block spatial detail
P->R1,16,7,DENSE,0.5,DENSE: entropy=0.95>0.7; many_blocks_above_0.01=33,,,"[19, 20, 21, 22]",block_size=256 spans ~4.9 token rows; cannot resolve sub-block spatial detail
X->P,16,7,DENSE,0.5,DENSE: entropy=0.97>0.7; many_blocks_above_0.01=31,,,,block_size=256 spans ~4.9 token rows; cannot resolve sub-block spatial detail
X->X,16,7,DENSE,0.5,DENSE: entropy=0.74>0.7; many_blocks_above_0.01=33,,,,block_size=256 spans ~4.9 token rows; cannot resolve sub-block spatial detail
X->R1,16,7,DENSE,0.5,DENSE: entropy=0.76>0.7; many_blocks_above_0.01=28,,,,block_size=256 spans ~4.9 token rows; cannot resolve sub-block spatial detail
S->P,16,7,DENSE,0.5,DENSE: entropy=0.94>0.7; many_blocks_above_0.01=31,,,,block_size=256 spans ~4.9 token rows; cannot resolve sub-block spatial detail
S->R1,16,7,DENSE,0.3333333333333333,DENSE: entropy=0.78>0.7,,,,block_size=256 spans ~4.9 token rows; cannot resolve sub-block spatial detail
R1->P,16,7,DENSE,0.5,DENSE: entropy=0.95>0.7; many_blocks_above_0.01=30,,,,block_size=256 spans ~4.9 token rows; cannot resolve sub-block spatial detail
P->X,16,8,DENSE,0.5,DENSE: entropy=0.97>0.7; many_blocks_above_0.01=31,,,"[0, 1, 2, 3, 4, 5, 6, 7, 8, 9, 10, 11, 12, 13, 14, 15, 16, 17, 18, 19]",block_size=256 spans ~4.9 token rows; cannot resolve sub-block spatial detail
P->S,16,8,DENSE,0.5,DENSE: entropy=0.91>0.7; many_blocks_above_0.01=23,,,"[0, 1, 2, 3, 4, 5, 6, 7, 8, 9, 10, 11, 12, 13, 14, 15, 16, 17, 18, 19, 20, 21, 22]",block_size=256 spans ~4.9 token rows; cannot resolve sub-block spatial detail
P->R1,16,8,DENSE,0.5,DENSE: entropy=0.97>0.7; many_blocks_above_0.01=32,,,"[3, 4, 5, 6, 7, 8, 9, 10, 11, 12, 13, 14, 15, 16, 17, 18, 19, 20, 21, 22, 23, 24, 25, 26, 27]",block_size=256 spans ~4.9 token rows; cannot resolve sub-block spatial detail
X->P,16,8,DENSE,0.5,DENSE: entropy=0.95>0.7; many_blocks_above_0.01=29,,,"[0, 1, 2, 3]",block_size=256 spans ~4.9 token rows; cannot resolve sub-block spatial detail
S->P,16,8,DENSE,0.5,DENSE: entropy=0.98>0.7; many_blocks_above_0.01=33,,,"[0, 1, 2]",block_size=256 spans ~4.9 token rows; cannot resolve sub-block spatial detail
S->X,16,8,DENSE,0.3333333333333333,DENSE: entropy=0.81>0.7,,,,block_size=256 spans ~4.9 token rows; cannot resolve sub-block spatial detail
R1->P,16,8,DENSE,0.5,DENSE: entropy=0.95>0.7; many_blocks_above_0.01=31,,,,block_size=256 spans ~4.9 token rows; cannot resolve sub-block spatial detail
R1->X,16,8,DENSE,0.7666666666666666,DENSE: entropy=0.90>0.7; max_block=0.028<0.03; many_blocks_above_0.01=28,,,,block_size=256 spans ~4.9 token rows; cannot resolve sub-block spatial detail
P->X,16,9,DENSE,0.5,DENSE: entropy=0.95>0.7; many_blocks_above_0.01=28,,,"[0, 1, 2, 3, 4, 5]",block_size=256 spans ~4.9 token rows; cannot resolve sub-block spatial detail
P->S,16,9,DENSE,0.5,DENSE: entropy=0.94>0.7; many_blocks_above_0.01=30,,,"[0, 1, 2, 3, 4, 5, 6, 7, 8, 9, 10, 11, 12, 13, 14, 15, 16, 17, 18, 19, 20, 21, 22, 23, 24, 25, 26, 27]",block_size=256 spans ~4.9 token rows; cannot resolve sub-block spatial detail
P->R1,16,9,DENSE,0.5,DENSE: entropy=0.95>0.7; many_blocks_above_0.01=30,,,"[0, 1, 2, 3, 4, 5, 6, 7, 8, 9, 10, 11, 12, 13, 14, 15, 16, 17, 18, 19, 20, 21, 22, 23, 24, 25, 26, 27]",block_size=256 spans ~4.9 token rows; cannot resolve sub-block spatial detail
X->P,16,9,DENSE,0.5,DENSE: entropy=0.97>0.7; many_blocks_above_0.01=31,,,,block_size=256 spans ~4.9 token rows; cannot resolve sub-block spatial detail
S->P,16,9,DENSE,0.5,DENSE: entropy=0.96>0.7; many_blocks_above_0.01=31,,,,block_size=256 spans ~4.9 token rows; cannot resolve sub-block spatial detail
S->X,16,9,DENSE,0.5,DENSE: entropy=0.77>0.7; many_blocks_above_0.01=23,,,,block_size=256 spans ~4.9 token rows; cannot resolve sub-block spatial detail
S->S,16,9,DENSE,0.5,DENSE: entropy=0.76>0.7; many_blocks_above_0.01=23,,,,block_size=256 spans ~4.9 token rows; cannot resolve sub-block spatial detail
R1->P,16,9,DENSE,0.5,DENSE: entropy=0.96>0.7; many_blocks_above_0.01=31,,,,block_size=256 spans ~4.9 token rows; cannot resolve sub-block spatial detail
R1->X,16,9,DENSE,0.5,DENSE: entropy=0.76>0.7; many_blocks_above_0.01=32,,,,block_size=256 spans ~4.9 token rows; cannot resolve sub-block spatial detail
P->X,16,10,DENSE,0.5,DENSE: entropy=0.95>0.7; many_blocks_above_0.01=29,,,"[0, 1, 2, 3, 4, 5, 6, 7, 8, 9, 10, 11, 12, 13, 14]",block_size=256 spans ~4.9 token rows; cannot resolve sub-block spatial detail
P->S,16,10,DENSE,0.5,DENSE: entropy=0.88>0.7; many_blocks_above_0.01=21,,,"[19, 20]",block_size=256 spans ~4.9 token rows; cannot resolve sub-block spatial detail
P->R1,16,10,DENSE,0.5,DENSE: entropy=0.93>0.7; many_blocks_above_0.01=29,,,"[25, 26, 27]",block_size=256 spans ~4.9 token rows; cannot resolve sub-block spatial detail
X->P,16,10,DENSE,0.5,DENSE: entropy=0.98>0.7; many_blocks_above_0.01=32,,,,block_size=256 spans ~4.9 token rows; cannot resolve sub-block spatial detail
X->X,16,10,DENSE,0.5,DENSE: entropy=0.73>0.7; many_blocks_above_0.01=32,,,,block_size=256 spans ~4.9 token rows; cannot resolve sub-block spatial detail
S->P,16,10,DENSE,0.5,DENSE: entropy=0.87>0.7; many_blocks_above_0.01=30,,,,block_size=256 spans ~4.9 token rows; cannot resolve sub-block spatial detail
R1->P,16,10,DENSE,0.5,DENSE: entropy=0.95>0.7; many_blocks_above_0.01=31,,,,block_size=256 spans ~4.9 token rows; cannot resolve sub-block spatial detail
R1->X,16,10,DENSE,0.5,DENSE: entropy=0.84>0.7; many_blocks_above_0.01=33,,,,block_size=256 spans ~4.9 token rows; cannot resolve sub-block spatial detail
P->X,16,11,DENSE,0.5,DENSE: entropy=0.90>0.7; many_blocks_above_0.01=22,,,"[0, 19, 20, 21, 22, 23]",block_size=256 spans ~4.9 token rows; cannot resolve sub-block spatial detail
P->S,16,11,DENSE,0.5,DENSE: entropy=0.86>0.7; many_blocks_above_0.01=21,,,,block_size=256 spans ~4.9 token rows; cannot resolve sub-block spatial detail
P->R1,16,11,DENSE,0.5,DENSE: entropy=0.95>0.7; many_blocks_above_0.01=31,,,"[1, 2, 3, 4, 5, 6, 7, 8, 9, 10, 11, 12, 13, 14, 15, 16, 17, 18, 19, 20, 21, 22, 23, 24, 25, 26, 27]",block_size=256 spans ~4.9 token rows; cannot resolve sub-block spatial detail
X->P,16,11,DENSE,0.5,DENSE: entropy=0.98>0.7; many_blocks_above_0.01=32,,,,block_size=256 spans ~4.9 token rows; cannot resolve sub-block spatial detail
S->P,16,11,DENSE,0.5,DENSE: entropy=0.91>0.7; many_blocks_above_0.01=30,,,,block_size=256 spans ~4.9 token rows; cannot resolve sub-block spatial detail
R1->P,16,11,DENSE,0.5,DENSE: entropy=0.97>0.7; many_blocks_above_0.01=34,,,,block_size=256 spans ~4.9 token rows; cannot resolve sub-block spatial detail
P->X,16,12,DENSE,0.5,DENSE: entropy=0.92>0.7; many_blocks_above_0.01=27,,,"[0, 1, 12, 13]",block_size=256 spans ~4.9 token rows; cannot resolve sub-block spatial detail
X->P,16,12,DENSE,0.5,DENSE: entropy=0.96>0.7; many_blocks_above_0.01=32,,,,block_size=256 spans ~4.9 token rows; cannot resolve sub-block spatial detail
P->X,16,13,DENSE,0.5,DENSE: entropy=0.94>0.7; many_blocks_above_0.01=28,,,"[0, 1, 2, 3, 4, 5, 6, 7, 8, 9, 10, 11, 12, 13]",block_size=256 spans ~4.9 token rows; cannot resolve sub-block spatial detail
P->S,16,13,DENSE,0.5,DENSE: entropy=0.88>0.7; many_blocks_above_0.01=22,,,"[16, 19, 20]",block_size=256 spans ~4.9 token rows; cannot resolve sub-block spatial detail
P->R1,16,13,DENSE,0.5,DENSE: entropy=0.92>0.7; many_blocks_above_0.01=26,,,"[16, 17, 18, 19, 27]",block_size=256 spans ~4.9 token rows; cannot resolve sub-block spatial detail
X->P,16,13,DENSE,0.5,DENSE: entropy=0.98>0.7; many_blocks_above_0.01=32,,,,block_size=256 spans ~4.9 token rows; cannot resolve sub-block spatial detail
X->X,16,13,DENSE,0.5,DENSE: entropy=0.74>0.7; many_blocks_above_0.01=33,,,,block_size=256 spans ~4.9 token rows; cannot resolve sub-block spatial detail
S->P,16,13,DENSE,0.5,DENSE: entropy=0.90>0.7; many_blocks_above_0.01=32,,,,block_size=256 spans ~4.9 token rows; cannot resolve sub-block spatial detail
R1->P,16,13,DENSE,0.5,DENSE: entropy=0.93>0.7; many_blocks_above_0.01=29,,,,block_size=256 spans ~4.9 token rows; cannot resolve sub-block spatial detail
P->X,16,14,DENSE,0.5,DENSE: entropy=0.90>0.7; many_blocks_above_0.01=22,,,"[19, 20, 21, 22, 23, 24, 25, 26, 27]",block_size=256 spans ~4.9 token rows; cannot resolve sub-block spatial detail
X->P,16,14,DENSE,0.5,DENSE: entropy=0.97>0.7; many_blocks_above_0.01=31,,,,block_size=256 spans ~4.9 token rows; cannot resolve sub-block spatial detail
S->P,16,14,DENSE,0.5,DENSE: entropy=0.88>0.7; many_blocks_above_0.01=26,,,,block_size=256 spans ~4.9 token rows; cannot resolve sub-block spatial detail
S->X,16,14,DENSE,0.5,DENSE: entropy=0.77>0.7; many_blocks_above_0.01=30,,,,block_size=256 spans ~4.9 token rows; cannot resolve sub-block spatial detail
S->S,16,14,DENSE,0.5,DENSE: entropy=0.82>0.7; many_blocks_above_0.01=33,,,,block_size=256 spans ~4.9 token rows; cannot resolve sub-block spatial detail
R1->P,16,14,DENSE,0.5,DENSE: entropy=0.91>0.7; many_blocks_above_0.01=21,,,,block_size=256 spans ~4.9 token rows; cannot resolve sub-block spatial detail
R1->X,16,14,DENSE,0.5,DENSE: entropy=0.83>0.7; many_blocks_above_0.01=32,,,,block_size=256 spans ~4.9 token rows; cannot resolve sub-block spatial detail
R1->R1,16,14,DENSE,0.5,DENSE: entropy=0.79>0.7; many_blocks_above_0.01=28,,,,block_size=256 spans ~4.9 token rows; cannot resolve sub-block spatial detail
X->P,16,15,DENSE,0.3333333333333333,DENSE: entropy=0.90>0.7,,,,block_size=256 spans ~4.9 token rows; cannot resolve sub-block spatial detail
S->P,16,15,DENSE,0.3333333333333333,DENSE: entropy=0.87>0.7,,,,block_size=256 spans ~4.9 token rows; cannot resolve sub-block spatial detail
R1->P,16,15,DENSE,0.5,DENSE: entropy=0.91>0.7; many_blocks_above_0.01=23,,,,block_size=256 spans ~4.9 token rows; cannot resolve sub-block spatial detail
P->X,16,16,DENSE,0.5,DENSE: entropy=0.94>0.7; many_blocks_above_0.01=28,,,"[0, 1, 2, 3, 4, 5, 6, 7, 8, 9, 10, 11, 12, 13, 14, 15, 16, 17, 18, 19, 20, 21, 22, 23, 24]",block_size=256 spans ~4.9 token rows; cannot resolve sub-block spatial detail
P->R1,16,16,DENSE,0.5,DENSE: entropy=0.98>0.7; many_blocks_above_0.01=33,,,"[0, 1, 2, 3, 4, 5, 6, 7, 8, 9, 10, 11, 12, 13, 14, 15, 16, 17, 18, 19, 20, 21, 22, 23, 24, 25, 26, 27]",block_size=256 spans ~4.9 token rows; cannot resolve sub-block spatial detail
X->P,16,16,DENSE,0.5,DENSE: entropy=0.98>0.7; many_blocks_above_0.01=31,,,,block_size=256 spans ~4.9 token rows; cannot resolve sub-block spatial detail
S->P,16,16,DENSE,0.5,DENSE: entropy=0.93>0.7; many_blocks_above_0.01=26,,,,block_size=256 spans ~4.9 token rows; cannot resolve sub-block spatial detail
R1->P,16,16,DENSE,0.5,DENSE: entropy=0.92>0.7; many_blocks_above_0.01=25,,,,block_size=256 spans ~4.9 token rows; cannot resolve sub-block spatial detail
P->X,16,17,DENSE,0.5,DENSE: entropy=0.96>0.7; many_blocks_above_0.01=29,,,"[0, 3, 4, 5, 6, 7, 8, 9, 10, 11, 12, 13, 14, 15, 16, 17, 18, 19, 20, 21, 22]",block_size=256 spans ~4.9 token rows; cannot resolve sub-block spatial detail
X->P,16,17,DENSE,0.5,DENSE: entropy=0.92>0.7; many_blocks_above_0.01=23,,,,block_size=256 spans ~4.9 token rows; cannot resolve sub-block spatial detail
X->X,16,17,DENSE,0.7666666666666666,DENSE: entropy=0.88>0.7; max_block=0.028<0.03; many_blocks_above_0.01=31,,,,block_size=256 spans ~4.9 token rows; cannot resolve sub-block spatial detail
P->X,16,18,DENSE,0.5,DENSE: entropy=0.96>0.7; many_blocks_above_0.01=30,,,,block_size=256 spans ~4.9 token rows; cannot resolve sub-block spatial detail
P->S,16,18,DENSE,0.5,DENSE: entropy=0.84>0.7; many_blocks_above_0.01=21,,,,block_size=256 spans ~4.9 token rows; cannot resolve sub-block spatial detail
P->R1,16,18,DENSE,0.5,DENSE: entropy=0.96>0.7; many_blocks_above_0.01=32,,,"[0, 1, 2, 3, 4, 5, 6, 7, 8, 9, 10, 11, 12, 13, 14, 15, 16, 17, 18, 19, 20, 21, 22, 23, 24, 25, 26, 27]",block_size=256 spans ~4.9 token rows; cannot resolve sub-block spatial detail
X->P,16,18,DENSE,0.3333333333333333,DENSE: entropy=0.90>0.7,,,,block_size=256 spans ~4.9 token rows; cannot resolve sub-block spatial detail
S->P,16,18,DENSE,0.5,DENSE: entropy=0.94>0.7; many_blocks_above_0.01=28,,,,block_size=256 spans ~4.9 token rows; cannot resolve sub-block spatial detail
R1->P,16,18,DENSE,0.3333333333333333,DENSE: entropy=0.90>0.7,,,,block_size=256 spans ~4.9 token rows; cannot resolve sub-block spatial detail
R1->X,16,18,DENSE,0.5,DENSE: entropy=0.84>0.7; many_blocks_above_0.01=26,,,,block_size=256 spans ~4.9 token rows; cannot resolve sub-block spatial detail
P->X,16,19,DENSE,0.5,DENSE: entropy=0.95>0.7; many_blocks_above_0.01=28,,,"[0, 1, 2, 3, 4, 5, 6, 7, 8, 9, 10, 11, 12, 13, 14, 15, 16, 17]",block_size=256 spans ~4.9 token rows; cannot resolve sub-block spatial detail
P->S,16,19,DENSE,0.5,DENSE: entropy=0.86>0.7; many_blocks_above_0.01=20,,,,block_size=256 spans ~4.9 token rows; cannot resolve sub-block spatial detail
P->R1,16,19,DENSE,0.5,DENSE: entropy=0.97>0.7; many_blocks_above_0.01=33,,,[27],block_size=256 spans ~4.9 token rows; cannot resolve sub-block spatial detail
X->P,16,19,DENSE,0.5,DENSE: entropy=0.93>0.7; many_blocks_above_0.01=27,,,"[0, 1, 2, 3]",block_size=256 spans ~4.9 token rows; cannot resolve sub-block spatial detail
S->P,16,19,DENSE,0.5,DENSE: entropy=0.98>0.7; many_blocks_above_0.01=33,,,,block_size=256 spans ~4.9 token rows; cannot resolve sub-block spatial detail
S->X,16,19,DENSE,0.5,DENSE: entropy=0.80>0.7; many_blocks_above_0.01=20,,,,block_size=256 spans ~4.9 token rows; cannot resolve sub-block spatial detail
R1->P,16,19,DENSE,0.5,DENSE: entropy=0.97>0.7; many_blocks_above_0.01=33,,,,block_size=256 spans ~4.9 token rows; cannot resolve sub-block spatial detail
R1->X,16,19,DENSE,0.5,DENSE: entropy=0.81>0.7; many_blocks_above_0.01=32,,,,block_size=256 spans ~4.9 token rows; cannot resolve sub-block spatial detail
X->P,16,20,DENSE,0.3333333333333333,DENSE: entropy=0.90>0.7,,,,block_size=256 spans ~4.9 token rows; cannot resolve sub-block spatial detail
S->P,16,20,DENSE,0.3333333333333333,DENSE: entropy=0.83>0.7,,,,block_size=256 spans ~4.9 token rows; cannot resolve sub-block spatial detail
R1->P,16,20,DENSE,0.3333333333333333,DENSE: entropy=0.88>0.7,,,,block_size=256 spans ~4.9 token rows; cannot resolve sub-block spatial detail
P->X,16,21,DENSE,0.5,DENSE: entropy=0.96>0.7; many_blocks_above_0.01=29,,,"[0, 1, 2, 3, 4, 5, 6, 7, 8, 9, 10, 11, 12, 13, 14, 15]",block_size=256 spans ~4.9 token rows; cannot resolve sub-block spatial detail
P->S,16,21,DENSE,0.3333333333333333,DENSE: entropy=0.86>0.7,,,,block_size=256 spans ~4.9 token rows; cannot resolve sub-block spatial detail
P->R1,16,21,DENSE,0.5,DENSE: entropy=0.97>0.7; many_blocks_above_0.01=32,,,"[20, 21, 22, 23, 24, 25, 26, 27]",block_size=256 spans ~4.9 token rows; cannot resolve sub-block spatial detail
X->P,16,21,DENSE,0.5,DENSE: entropy=0.97>0.7; many_blocks_above_0.01=31,,,,block_size=256 spans ~4.9 token rows; cannot resolve sub-block spatial detail
S->P,16,21,DENSE,0.5,DENSE: entropy=0.96>0.7; many_blocks_above_0.01=32,,,,block_size=256 spans ~4.9 token rows; cannot resolve sub-block spatial detail
R1->P,16,21,DENSE,0.5,DENSE: entropy=0.98>0.7; many_blocks_above_0.01=33,,,,block_size=256 spans ~4.9 token rows; cannot resolve sub-block spatial detail
R1->X,16,21,DENSE,0.5,DENSE: entropy=0.81>0.7; many_blocks_above_0.01=32,,,,block_size=256 spans ~4.9 token rows; cannot resolve sub-block spatial detail
X->P,16,22,DENSE,0.3333333333333333,DENSE: entropy=0.88>0.7,,,,block_size=256 spans ~4.9 token rows; cannot resolve sub-block spatial detail
S->P,16,22,DENSE,0.5,DENSE: entropy=0.90>0.7; many_blocks_above_0.01=25,,,,block_size=256 spans ~4.9 token rows; cannot resolve sub-block spatial detail
P->X,16,23,DENSE,0.5,DENSE: entropy=0.96>0.7; many_blocks_above_0.01=28,,,"[0, 1, 2, 3, 4, 5, 6, 7, 8, 9, 10, 11, 12, 13, 14, 15, 16, 17, 18]",block_size=256 spans ~4.9 token rows; cannot resolve sub-block spatial detail
P->S,16,23,DENSE,0.5,DENSE: entropy=0.98>0.7; many_blocks_above_0.01=34,,,"[0, 1, 2, 3, 4, 5, 6, 7, 8, 9, 10, 11, 12, 13, 14, 15, 16, 17, 18, 19, 20, 21, 22, 23, 24, 25, 26, 27]",block_size=256 spans ~4.9 token rows; cannot resolve sub-block spatial detail
P->R1,16,23,DENSE,0.5,DENSE: entropy=0.92>0.7; many_blocks_above_0.01=27,,,"[0, 1, 2, 3, 4, 5, 6, 7, 8, 9, 10, 11, 12, 13, 14, 15, 16, 17, 18, 19, 20, 21, 22, 26, 27]",block_size=256 spans ~4.9 token rows; cannot resolve sub-block spatial detail
X->P,16,23,DENSE,0.5,DENSE: entropy=0.99>0.7; many_blocks_above_0.01=32,,,,block_size=256 spans ~4.9 token rows; cannot resolve sub-block spatial detail
X->X,16,23,DENSE,0.3333333333333333,DENSE: entropy=0.86>0.7,,,,block_size=256 spans ~4.9 token rows; cannot resolve sub-block spatial detail
X->S,16,23,DENSE,0.5,DENSE: entropy=0.81>0.7; many_blocks_above_0.01=22,,,,block_size=256 spans ~4.9 token rows; cannot resolve sub-block spatial detail
X->R1,16,23,DENSE,0.5,DENSE: entropy=0.89>0.7; many_blocks_above_0.01=27,,,,block_size=256 spans ~4.9 token rows; cannot resolve sub-block spatial detail
S->P,16,23,DENSE,0.5,DENSE: entropy=0.98>0.7; many_blocks_above_0.01=34,,,,block_size=256 spans ~4.9 token rows; cannot resolve sub-block spatial detail
S->X,16,23,DENSE,0.3333333333333333,DENSE: entropy=0.78>0.7,,,,block_size=256 spans ~4.9 token rows; cannot resolve sub-block spatial detail
S->S,16,23,DENSE,0.7666666666666666,DENSE: entropy=0.90>0.7; max_block=0.025<0.03; many_blocks_above_0.01=24,,,,block_size=256 spans ~4.9 token rows; cannot resolve sub-block spatial detail
S->R1,16,23,DENSE,0.3333333333333333,DENSE: entropy=0.93>0.7,,,,block_size=256 spans ~4.9 token rows; cannot resolve sub-block spatial detail
R1->P,16,23,DENSE,0.5,DENSE: entropy=0.98>0.7; many_blocks_above_0.01=34,,,,block_size=256 spans ~4.9 token rows; cannot resolve sub-block spatial detail
R1->X,16,23,DENSE,0.7666666666666666,DENSE: entropy=0.93>0.7; max_block=0.020<0.03; many_blocks_above_0.01=25,,,,block_size=256 spans ~4.9 token rows; cannot resolve sub-block spatial detail
R1->R1,16,23,DENSE,0.3333333333333333,DENSE: entropy=0.88>0.7,,,,block_size=256 spans ~4.9 token rows; cannot resolve sub-block spatial detail
P->X,17,0,DENSE,0.5,DENSE: entropy=0.96>0.7; many_blocks_above_0.01=31,,,"[0, 1, 2, 3, 4, 5, 6, 7, 8, 9, 10, 11, 12, 13, 14, 15, 16, 17, 18, 19, 20, 21, 22, 23, 24, 25, 26, 27]",block_size=256 spans ~4.9 token rows; cannot resolve sub-block spatial detail
P->S,17,0,DENSE,0.5,DENSE: entropy=0.93>0.7; many_blocks_above_0.01=28,,,"[0, 1, 2, 3, 4, 5, 6, 7, 8, 9, 10, 11, 12, 13, 14, 15, 16, 17, 18, 19, 20, 21, 22, 23, 24]",block_size=256 spans ~4.9 token rows; cannot resolve sub-block spatial detail
P->R1,17,0,DENSE,0.5,DENSE: entropy=0.97>0.7; many_blocks_above_0.01=32,,,"[0, 1, 2, 3, 4, 5, 6, 7, 8, 9, 10, 11, 12, 13, 14, 15, 16, 17, 18, 19, 20, 21, 22, 23, 24, 25, 26, 27]",block_size=256 spans ~4.9 token rows; cannot resolve sub-block spatial detail
X->P,17,0,DENSE,0.3333333333333333,DENSE: entropy=0.86>0.7,,,,block_size=256 spans ~4.9 token rows; cannot resolve sub-block spatial detail
X->X,17,0,DENSE,0.6,DENSE: entropy=0.95>0.7; max_block=0.019<0.03,,,,block_size=256 spans ~4.9 token rows; cannot resolve sub-block spatial detail
X->S,17,0,DENSE,0.5,DENSE: entropy=0.77>0.7; many_blocks_above_0.01=30,,,,block_size=256 spans ~4.9 token rows; cannot resolve sub-block spatial detail
X->R1,17,0,DENSE,0.7666666666666666,DENSE: entropy=0.91>0.7; max_block=0.025<0.03; many_blocks_above_0.01=26,,,,block_size=256 spans ~4.9 token rows; cannot resolve sub-block spatial detail
S->P,17,0,DENSE,0.5,DENSE: entropy=0.92>0.7; many_blocks_above_0.01=25,,,,block_size=256 spans ~4.9 token rows; cannot resolve sub-block spatial detail
S->X,17,0,DENSE,0.3333333333333333,DENSE: entropy=0.89>0.7,,,,block_size=256 spans ~4.9 token rows; cannot resolve sub-block spatial detail
S->S,17,0,DENSE,0.5,DENSE: entropy=0.78>0.7; many_blocks_above_0.01=24,,,,block_size=256 spans ~4.9 token rows; cannot resolve sub-block spatial detail
S->R1,17,0,DENSE,0.3333333333333333,DENSE: entropy=0.89>0.7,,,,block_size=256 spans ~4.9 token rows; cannot resolve sub-block spatial detail
R1->P,17,0,DENSE,0.3333333333333333,DENSE: entropy=0.90>0.7,,,,block_size=256 spans ~4.9 token rows; cannot resolve sub-block spatial detail
R1->S,17,0,DENSE,0.5,DENSE: entropy=0.79>0.7; many_blocks_above_0.01=22,,,,block_size=256 spans ~4.9 token rows; cannot resolve sub-block spatial detail
R1->R1,17,0,DENSE,0.6,DENSE: entropy=0.91>0.7; max_block=0.026<0.03,,,,block_size=256 spans ~4.9 token rows; cannot resolve sub-block spatial detail
P->X,17,1,DENSE,0.5,DENSE: entropy=0.94>0.7; many_blocks_above_0.01=27,,,"[12, 13, 14, 15, 16, 17, 18, 19, 20, 21, 22, 23, 24, 25, 26, 27]",block_size=256 spans ~4.9 token rows; cannot resolve sub-block spatial detail
X->P,17,1,DENSE,0.3333333333333333,DENSE: entropy=0.87>0.7,,,,block_size=256 spans ~4.9 token rows; cannot resolve sub-block spatial detail
X->X,17,1,DENSE,0.7666666666666666,DENSE: entropy=0.89>0.7; max_block=0.027<0.03; many_blocks_above_0.01=29,,,,block_size=256 spans ~4.9 token rows; cannot resolve sub-block spatial detail
S->P,17,1,DENSE,0.5,DENSE: entropy=0.90>0.7; many_blocks_above_0.01=21,,,,block_size=256 spans ~4.9 token rows; cannot resolve sub-block spatial detail
S->X,17,1,DENSE,0.3333333333333333,DENSE: entropy=0.76>0.7,,,,block_size=256 spans ~4.9 token rows; cannot resolve sub-block spatial detail
S->S,17,1,DENSE,0.7666666666666666,DENSE: entropy=0.85>0.7; max_block=0.029<0.03; many_blocks_above_0.01=33,,,,block_size=256 spans ~4.9 token rows; cannot resolve sub-block spatial detail
R1->P,17,1,DENSE,0.3333333333333333,DENSE: entropy=0.88>0.7,,,,block_size=256 spans ~4.9 token rows; cannot resolve sub-block spatial detail
R1->X,17,1,DENSE,0.7666666666666666,DENSE: entropy=0.90>0.7; max_block=0.026<0.03; many_blocks_above_0.01=24,,,,block_size=256 spans ~4.9 token rows; cannot resolve sub-block spatial detail
R1->R1,17,1,DENSE,0.5,DENSE: entropy=0.87>0.7; many_blocks_above_0.01=25,,,,block_size=256 spans ~4.9 token rows; cannot resolve sub-block spatial detail
P->X,17,2,DENSE,0.5,DENSE: entropy=0.95>0.7; many_blocks_above_0.01=28,,,"[0, 1, 2, 3, 4, 5, 6, 7, 8, 9, 10, 11, 12, 13, 14, 15]",block_size=256 spans ~4.9 token rows; cannot resolve sub-block spatial detail
P->S,17,2,DENSE,0.5,DENSE: entropy=0.89>0.7; many_blocks_above_0.01=22,,,"[15, 16, 17, 18, 19, 20]",block_size=256 spans ~4.9 token rows; cannot resolve sub-block spatial detail
P->R1,17,2,DENSE,0.5,DENSE: entropy=0.97>0.7; many_blocks_above_0.01=32,,,"[16, 17, 18, 19, 20, 21, 22, 23, 24, 25, 26, 27]",block_size=256 spans ~4.9 token rows; cannot resolve sub-block spatial detail
X->P,17,2,DENSE,0.5,DENSE: entropy=0.96>0.7; many_blocks_above_0.01=31,,,,block_size=256 spans ~4.9 token rows; cannot resolve sub-block spatial detail
X->X,17,2,DENSE,0.5,DENSE: entropy=0.78>0.7; many_blocks_above_0.01=27,,,,block_size=256 spans ~4.9 token rows; cannot resolve sub-block spatial detail
S->P,17,2,DENSE,0.5,DENSE: entropy=0.96>0.7; many_blocks_above_0.01=31,,,,block_size=256 spans ~4.9 token rows; cannot resolve sub-block spatial detail
S->X,17,2,DENSE,0.3333333333333333,DENSE: entropy=0.83>0.7,,,,block_size=256 spans ~4.9 token rows; cannot resolve sub-block spatial detail
S->S,17,2,DENSE,0.5,DENSE: entropy=0.83>0.7; many_blocks_above_0.01=28,,,,block_size=256 spans ~4.9 token rows; cannot resolve sub-block spatial detail
R1->P,17,2,DENSE,0.5,DENSE: entropy=0.96>0.7; many_blocks_above_0.01=30,,,,block_size=256 spans ~4.9 token rows; cannot resolve sub-block spatial detail
R1->X,17,2,DENSE,0.5,DENSE: entropy=0.85>0.7; many_blocks_above_0.01=24,,,,block_size=256 spans ~4.9 token rows; cannot resolve sub-block spatial detail
R1->R1,17,2,DENSE,0.5,DENSE: entropy=0.79>0.7; many_blocks_above_0.01=29,,,,block_size=256 spans ~4.9 token rows; cannot resolve sub-block spatial detail
P->P,17,3,DENSE,0.3333333333333333,DENSE: entropy=0.90>0.7,,,"[6, 7, 8, 9, 15, 16, 17, 18]",block_size=256 spans ~4.9 token rows; cannot resolve sub-block spatial detail
P->X,17,3,DENSE,0.5,DENSE: entropy=0.96>0.7; many_blocks_above_0.01=31,,,,block_size=256 spans ~4.9 token rows; cannot resolve sub-block spatial detail
P->S,17,3,DENSE,0.5,DENSE: entropy=0.77>0.7; many_blocks_above_0.01=22,,,,block_size=256 spans ~4.9 token rows; cannot resolve sub-block spatial detail
P->R1,17,3,DENSE,0.5,DENSE: entropy=0.93>0.7; many_blocks_above_0.01=30,,,"[2, 3, 4, 5, 6, 7, 8, 9, 10, 11, 12, 13, 14, 15, 16, 17, 18, 19, 20, 21, 22, 23, 24, 25, 26, 27]",block_size=256 spans ~4.9 token rows; cannot resolve sub-block spatial detail
X->P,17,3,DENSE,0.3333333333333333,DENSE: entropy=0.87>0.7,,,,block_size=256 spans ~4.9 token rows; cannot resolve sub-block spatial detail
X->X,17,3,DENSE,0.7666666666666666,DENSE: entropy=0.87>0.7; max_block=0.028<0.03; many_blocks_above_0.01=35,,,,block_size=256 spans ~4.9 token rows; cannot resolve sub-block spatial detail
S->P,17,3,DENSE,0.5,DENSE: entropy=0.92>0.7; many_blocks_above_0.01=22,,,,block_size=256 spans ~4.9 token rows; cannot resolve sub-block spatial detail
S->X,17,3,DENSE,0.3333333333333333,DENSE: entropy=0.90>0.7,,,,block_size=256 spans ~4.9 token rows; cannot resolve sub-block spatial detail
S->S,17,3,DENSE,0.5,DENSE: entropy=0.80>0.7; many_blocks_above_0.01=29,,,,block_size=256 spans ~4.9 token rows; cannot resolve sub-block spatial detail
R1->X,17,3,DENSE,0.5,DENSE: entropy=0.90>0.7; many_blocks_above_0.01=29,,,,block_size=256 spans ~4.9 token rows; cannot resolve sub-block spatial detail
R1->R1,17,3,DENSE,0.5,DENSE: entropy=0.77>0.7; many_blocks_above_0.01=27,,,,block_size=256 spans ~4.9 token rows; cannot resolve sub-block spatial detail
P->X,17,5,DENSE,0.5,DENSE: entropy=1.00>0.7; many_blocks_above_0.01=32,,,,block_size=256 spans ~4.9 token rows; cannot resolve sub-block spatial detail
P->S,17,5,DENSE,0.5,DENSE: entropy=0.74>0.7; many_blocks_above_0.01=20,,,,block_size=256 spans ~4.9 token rows; cannot resolve sub-block spatial detail
X->P,17,5,DENSE,0.5,DENSE: entropy=0.95>0.7; many_blocks_above_0.01=29,,,,block_size=256 spans ~4.9 token rows; cannot resolve sub-block spatial detail
P->X,17,6,DENSE,0.5,DENSE: entropy=0.94>0.7; many_blocks_above_0.01=26,,,"[0, 1, 2, 3, 4, 5, 6, 7, 8, 9, 10, 11, 12, 13, 14, 15, 16, 17, 18, 19, 20, 21, 22, 23, 24, 25, 26, 27]",block_size=256 spans ~4.9 token rows; cannot resolve sub-block spatial detail
P->S,17,6,DENSE,0.5,DENSE: entropy=0.84>0.7; many_blocks_above_0.01=20,,,,block_size=256 spans ~4.9 token rows; cannot resolve sub-block spatial detail
P->R1,17,6,DENSE,0.5,DENSE: entropy=0.93>0.7; many_blocks_above_0.01=32,,,"[4, 5, 6, 7, 8, 9, 10, 11, 12, 13, 14, 15, 16, 17, 18, 19, 20, 21, 22, 23, 24, 25, 26, 27]",block_size=256 spans ~4.9 token rows; cannot resolve sub-block spatial detail
X->P,17,6,DENSE,0.5,DENSE: entropy=0.97>0.7; many_blocks_above_0.01=31,,,,block_size=256 spans ~4.9 token rows; cannot resolve sub-block spatial detail
S->P,17,6,DENSE,0.5,DENSE: entropy=0.96>0.7; many_blocks_above_0.01=32,,,,block_size=256 spans ~4.9 token rows; cannot resolve sub-block spatial detail
S->X,17,6,DENSE,0.5,DENSE: entropy=0.85>0.7; many_blocks_above_0.01=30,,,,block_size=256 spans ~4.9 token rows; cannot resolve sub-block spatial detail
R1->P,17,6,DENSE,0.5,DENSE: entropy=0.97>0.7; many_blocks_above_0.01=31,,,,block_size=256 spans ~4.9 token rows; cannot resolve sub-block spatial detail
R1->X,17,6,DENSE,0.5,DENSE: entropy=0.82>0.7; many_blocks_above_0.01=35,,,,block_size=256 spans ~4.9 token rows; cannot resolve sub-block spatial detail
P->X,17,7,DENSE,0.5,DENSE: entropy=0.97>0.7; many_blocks_above_0.01=32,,,"[0, 1, 2, 3, 4, 5, 6, 7, 8, 9, 10, 11, 12, 13, 14, 15, 16, 17, 18, 19, 20, 21, 22, 23, 24, 25, 26, 27]",block_size=256 spans ~4.9 token rows; cannot resolve sub-block spatial detail
X->P,17,7,DENSE,0.5,DENSE: entropy=0.95>0.7; many_blocks_above_0.01=30,,,,block_size=256 spans ~4.9 token rows; cannot resolve sub-block spatial detail
S->P,17,7,DENSE,0.5,DENSE: entropy=0.91>0.7; many_blocks_above_0.01=26,,,,block_size=256 spans ~4.9 token rows; cannot resolve sub-block spatial detail
P->X,17,8,DENSE,0.5,DENSE: entropy=0.96>0.7; many_blocks_above_0.01=30,,,,block_size=256 spans ~4.9 token rows; cannot resolve sub-block spatial detail
P->S,17,8,DENSE,0.3333333333333333,DENSE: entropy=0.77>0.7,,,,block_size=256 spans ~4.9 token rows; cannot resolve sub-block spatial detail
X->P,17,8,DENSE,0.5,DENSE: entropy=0.99>0.7; many_blocks_above_0.01=32,,,,block_size=256 spans ~4.9 token rows; cannot resolve sub-block spatial detail
X->X,17,8,DENSE,0.5,DENSE: entropy=0.83>0.7; many_blocks_above_0.01=28,,,,block_size=256 spans ~4.9 token rows; cannot resolve sub-block spatial detail
S->P,17,8,DENSE,0.5,DENSE: entropy=0.90>0.7; many_blocks_above_0.01=31,,,,block_size=256 spans ~4.9 token rows; cannot resolve sub-block spatial detail
R1->X,17,8,DENSE,0.7666666666666666,DENSE: entropy=0.90>0.7; max_block=0.030<0.03; many_blocks_above_0.01=24,,,,block_size=256 spans ~4.9 token rows; cannot resolve sub-block spatial detail
P->X,17,9,DENSE,0.5,DENSE: entropy=0.97>0.7; many_blocks_above_0.01=32,,,"[0, 1, 2, 3, 4, 5, 6, 7, 8, 9, 10, 11, 12, 13, 14, 15, 16, 17, 18]",block_size=256 spans ~4.9 token rows; cannot resolve sub-block spatial detail
P->S,17,9,DENSE,0.5,DENSE: entropy=0.90>0.7; many_blocks_above_0.01=24,,,"[0, 1, 2, 3, 4, 5, 6, 7, 8, 9, 10, 11, 12]",block_size=256 spans ~4.9 token rows; cannot resolve sub-block spatial detail
P->R1,17,9,DENSE,0.5,DENSE: entropy=0.98>0.7; many_blocks_above_0.01=34,,,"[0, 1, 2, 3, 4, 5, 6, 7, 8, 9, 10, 11, 12, 13, 14, 15, 16, 17, 18, 19, 20, 21, 22, 23, 24, 25, 26, 27]",block_size=256 spans ~4.9 token rows; cannot resolve sub-block spatial detail
X->P,17,9,DENSE,0.5,DENSE: entropy=0.98>0.7; many_blocks_above_0.01=31,,,,block_size=256 spans ~4.9 token rows; cannot resolve sub-block spatial detail
P->X,17,10,DENSE,0.5,DENSE: entropy=0.96>0.7; many_blocks_above_0.01=30,,,"[0, 1, 2, 3, 4, 5, 6, 7, 8, 9, 10, 11, 12, 13, 14]",block_size=256 spans ~4.9 token rows; cannot resolve sub-block spatial detail
P->S,17,10,DENSE,0.5,DENSE: entropy=0.89>0.7; many_blocks_above_0.01=27,,,"[19, 20]",block_size=256 spans ~4.9 token rows; cannot resolve sub-block spatial detail
P->R1,17,10,DENSE,0.5,DENSE: entropy=0.96>0.7; many_blocks_above_0.01=33,,,"[21, 22, 23, 24, 25, 26, 27]",block_size=256 spans ~4.9 token rows; cannot resolve sub-block spatial detail
X->P,17,10,DENSE,0.5,DENSE: entropy=0.96>0.7; many_blocks_above_0.01=30,,,,block_size=256 spans ~4.9 token rows; cannot resolve sub-block spatial detail
X->X,17,10,DENSE,0.5,DENSE: entropy=0.90>0.7; many_blocks_above_0.01=27,,,,block_size=256 spans ~4.9 token rows; cannot resolve sub-block spatial detail
X->R1,17,10,DENSE,0.5,DENSE: entropy=0.86>0.7; many_blocks_above_0.01=31,,,,block_size=256 spans ~4.9 token rows; cannot resolve sub-block spatial detail
S->P,17,10,DENSE,0.5,DENSE: entropy=0.94>0.7; many_blocks_above_0.01=32,,,,block_size=256 spans ~4.9 token rows; cannot resolve sub-block spatial detail
S->S,17,10,DENSE,0.7666666666666666,DENSE: entropy=0.91>0.7; max_block=0.024<0.03; many_blocks_above_0.01=22,,,,block_size=256 spans ~4.9 token rows; cannot resolve sub-block spatial detail
S->R1,17,10,DENSE,0.3333333333333333,DENSE: entropy=0.92>0.7,,,,block_size=256 spans ~4.9 token rows; cannot resolve sub-block spatial detail
R1->P,17,10,DENSE,0.5,DENSE: entropy=0.93>0.7; many_blocks_above_0.01=30,,,,block_size=256 spans ~4.9 token rows; cannot resolve sub-block spatial detail
R1->R1,17,10,DENSE,0.7666666666666666,DENSE: entropy=0.89>0.7; max_block=0.024<0.03; many_blocks_above_0.01=27,,,,block_size=256 spans ~4.9 token rows; cannot resolve sub-block spatial detail
X->P,17,11,DENSE,0.5,DENSE: entropy=0.90>0.7; many_blocks_above_0.01=24,,,,block_size=256 spans ~4.9 token rows; cannot resolve sub-block spatial detail
S->P,17,11,DENSE,0.3333333333333333,DENSE: entropy=0.87>0.7,,,,block_size=256 spans ~4.9 token rows; cannot resolve sub-block spatial detail
R1->P,17,11,DENSE,0.5,DENSE: entropy=0.95>0.7; many_blocks_above_0.01=32,,,,block_size=256 spans ~4.9 token rows; cannot resolve sub-block spatial detail
P->X,17,12,DENSE,0.5,DENSE: entropy=0.96>0.7; many_blocks_above_0.01=30,,,[0],block_size=256 spans ~4.9 token rows; cannot resolve sub-block spatial detail
P->S,17,12,DENSE,0.5,DENSE: entropy=0.93>0.7; many_blocks_above_0.01=28,,,"[0, 1, 2, 3, 4, 5, 6, 7, 8, 9, 10, 11, 12, 13, 14, 15, 16, 17, 18, 19, 20, 21, 22, 23, 24, 25]",block_size=256 spans ~4.9 token rows; cannot resolve sub-block spatial detail
P->R1,17,12,DENSE,0.5,DENSE: entropy=0.96>0.7; many_blocks_above_0.01=31,,,"[0, 1, 2, 3, 4, 5, 6, 7, 8, 9, 10, 11, 12, 13, 14, 15, 16, 17, 18, 19, 20, 21, 22, 23, 24, 25, 26, 27]",block_size=256 spans ~4.9 token rows; cannot resolve sub-block spatial detail
X->P,17,12,DENSE,0.5,DENSE: entropy=0.99>0.7; many_blocks_above_0.01=32,,,,block_size=256 spans ~4.9 token rows; cannot resolve sub-block spatial detail
X->X,17,12,DENSE,0.5,DENSE: entropy=0.80>0.7; many_blocks_above_0.01=22,,,,block_size=256 spans ~4.9 token rows; cannot resolve sub-block spatial detail
S->P,17,12,DENSE,0.5,DENSE: entropy=0.96>0.7; many_blocks_above_0.01=33,,,,block_size=256 spans ~4.9 token rows; cannot resolve sub-block spatial detail
S->X,17,12,DENSE,0.3333333333333333,DENSE: entropy=0.85>0.7,,,,block_size=256 spans ~4.9 token rows; cannot resolve sub-block spatial detail
S->S,17,12,DENSE,0.5,DENSE: entropy=0.80>0.7; many_blocks_above_0.01=24,,,,block_size=256 spans ~4.9 token rows; cannot resolve sub-block spatial detail
S->R1,17,12,DENSE,0.3333333333333333,DENSE: entropy=0.84>0.7,,,,block_size=256 spans ~4.9 token rows; cannot resolve sub-block spatial detail
R1->P,17,12,DENSE,0.5,DENSE: entropy=0.97>0.7; many_blocks_above_0.01=33,,,,block_size=256 spans ~4.9 token rows; cannot resolve sub-block spatial detail
R1->X,17,12,DENSE,0.5,DENSE: entropy=0.84>0.7; many_blocks_above_0.01=32,,,,block_size=256 spans ~4.9 token rows; cannot resolve sub-block spatial detail
P->X,17,13,DENSE,0.5,DENSE: entropy=0.98>0.7; many_blocks_above_0.01=32,,,"[0, 1, 2, 3, 4, 5, 15, 16, 17, 18, 19, 20, 21, 22, 23, 24, 25, 26, 27]",block_size=256 spans ~4.9 token rows; cannot resolve sub-block spatial detail
P->X,17,14,DENSE,0.5,DENSE: entropy=0.96>0.7; many_blocks_above_0.01=30,,,,block_size=256 spans ~4.9 token rows; cannot resolve sub-block spatial detail
P->S,17,14,DENSE,0.5,DENSE: entropy=0.92>0.7; many_blocks_above_0.01=28,,,"[0, 1, 2, 3, 4, 5, 6, 7, 8, 9, 10, 11, 12, 13, 14, 15, 16, 17, 18, 19, 20, 21, 22, 23]",block_size=256 spans ~4.9 token rows; cannot resolve sub-block spatial detail
P->R1,17,14,DENSE,0.5,DENSE: entropy=0.97>0.7; many_blocks_above_0.01=32,,,"[0, 1, 2, 3, 4, 5, 6, 7, 8, 9, 10, 11, 12, 13, 14, 15, 16, 17, 18, 19, 20, 21, 22, 23, 24, 25, 26, 27]",block_size=256 spans ~4.9 token rows; cannot resolve sub-block spatial detail
X->P,17,14,DENSE,0.5,DENSE: entropy=0.93>0.7; many_blocks_above_0.01=23,,,,block_size=256 spans ~4.9 token rows; cannot resolve sub-block spatial detail
X->X,17,14,DENSE,0.3333333333333333,DENSE: entropy=0.79>0.7,,,,block_size=256 spans ~4.9 token rows; cannot resolve sub-block spatial detail
X->R1,17,14,DENSE,0.5,DENSE: entropy=0.80>0.7; many_blocks_above_0.01=32,,,,block_size=256 spans ~4.9 token rows; cannot resolve sub-block spatial detail
S->P,17,14,DENSE,0.5,DENSE: entropy=0.92>0.7; many_blocks_above_0.01=29,,,,block_size=256 spans ~4.9 token rows; cannot resolve sub-block spatial detail
S->X,17,14,DENSE,0.5,DENSE: entropy=0.79>0.7; many_blocks_above_0.01=21,,,,block_size=256 spans ~4.9 token rows; cannot resolve sub-block spatial detail
S->S,17,14,DENSE,0.5,DENSE: entropy=0.85>0.7; many_blocks_above_0.01=29,,,,block_size=256 spans ~4.9 token rows; cannot resolve sub-block spatial detail
S->R1,17,14,DENSE,0.5,DENSE: entropy=0.82>0.7; many_blocks_above_0.01=23,,,,block_size=256 spans ~4.9 token rows; cannot resolve sub-block spatial detail
R1->P,17,14,DENSE,0.5,DENSE: entropy=0.90>0.7; many_blocks_above_0.01=21,,,,block_size=256 spans ~4.9 token rows; cannot resolve sub-block spatial detail
R1->X,17,14,DENSE,0.7666666666666666,DENSE: entropy=0.89>0.7; max_block=0.028<0.03; many_blocks_above_0.01=29,,,,block_size=256 spans ~4.9 token rows; cannot resolve sub-block spatial detail
R1->S,17,14,DENSE,0.5,DENSE: entropy=0.83>0.7; many_blocks_above_0.01=23,,,,block_size=256 spans ~4.9 token rows; cannot resolve sub-block spatial detail
R1->R1,17,14,DENSE,0.7666666666666666,DENSE: entropy=0.88>0.7; max_block=0.026<0.03; many_blocks_above_0.01=24,,,,block_size=256 spans ~4.9 token rows; cannot resolve sub-block spatial detail
P->X,17,15,DENSE,0.5,DENSE: entropy=0.96>0.7; many_blocks_above_0.01=31,,,"[0, 1, 2, 3]",block_size=256 spans ~4.9 token rows; cannot resolve sub-block spatial detail
P->S,17,15,DENSE,0.3333333333333333,DENSE: entropy=0.85>0.7,,,,block_size=256 spans ~4.9 token rows; cannot resolve sub-block spatial detail
P->R1,17,15,DENSE,0.5,DENSE: entropy=0.96>0.7; many_blocks_above_0.01=31,,,"[22, 23, 24, 25, 26, 27]",block_size=256 spans ~4.9 token rows; cannot resolve sub-block spatial detail
X->P,17,15,DENSE,0.5,DENSE: entropy=0.97>0.7; many_blocks_above_0.01=31,,,,block_size=256 spans ~4.9 token rows; cannot resolve sub-block spatial detail
R1->P,17,15,DENSE,0.5,DENSE: entropy=0.96>0.7; many_blocks_above_0.01=33,,,,block_size=256 spans ~4.9 token rows; cannot resolve sub-block spatial detail
R1->X,17,15,DENSE,0.5,DENSE: entropy=0.81>0.7; many_blocks_above_0.01=33,,,,block_size=256 spans ~4.9 token rows; cannot resolve sub-block spatial detail
P->X,17,16,DENSE,0.5,DENSE: entropy=0.95>0.7; many_blocks_above_0.01=28,,,"[0, 1, 2]",block_size=256 spans ~4.9 token rows; cannot resolve sub-block spatial detail
P->S,17,16,DENSE,0.5,DENSE: entropy=0.89>0.7; many_blocks_above_0.01=23,,,"[1, 2, 5, 20]",block_size=256 spans ~4.9 token rows; cannot resolve sub-block spatial detail
P->R1,17,16,DENSE,0.5,DENSE: entropy=0.96>0.7; many_blocks_above_0.01=34,,,"[10, 11, 12, 13, 14, 15, 16, 17, 18, 19, 20, 21, 22, 23, 24, 25, 26, 27]",block_size=256 spans ~4.9 token rows; cannot resolve sub-block spatial detail
X->P,17,16,DENSE,0.5,DENSE: entropy=0.96>0.7; many_blocks_above_0.01=32,,,,block_size=256 spans ~4.9 token rows; cannot resolve sub-block spatial detail
X->S,17,16,DENSE,0.5,DENSE: entropy=0.79>0.7; many_blocks_above_0.01=25,,,,block_size=256 spans ~4.9 token rows; cannot resolve sub-block spatial detail
X->R1,17,16,DENSE,0.5,DENSE: entropy=0.87>0.7; many_blocks_above_0.01=28,,,,block_size=256 spans ~4.9 token rows; cannot resolve sub-block spatial detail
S->P,17,16,DENSE,0.5,DENSE: entropy=0.96>0.7; many_blocks_above_0.01=32,,,,block_size=256 spans ~4.9 token rows; cannot resolve sub-block spatial detail
S->X,17,16,DENSE,0.3333333333333333,DENSE: entropy=0.92>0.7,,,,block_size=256 spans ~4.9 token rows; cannot resolve sub-block spatial detail
S->S,17,16,DENSE,0.5,DENSE: entropy=0.89>0.7; many_blocks_above_0.01=24,,,,block_size=256 spans ~4.9 token rows; cannot resolve sub-block spatial detail
R1->P,17,16,DENSE,0.5,DENSE: entropy=0.97>0.7; many_blocks_above_0.01=34,,,,block_size=256 spans ~4.9 token rows; cannot resolve sub-block spatial detail
R1->X,17,16,DENSE,0.6,DENSE: entropy=0.96>0.7; max_block=0.019<0.03,,,,block_size=256 spans ~4.9 token rows; cannot resolve sub-block spatial detail
R1->S,17,16,DENSE,0.3333333333333333,DENSE: entropy=0.79>0.7,,,,block_size=256 spans ~4.9 token rows; cannot resolve sub-block spatial detail
R1->R1,17,16,DENSE,0.5,DENSE: entropy=0.87>0.7; many_blocks_above_0.01=28,,,,block_size=256 spans ~4.9 token rows; cannot resolve sub-block spatial detail
X->P,17,17,DENSE,0.3333333333333333,DENSE: entropy=0.90>0.7,,,,block_size=256 spans ~4.9 token rows; cannot resolve sub-block spatial detail
R1->X,17,17,DENSE,0.5,DENSE: entropy=0.80>0.7; many_blocks_above_0.01=36,,,,block_size=256 spans ~4.9 token rows; cannot resolve sub-block spatial detail
X->P,17,18,DENSE,0.3333333333333333,DENSE: entropy=0.89>0.7,,,,block_size=256 spans ~4.9 token rows; cannot resolve sub-block spatial detail
S->P,17,18,DENSE,0.5,DENSE: entropy=0.92>0.7; many_blocks_above_0.01=22,,,,block_size=256 spans ~4.9 token rows; cannot resolve sub-block spatial detail
S->R1,17,18,DENSE,0.5,DENSE: entropy=0.80>0.7; many_blocks_above_0.01=23,,,,block_size=256 spans ~4.9 token rows; cannot resolve sub-block spatial detail
R1->P,17,18,DENSE,0.5,DENSE: entropy=0.90>0.7; many_blocks_above_0.01=20,,,,block_size=256 spans ~4.9 token rows; cannot resolve sub-block spatial detail
X->P,17,19,DENSE,0.5,DENSE: entropy=0.91>0.7; many_blocks_above_0.01=20,,,,block_size=256 spans ~4.9 token rows; cannot resolve sub-block spatial detail
S->P,17,19,DENSE,0.5,DENSE: entropy=0.94>0.7; many_blocks_above_0.01=28,,,,block_size=256 spans ~4.9 token rows; cannot resolve sub-block spatial detail
R1->P,17,19,DENSE,0.5,DENSE: entropy=0.96>0.7; many_blocks_above_0.01=32,,,,block_size=256 spans ~4.9 token rows; cannot resolve sub-block spatial detail
P->X,17,20,DENSE,0.5,DENSE: entropy=0.93>0.7; many_blocks_above_0.01=26,,,"[0, 1, 2, 3, 4, 5, 6, 7, 8, 9, 10, 11, 12, 13]",block_size=256 spans ~4.9 token rows; cannot resolve sub-block spatial detail
P->S,17,20,DENSE,0.5,DENSE: entropy=0.90>0.7; many_blocks_above_0.01=21,,,"[0, 1, 2, 3, 17]",block_size=256 spans ~4.9 token rows; cannot resolve sub-block spatial detail
P->R1,17,20,DENSE,0.5,DENSE: entropy=0.96>0.7; many_blocks_above_0.01=31,,,"[0, 1, 2, 3, 4, 5, 6, 7, 8, 9, 10, 11, 12, 13, 14, 15, 16, 17, 18, 19, 20, 21, 22, 23, 24, 25, 26, 27]",block_size=256 spans ~4.9 token rows; cannot resolve sub-block spatial detail
X->P,17,20,DENSE,0.5,DENSE: entropy=0.98>0.7; many_blocks_above_0.01=32,,,,block_size=256 spans ~4.9 token rows; cannot resolve sub-block spatial detail
X->R1,17,20,DENSE,0.5,DENSE: entropy=0.86>0.7; many_blocks_above_0.01=28,,,,block_size=256 spans ~4.9 token rows; cannot resolve sub-block spatial detail
S->P,17,20,DENSE,0.5,DENSE: entropy=0.98>0.7; many_blocks_above_0.01=32,,,,block_size=256 spans ~4.9 token rows; cannot resolve sub-block spatial detail
S->X,17,20,DENSE,0.3333333333333333,DENSE: entropy=0.78>0.7,,,,block_size=256 spans ~4.9 token rows; cannot resolve sub-block spatial detail
S->S,17,20,DENSE,0.5,DENSE: entropy=0.83>0.7; many_blocks_above_0.01=27,,,,block_size=256 spans ~4.9 token rows; cannot resolve sub-block spatial detail
S->R1,17,20,DENSE,0.3333333333333333,DENSE: entropy=0.90>0.7,,,,block_size=256 spans ~4.9 token rows; cannot resolve sub-block spatial detail
R1->X,17,20,DENSE,0.5,DENSE: entropy=0.85>0.7; many_blocks_above_0.01=26,,,,block_size=256 spans ~4.9 token rows; cannot resolve sub-block spatial detail
R1->S,17,20,DENSE,0.3333333333333333,DENSE: entropy=0.72>0.7,,,,block_size=256 spans ~4.9 token rows; cannot resolve sub-block spatial detail
X->P,17,21,DENSE,0.3333333333333333,DENSE: entropy=0.87>0.7,,,,block_size=256 spans ~4.9 token rows; cannot resolve sub-block spatial detail
X->X,17,21,DENSE,0.6,DENSE: entropy=0.96>0.7; max_block=0.016<0.03,,,,block_size=256 spans ~4.9 token rows; cannot resolve sub-block spatial detail
X->R1,17,21,DENSE,0.5,DENSE: entropy=0.77>0.7; many_blocks_above_0.01=29,,,,block_size=256 spans ~4.9 token rows; cannot resolve sub-block spatial detail
S->P,17,21,DENSE,0.5,DENSE: entropy=0.89>0.7; many_blocks_above_0.01=22,,,,block_size=256 spans ~4.9 token rows; cannot resolve sub-block spatial detail
S->X,17,21,DENSE,0.3333333333333333,DENSE: entropy=0.92>0.7,,,,block_size=256 spans ~4.9 token rows; cannot resolve sub-block spatial detail
S->R1,17,21,DENSE,0.5,DENSE: entropy=0.83>0.7; many_blocks_above_0.01=21,,,,block_size=256 spans ~4.9 token rows; cannot resolve sub-block spatial detail
R1->P,17,21,DENSE,0.5,DENSE: entropy=0.96>0.7; many_blocks_above_0.01=33,,,,block_size=256 spans ~4.9 token rows; cannot resolve sub-block spatial detail
R1->S,17,21,DENSE,0.3333333333333333,DENSE: entropy=0.83>0.7,,,,block_size=256 spans ~4.9 token rows; cannot resolve sub-block spatial detail
R1->R1,17,21,DENSE,0.3333333333333333,DENSE: entropy=0.80>0.7,,,,block_size=256 spans ~4.9 token rows; cannot resolve sub-block spatial detail
P->X,17,22,DENSE,0.5,DENSE: entropy=0.98>0.7; many_blocks_above_0.01=32,,,,block_size=256 spans ~4.9 token rows; cannot resolve sub-block spatial detail
P->S,17,22,DENSE,0.5,DENSE: entropy=0.92>0.7; many_blocks_above_0.01=26,,,"[0, 1, 2, 3, 4, 5, 6, 7, 8, 9, 10, 11, 12, 13, 14, 15, 16, 17, 18, 19, 20, 21, 22, 23]",block_size=256 spans ~4.9 token rows; cannot resolve sub-block spatial detail
P->R1,17,22,DENSE,0.5,DENSE: entropy=0.96>0.7; many_blocks_above_0.01=32,,,"[0, 1, 2, 3, 4, 5, 6, 7, 8, 9, 10, 11, 12, 13, 14, 15, 16, 17, 18, 19, 20, 21, 22, 23, 24, 25, 26, 27]",block_size=256 spans ~4.9 token rows; cannot resolve sub-block spatial detail
X->P,17,22,DENSE,0.5,DENSE: entropy=0.94>0.7; many_blocks_above_0.01=28,,,,block_size=256 spans ~4.9 token rows; cannot resolve sub-block spatial detail
S->P,17,22,DENSE,0.5,DENSE: entropy=0.96>0.7; many_blocks_above_0.01=33,,,,block_size=256 spans ~4.9 token rows; cannot resolve sub-block spatial detail
S->X,17,22,DENSE,0.3333333333333333,DENSE: entropy=0.87>0.7,,,,block_size=256 spans ~4.9 token rows; cannot resolve sub-block spatial detail
S->R1,17,22,DENSE,0.3333333333333333,DENSE: entropy=0.78>0.7,,,,block_size=256 spans ~4.9 token rows; cannot resolve sub-block spatial detail
R1->P,17,22,DENSE,0.5,DENSE: entropy=0.96>0.7; many_blocks_above_0.01=32,,,,block_size=256 spans ~4.9 token rows; cannot resolve sub-block spatial detail
R1->X,17,22,DENSE,0.5,DENSE: entropy=0.89>0.7; many_blocks_above_0.01=28,,,,block_size=256 spans ~4.9 token rows; cannot resolve sub-block spatial detail
P->P,17,23,DENSE,0.3333333333333333,DENSE: entropy=0.83>0.7,,,,block_size=256 spans ~4.9 token rows; cannot resolve sub-block spatial detail
P->X,17,23,DENSE,0.5,DENSE: entropy=0.96>0.7; many_blocks_above_0.01=31,,,,block_size=256 spans ~4.9 token rows; cannot resolve sub-block spatial detail
P->R1,17,23,DENSE,0.5,DENSE: entropy=0.92>0.7; many_blocks_above_0.01=28,,,"[8, 9, 10, 11, 12, 13, 14, 24, 25, 26, 27]",block_size=256 spans ~4.9 token rows; cannot resolve sub-block spatial detail
X->P,17,23,DENSE,0.3333333333333333,DENSE: entropy=0.87>0.7,,,,block_size=256 spans ~4.9 token rows; cannot resolve sub-block spatial detail
X->X,17,23,DENSE,0.7666666666666666,DENSE: entropy=0.87>0.7; max_block=0.027<0.03; many_blocks_above_0.01=35,,,,block_size=256 spans ~4.9 token rows; cannot resolve sub-block spatial detail
X->R1,17,23,DENSE,0.5,DENSE: entropy=0.77>0.7; many_blocks_above_0.01=30,,,,block_size=256 spans ~4.9 token rows; cannot resolve sub-block spatial detail
S->P,17,23,DENSE,0.3333333333333333,DENSE: entropy=0.88>0.7,,,,block_size=256 spans ~4.9 token rows; cannot resolve sub-block spatial detail
S->X,17,23,DENSE,0.3333333333333333,DENSE: entropy=0.81>0.7,,,,block_size=256 spans ~4.9 token rows; cannot resolve sub-block spatial detail
S->S,17,23,DENSE,0.5,DENSE: entropy=0.82>0.7; many_blocks_above_0.01=27,,,,block_size=256 spans ~4.9 token rows; cannot resolve sub-block spatial detail
S->R1,17,23,DENSE,0.3333333333333333,DENSE: entropy=0.80>0.7,,,,block_size=256 spans ~4.9 token rows; cannot resolve sub-block spatial detail
R1->P,17,23,DENSE,0.3333333333333333,DENSE: entropy=0.87>0.7,,,,block_size=256 spans ~4.9 token rows; cannot resolve sub-block spatial detail
R1->X,17,23,DENSE,0.7666666666666666,DENSE: entropy=0.91>0.7; max_block=0.025<0.03; many_blocks_above_0.01=27,,,,block_size=256 spans ~4.9 token rows; cannot resolve sub-block spatial detail
X->P,18,0,DENSE,0.5,DENSE: entropy=0.92>0.7; many_blocks_above_0.01=24,,,,block_size=256 spans ~4.9 token rows; cannot resolve sub-block spatial detail
X->R1,18,0,DENSE,0.5,DENSE: entropy=0.77>0.7; many_blocks_above_0.01=32,,,,block_size=256 spans ~4.9 token rows; cannot resolve sub-block spatial detail
P->X,18,1,DENSE,0.5,DENSE: entropy=0.99>0.7; many_blocks_above_0.01=32,,,"[0, 1, 2, 3, 4, 5, 6, 7, 8, 9, 10, 11, 12, 13, 14, 15, 16, 17, 18, 19, 20, 21, 22, 23, 24, 25, 26, 27]",block_size=256 spans ~4.9 token rows; cannot resolve sub-block spatial detail
X->P,18,1,DENSE,0.5,DENSE: entropy=0.93>0.7; many_blocks_above_0.01=27,,,,block_size=256 spans ~4.9 token rows; cannot resolve sub-block spatial detail
X->S,18,1,DENSE,0.5,DENSE: entropy=0.80>0.7; many_blocks_above_0.01=23,,,,block_size=256 spans ~4.9 token rows; cannot resolve sub-block spatial detail
S->X,18,1,DENSE,0.3333333333333333,DENSE: entropy=0.85>0.7,,,,block_size=256 spans ~4.9 token rows; cannot resolve sub-block spatial detail
S->S,18,1,DENSE,0.6,DENSE: entropy=0.91>0.7; max_block=0.027<0.03,,,,block_size=256 spans ~4.9 token rows; cannot resolve sub-block spatial detail
R1->S,18,1,DENSE,0.3333333333333333,DENSE: entropy=0.89>0.7,,,,block_size=256 spans ~4.9 token rows; cannot resolve sub-block spatial detail
P->X,18,2,DENSE,0.5,DENSE: entropy=0.98>0.7; many_blocks_above_0.01=32,,,,block_size=256 spans ~4.9 token rows; cannot resolve sub-block spatial detail
X->P,18,2,DENSE,0.3333333333333333,DENSE: entropy=0.91>0.7,,,,block_size=256 spans ~4.9 token rows; cannot resolve sub-block spatial detail
X->X,18,2,DENSE,0.6,DENSE: entropy=0.96>0.7; max_block=0.017<0.03,,,,block_size=256 spans ~4.9 token rows; cannot resolve sub-block spatial detail
S->P,18,2,DENSE,0.5,DENSE: entropy=0.93>0.7; many_blocks_above_0.01=26,,,,block_size=256 spans ~4.9 token rows; cannot resolve sub-block spatial detail
R1->P,18,2,DENSE,0.5,DENSE: entropy=0.95>0.7; many_blocks_above_0.01=30,,,,block_size=256 spans ~4.9 token rows; cannot resolve sub-block spatial detail
R1->R1,18,2,DENSE,0.6,DENSE: entropy=0.95>0.7; max_block=0.016<0.03,,,,block_size=256 spans ~4.9 token rows; cannot resolve sub-block spatial detail
P->P,18,3,DENSE,0.3333333333333333,DENSE: entropy=0.93>0.7,,,"[19, 21, 22, 23, 24]",block_size=256 spans ~4.9 token rows; cannot resolve sub-block spatial detail
P->X,18,3,DENSE,0.5,DENSE: entropy=0.98>0.7; many_blocks_above_0.01=32,,,,block_size=256 spans ~4.9 token rows; cannot resolve sub-block spatial detail
P->S,18,3,DENSE,0.5,DENSE: entropy=0.88>0.7; many_blocks_above_0.01=21,,,,block_size=256 spans ~4.9 token rows; cannot resolve sub-block spatial detail
P->R1,18,3,DENSE,0.5,DENSE: entropy=0.94>0.7; many_blocks_above_0.01=30,,,"[6, 7, 8, 9, 10, 11, 12, 13, 14, 15, 16, 17, 18, 19, 20, 21, 22, 23, 24, 25, 26, 27]",block_size=256 spans ~4.9 token rows; cannot resolve sub-block spatial detail
X->P,18,3,DENSE,0.5,DENSE: entropy=0.96>0.7; many_blocks_above_0.01=32,,,,block_size=256 spans ~4.9 token rows; cannot resolve sub-block spatial detail
X->X,18,3,DENSE,0.5,DENSE: entropy=0.87>0.7; many_blocks_above_0.01=24,,,,block_size=256 spans ~4.9 token rows; cannot resolve sub-block spatial detail
S->P,18,3,DENSE,0.5,DENSE: entropy=0.94>0.7; many_blocks_above_0.01=29,,,,block_size=256 spans ~4.9 token rows; cannot resolve sub-block spatial detail
S->X,18,3,DENSE,0.3333333333333333,DENSE: entropy=0.89>0.7,,,,block_size=256 spans ~4.9 token rows; cannot resolve sub-block spatial detail
R1->X,18,3,DENSE,0.5,DENSE: entropy=0.88>0.7; many_blocks_above_0.01=28,,,,block_size=256 spans ~4.9 token rows; cannot resolve sub-block spatial detail
P->X,18,4,DENSE,0.5,DENSE: entropy=0.98>0.7; many_blocks_above_0.01=32,,,,block_size=256 spans ~4.9 token rows; cannot resolve sub-block spatial detail
P->S,18,4,DENSE,0.5,DENSE: entropy=0.91>0.7; many_blocks_above_0.01=27,,,"[1, 2, 3, 4, 5, 6, 7, 8, 9, 10]",block_size=256 spans ~4.9 token rows; cannot resolve sub-block spatial detail
P->R1,18,4,DENSE,0.5,DENSE: entropy=0.96>0.7; many_blocks_above_0.01=32,,,"[7, 8, 9, 10, 11, 12, 13, 14, 15, 16, 17, 18, 19, 20, 21, 22, 23, 24, 25, 26, 27]",block_size=256 spans ~4.9 token rows; cannot resolve sub-block spatial detail
X->P,18,4,DENSE,0.5,DENSE: entropy=0.97>0.7; many_blocks_above_0.01=32,,,,block_size=256 spans ~4.9 token rows; cannot resolve sub-block spatial detail
X->X,18,4,DENSE,0.5,DENSE: entropy=0.83>0.7; many_blocks_above_0.01=23,,,,block_size=256 spans ~4.9 token rows; cannot resolve sub-block spatial detail
S->P,18,4,DENSE,0.5,DENSE: entropy=0.97>0.7; many_blocks_above_0.01=32,,,,block_size=256 spans ~4.9 token rows; cannot resolve sub-block spatial detail
S->X,18,4,DENSE,0.3333333333333333,DENSE: entropy=0.85>0.7,,,,block_size=256 spans ~4.9 token rows; cannot resolve sub-block spatial detail
S->R1,18,4,DENSE,0.3333333333333333,DENSE: entropy=0.73>0.7,,,,block_size=256 spans ~4.9 token rows; cannot resolve sub-block spatial detail
R1->P,18,4,DENSE,0.5,DENSE: entropy=0.98>0.7; many_blocks_above_0.01=34,,,,block_size=256 spans ~4.9 token rows; cannot resolve sub-block spatial detail
R1->X,18,4,DENSE,0.5,DENSE: entropy=0.84>0.7; many_blocks_above_0.01=24,,,,block_size=256 spans ~4.9 token rows; cannot resolve sub-block spatial detail
P->X,18,5,DENSE,0.5,DENSE: entropy=0.96>0.7; many_blocks_above_0.01=30,,,"[0, 1, 2, 3]",block_size=256 spans ~4.9 token rows; cannot resolve sub-block spatial detail
P->S,18,5,DENSE,0.5,DENSE: entropy=0.91>0.7; many_blocks_above_0.01=22,,,"[24, 25]",block_size=256 spans ~4.9 token rows; cannot resolve sub-block spatial detail
P->R1,18,5,DENSE,0.5,DENSE: entropy=0.96>0.7; many_blocks_above_0.01=33,,,"[11, 12, 13, 14, 15, 16, 17, 18, 19, 20, 21, 22, 23, 24, 25, 26, 27]",block_size=256 spans ~4.9 token rows; cannot resolve sub-block spatial detail
X->P,18,5,DENSE,0.5,DENSE: entropy=0.98>0.7; many_blocks_above_0.01=31,,,,block_size=256 spans ~4.9 token rows; cannot resolve sub-block spatial detail
X->X,18,5,DENSE,0.5,DENSE: entropy=0.75>0.7; many_blocks_above_0.01=29,,,,block_size=256 spans ~4.9 token rows; cannot resolve sub-block spatial detail
S->P,18,5,DENSE,0.5,DENSE: entropy=0.82>0.7; many_blocks_above_0.01=29,,,,block_size=256 spans ~4.9 token rows; cannot resolve sub-block spatial detail
S->X,18,5,DENSE,0.3333333333333333,DENSE: entropy=0.76>0.7,,,,block_size=256 spans ~4.9 token rows; cannot resolve sub-block spatial detail
R1->P,18,5,DENSE,0.5,DENSE: entropy=0.95>0.7; many_blocks_above_0.01=31,,,,block_size=256 spans ~4.9 token rows; cannot resolve sub-block spatial detail
R1->X,18,5,DENSE,0.5,DENSE: entropy=0.83>0.7; many_blocks_above_0.01=31,,,,block_size=256 spans ~4.9 token rows; cannot resolve sub-block spatial detail
P->X,18,6,DENSE,0.5,DENSE: entropy=0.92>0.7; many_blocks_above_0.01=27,,,"[0, 1, 2, 3, 4, 5, 6, 7, 8, 9, 10, 11, 12, 13, 14, 19, 20, 21, 22, 23, 24, 25, 26, 27]",block_size=256 spans ~4.9 token rows; cannot resolve sub-block spatial detail
X->P,18,6,DENSE,0.3333333333333333,DENSE: entropy=0.87>0.7,,,,block_size=256 spans ~4.9 token rows; cannot resolve sub-block spatial detail
S->P,18,6,DENSE,0.3333333333333333,DENSE: entropy=0.87>0.7,,,,block_size=256 spans ~4.9 token rows; cannot resolve sub-block spatial detail
R1->P,18,6,DENSE,0.3333333333333333,DENSE: entropy=0.88>0.7,,,,block_size=256 spans ~4.9 token rows; cannot resolve sub-block spatial detail
P->X,18,7,DENSE,0.5,DENSE: entropy=0.97>0.7; many_blocks_above_0.01=31,,,,block_size=256 spans ~4.9 token rows; cannot resolve sub-block spatial detail
P->S,18,7,DENSE,0.5,DENSE: entropy=0.91>0.7; many_blocks_above_0.01=25,,,"[5, 6, 7, 8, 9]",block_size=256 spans ~4.9 token rows; cannot resolve sub-block spatial detail
P->R1,18,7,DENSE,0.5,DENSE: entropy=0.95>0.7; many_blocks_above_0.01=33,,,"[7, 8, 9, 10, 11, 12, 13, 14, 15, 16, 17, 18, 19, 20, 21, 22, 23, 24, 25, 26, 27]",block_size=256 spans ~4.9 token rows; cannot resolve sub-block spatial detail
X->P,18,7,DENSE,0.5,DENSE: entropy=0.94>0.7; many_blocks_above_0.01=29,,,,block_size=256 spans ~4.9 token rows; cannot resolve sub-block spatial detail
S->P,18,7,DENSE,0.5,DENSE: entropy=0.95>0.7; many_blocks_above_0.01=30,,,,block_size=256 spans ~4.9 token rows; cannot resolve sub-block spatial detail
S->X,18,7,DENSE,0.5,DENSE: entropy=0.80>0.7; many_blocks_above_0.01=26,,,,block_size=256 spans ~4.9 token rows; cannot resolve sub-block spatial detail
R1->P,18,7,DENSE,0.5,DENSE: entropy=0.97>0.7; many_blocks_above_0.01=34,,,,block_size=256 spans ~4.9 token rows; cannot resolve sub-block spatial detail
R1->X,18,7,DENSE,0.5,DENSE: entropy=0.77>0.7; many_blocks_above_0.01=30,,,,block_size=256 spans ~4.9 token rows; cannot resolve sub-block spatial detail
P->X,18,8,DENSE,0.5,DENSE: entropy=0.96>0.7; many_blocks_above_0.01=30,,,"[0, 1]",block_size=256 spans ~4.9 token rows; cannot resolve sub-block spatial detail
P->S,18,8,DENSE,0.5,DENSE: entropy=0.89>0.7; many_blocks_above_0.01=26,,,"[0, 1, 2, 3, 4, 5, 6, 7, 8, 9, 10, 11, 12, 13]",block_size=256 spans ~4.9 token rows; cannot resolve sub-block spatial detail
P->R1,18,8,DENSE,0.5,DENSE: entropy=0.94>0.7; many_blocks_above_0.01=31,,,"[0, 1, 2, 3, 4, 5, 6, 7, 8, 9, 10, 11, 12, 13, 14, 15, 16, 17, 18, 19, 20, 21, 22, 23, 24, 25, 26, 27]",block_size=256 spans ~4.9 token rows; cannot resolve sub-block spatial detail
X->P,18,8,DENSE,0.5,DENSE: entropy=0.99>0.7; many_blocks_above_0.01=32,,,,block_size=256 spans ~4.9 token rows; cannot resolve sub-block spatial detail
X->X,18,8,DENSE,0.5,DENSE: entropy=0.79>0.7; many_blocks_above_0.01=30,,,,block_size=256 spans ~4.9 token rows; cannot resolve sub-block spatial detail
X->R1,18,8,DENSE,0.5,DENSE: entropy=0.79>0.7; many_blocks_above_0.01=28,,,,block_size=256 spans ~4.9 token rows; cannot resolve sub-block spatial detail
S->P,18,8,DENSE,0.5,DENSE: entropy=0.90>0.7; many_blocks_above_0.01=28,,,,block_size=256 spans ~4.9 token rows; cannot resolve sub-block spatial detail
S->X,18,8,DENSE,0.3333333333333333,DENSE: entropy=0.74>0.7,,,,block_size=256 spans ~4.9 token rows; cannot resolve sub-block spatial detail
S->S,18,8,DENSE,0.5,DENSE: entropy=0.81>0.7; many_blocks_above_0.01=27,,,,block_size=256 spans ~4.9 token rows; cannot resolve sub-block spatial detail
S->R1,18,8,DENSE,0.3333333333333333,DENSE: entropy=0.77>0.7,,,,block_size=256 spans ~4.9 token rows; cannot resolve sub-block spatial detail
R1->P,18,8,DENSE,0.5,DENSE: entropy=0.94>0.7; many_blocks_above_0.01=28,,,,block_size=256 spans ~4.9 token rows; cannot resolve sub-block spatial detail
R1->X,18,8,DENSE,0.5,DENSE: entropy=0.85>0.7; many_blocks_above_0.01=31,,,,block_size=256 spans ~4.9 token rows; cannot resolve sub-block spatial detail
P->X,18,9,DENSE,0.5,DENSE: entropy=0.97>0.7; many_blocks_above_0.01=32,,,"[0, 1, 2, 3]",block_size=256 spans ~4.9 token rows; cannot resolve sub-block spatial detail
P->S,18,9,DENSE,0.5,DENSE: entropy=0.90>0.7; many_blocks_above_0.01=24,,,[21],block_size=256 spans ~4.9 token rows; cannot resolve sub-block spatial detail
P->R1,18,9,DENSE,0.5,DENSE: entropy=0.97>0.7; many_blocks_above_0.01=32,,,"[23, 24, 25, 26, 27]",block_size=256 spans ~4.9 token rows; cannot resolve sub-block spatial detail
X->P,18,9,DENSE,0.5,DENSE: entropy=0.98>0.7; many_blocks_above_0.01=32,,,,block_size=256 spans ~4.9 token rows; cannot resolve sub-block spatial detail
S->P,18,9,DENSE,0.5,DENSE: entropy=0.94>0.7; many_blocks_above_0.01=31,,,,block_size=256 spans ~4.9 token rows; cannot resolve sub-block spatial detail
S->X,18,9,DENSE,0.3333333333333333,DENSE: entropy=0.74>0.7,,,,block_size=256 spans ~4.9 token rows; cannot resolve sub-block spatial detail
R1->P,18,9,DENSE,0.5,DENSE: entropy=0.98>0.7; many_blocks_above_0.01=33,,,,block_size=256 spans ~4.9 token rows; cannot resolve sub-block spatial detail
R1->X,18,9,DENSE,0.5,DENSE: entropy=0.85>0.7; many_blocks_above_0.01=35,,,,block_size=256 spans ~4.9 token rows; cannot resolve sub-block spatial detail
X->P,18,10,DENSE,0.3333333333333333,DENSE: entropy=0.91>0.7,,,,block_size=256 spans ~4.9 token rows; cannot resolve sub-block spatial detail
X->R1,18,10,DENSE,0.5,DENSE: entropy=0.82>0.7; many_blocks_above_0.01=28,,,,block_size=256 spans ~4.9 token rows; cannot resolve sub-block spatial detail
S->P,18,10,DENSE,0.5,DENSE: entropy=0.89>0.7; many_blocks_above_0.01=23,,,,block_size=256 spans ~4.9 token rows; cannot resolve sub-block spatial detail
R1->P,18,10,DENSE,0.5,DENSE: entropy=0.92>0.7; many_blocks_above_0.01=20,,,,block_size=256 spans ~4.9 token rows; cannot resolve sub-block spatial detail
R1->X,18,10,DENSE,0.5,DENSE: entropy=0.86>0.7; many_blocks_above_0.01=29,,,,block_size=256 spans ~4.9 token rows; cannot resolve sub-block spatial detail
P->X,18,11,DENSE,0.5,DENSE: entropy=0.98>0.7; many_blocks_above_0.01=32,,,,block_size=256 spans ~4.9 token rows; cannot resolve sub-block spatial detail
P->S,18,11,DENSE,0.5,DENSE: entropy=0.93>0.7; many_blocks_above_0.01=29,,,"[0, 1, 2, 3, 4, 5, 6, 7, 8, 9, 10, 11, 23, 24]",block_size=256 spans ~4.9 token rows; cannot resolve sub-block spatial detail
P->R1,18,11,DENSE,0.5,DENSE: entropy=0.96>0.7; many_blocks_above_0.01=32,,,"[7, 8, 9, 10, 11, 12, 13, 14, 15, 16, 17, 18, 19, 20, 21, 22, 23, 24, 25, 26, 27]",block_size=256 spans ~4.9 token rows; cannot resolve sub-block spatial detail
X->P,18,11,DENSE,0.5,DENSE: entropy=0.97>0.7; many_blocks_above_0.01=32,,,,block_size=256 spans ~4.9 token rows; cannot resolve sub-block spatial detail
S->P,18,11,DENSE,0.5,DENSE: entropy=0.98>0.7; many_blocks_above_0.01=34,,,,block_size=256 spans ~4.9 token rows; cannot resolve sub-block spatial detail
S->X,18,11,DENSE,0.5,DENSE: entropy=0.82>0.7; many_blocks_above_0.01=20,,,,block_size=256 spans ~4.9 token rows; cannot resolve sub-block spatial detail
R1->P,18,11,DENSE,0.5,DENSE: entropy=1.00>0.7; many_blocks_above_0.01=34,,,,block_size=256 spans ~4.9 token rows; cannot resolve sub-block spatial detail
R1->X,18,11,DENSE,0.5,DENSE: entropy=0.80>0.7; many_blocks_above_0.01=31,,,,block_size=256 spans ~4.9 token rows; cannot resolve sub-block spatial detail
P->P,18,12,DENSE,0.3333333333333333,DENSE: entropy=0.95>0.7,,,"[3, 4, 5, 6, 7, 8, 9, 10, 11, 12, 13, 14, 15, 16, 17, 18, 19, 20, 21, 22, 23, 24, 25, 26, 27]",block_size=256 spans ~4.9 token rows; cannot resolve sub-block spatial detail
P->X,18,12,DENSE,0.5,DENSE: entropy=0.97>0.7; many_blocks_above_0.01=32,,,,block_size=256 spans ~4.9 token rows; cannot resolve sub-block spatial detail
P->S,18,12,DENSE,0.3333333333333333,DENSE: entropy=0.83>0.7,,,,block_size=256 spans ~4.9 token rows; cannot resolve sub-block spatial detail
P->R1,18,12,DENSE,0.5,DENSE: entropy=0.93>0.7; many_blocks_above_0.01=31,,,"[4, 5, 6, 7, 8, 9, 10, 11, 12, 13, 14, 15, 16, 17, 18, 19, 20, 21, 22, 23, 25, 26, 27]",block_size=256 spans ~4.9 token rows; cannot resolve sub-block spatial detail
X->P,18,12,DENSE,0.5,DENSE: entropy=0.91>0.7; many_blocks_above_0.01=23,,,,block_size=256 spans ~4.9 token rows; cannot resolve sub-block spatial detail
X->X,18,12,DENSE,0.5,DENSE: entropy=0.85>0.7; many_blocks_above_0.01=35,,,,block_size=256 spans ~4.9 token rows; cannot resolve sub-block spatial detail
S->P,18,12,DENSE,0.5,DENSE: entropy=0.96>0.7; many_blocks_above_0.01=32,,,,block_size=256 spans ~4.9 token rows; cannot resolve sub-block spatial detail
S->X,18,12,DENSE,0.5,DENSE: entropy=0.82>0.7; many_blocks_above_0.01=21,,,,block_size=256 spans ~4.9 token rows; cannot resolve sub-block spatial detail
R1->P,18,12,DENSE,0.5,DENSE: entropy=0.95>0.7; many_blocks_above_0.01=31,,,,block_size=256 spans ~4.9 token rows; cannot resolve sub-block spatial detail
R1->X,18,12,DENSE,0.5,DENSE: entropy=0.87>0.7; many_blocks_above_0.01=29,,,,block_size=256 spans ~4.9 token rows; cannot resolve sub-block spatial detail
P->X,18,13,DENSE,0.5,DENSE: entropy=0.98>0.7; many_blocks_above_0.01=32,,,,block_size=256 spans ~4.9 token rows; cannot resolve sub-block spatial detail
P->S,18,13,DENSE,0.5,DENSE: entropy=0.89>0.7; many_blocks_above_0.01=22,,,"[13, 15]",block_size=256 spans ~4.9 token rows; cannot resolve sub-block spatial detail
P->R1,18,13,DENSE,0.5,DENSE: entropy=0.94>0.7; many_blocks_above_0.01=31,,,"[10, 11, 12, 13, 14, 15, 16, 17, 18, 19, 20, 21, 22, 23, 24, 25, 26, 27]",block_size=256 spans ~4.9 token rows; cannot resolve sub-block spatial detail
X->P,18,13,DENSE,0.5,DENSE: entropy=0.91>0.7; many_blocks_above_0.01=24,,,,block_size=256 spans ~4.9 token rows; cannot resolve sub-block spatial detail
X->X,18,13,DENSE,0.5,DENSE: entropy=0.88>0.7; many_blocks_above_0.01=29,,,,block_size=256 spans ~4.9 token rows; cannot resolve sub-block spatial detail
S->P,18,13,DENSE,0.5,DENSE: entropy=0.98>0.7; many_blocks_above_0.01=34,,,,block_size=256 spans ~4.9 token rows; cannot resolve sub-block spatial detail
S->X,18,13,DENSE,0.3333333333333333,DENSE: entropy=0.86>0.7,,,,block_size=256 spans ~4.9 token rows; cannot resolve sub-block spatial detail
R1->X,18,13,DENSE,0.5,DENSE: entropy=0.91>0.7; many_blocks_above_0.01=20,,,,block_size=256 spans ~4.9 token rows; cannot resolve sub-block spatial detail
P->X,18,14,DENSE,0.5,DENSE: entropy=0.96>0.7; many_blocks_above_0.01=31,,,,block_size=256 spans ~4.9 token rows; cannot resolve sub-block spatial detail
P->S,18,14,DENSE,0.5,DENSE: entropy=0.93>0.7; many_blocks_above_0.01=28,,,"[0, 1, 2, 3, 4, 5, 6, 7, 8, 9, 10, 11, 12, 13, 14, 15, 16, 17, 18, 19, 20, 21, 22, 23, 24, 25]",block_size=256 spans ~4.9 token rows; cannot resolve sub-block spatial detail
P->R1,18,14,DENSE,0.5,DENSE: entropy=0.96>0.7; many_blocks_above_0.01=32,,,"[0, 1, 2, 3, 4, 5, 6, 7, 8, 9, 10, 11, 12, 13, 14, 15, 16, 17, 18, 19, 20, 21, 22, 23, 24, 25, 26, 27]",block_size=256 spans ~4.9 token rows; cannot resolve sub-block spatial detail
X->P,18,14,DENSE,0.5,DENSE: entropy=0.98>0.7; many_blocks_above_0.01=32,,,,block_size=256 spans ~4.9 token rows; cannot resolve sub-block spatial detail
S->P,18,14,DENSE,0.5,DENSE: entropy=0.98>0.7; many_blocks_above_0.01=34,,,,block_size=256 spans ~4.9 token rows; cannot resolve sub-block spatial detail
S->X,18,14,DENSE,0.3333333333333333,DENSE: entropy=0.86>0.7,,,,block_size=256 spans ~4.9 token rows; cannot resolve sub-block spatial detail
S->R1,18,14,DENSE,0.5,DENSE: entropy=0.81>0.7; many_blocks_above_0.01=20,,,,block_size=256 spans ~4.9 token rows; cannot resolve sub-block spatial detail
R1->P,18,14,DENSE,0.5,DENSE: entropy=0.98>0.7; many_blocks_above_0.01=34,,,,block_size=256 spans ~4.9 token rows; cannot resolve sub-block spatial detail
R1->X,18,14,DENSE,0.5,DENSE: entropy=0.84>0.7; many_blocks_above_0.01=29,,,,block_size=256 spans ~4.9 token rows; cannot resolve sub-block spatial detail
P->X,18,15,DENSE,0.5,DENSE: entropy=0.98>0.7; many_blocks_above_0.01=32,,,"[0, 1]",block_size=256 spans ~4.9 token rows; cannot resolve sub-block spatial detail
P->S,18,15,DENSE,0.5,DENSE: entropy=0.90>0.7; many_blocks_above_0.01=23,,,"[5, 6, 15, 16, 17, 18, 19, 20, 21, 22, 23, 24]",block_size=256 spans ~4.9 token rows; cannot resolve sub-block spatial detail
P->R1,18,15,DENSE,0.5,DENSE: entropy=0.95>0.7; many_blocks_above_0.01=32,,,"[8, 9, 10, 11, 12, 13, 14, 15, 16, 17, 18, 19, 20, 21, 22, 23]",block_size=256 spans ~4.9 token rows; cannot resolve sub-block spatial detail
X->P,18,15,DENSE,0.5,DENSE: entropy=0.94>0.7; many_blocks_above_0.01=29,,,,block_size=256 spans ~4.9 token rows; cannot resolve sub-block spatial detail
X->X,18,15,DENSE,0.6,DENSE: entropy=0.95>0.7; max_block=0.022<0.03,,,,block_size=256 spans ~4.9 token rows; cannot resolve sub-block spatial detail
X->S,18,15,DENSE,0.5,DENSE: entropy=0.77>0.7; many_blocks_above_0.01=21,,,,block_size=256 spans ~4.9 token rows; cannot resolve sub-block spatial detail
X->R1,18,15,DENSE,0.3333333333333333,DENSE: entropy=0.91>0.7,,,,block_size=256 spans ~4.9 token rows; cannot resolve sub-block spatial detail
S->P,18,15,DENSE,0.5,DENSE: entropy=0.96>0.7; many_blocks_above_0.01=32,,,,block_size=256 spans ~4.9 token rows; cannot resolve sub-block spatial detail
S->X,18,15,DENSE,0.3333333333333333,DENSE: entropy=0.91>0.7,,,,block_size=256 spans ~4.9 token rows; cannot resolve sub-block spatial detail
S->S,18,15,DENSE,0.6,DENSE: entropy=0.92>0.7; max_block=0.023<0.03,,,,block_size=256 spans ~4.9 token rows; cannot resolve sub-block spatial detail
S->R1,18,15,DENSE,0.3333333333333333,DENSE: entropy=0.74>0.7,,,,block_size=256 spans ~4.9 token rows; cannot resolve sub-block spatial detail
R1->P,18,15,DENSE,0.5,DENSE: entropy=0.98>0.7; many_blocks_above_0.01=33,,,,block_size=256 spans ~4.9 token rows; cannot resolve sub-block spatial detail
R1->X,18,15,DENSE,0.6,DENSE: entropy=0.97>0.7; max_block=0.018<0.03,,,,block_size=256 spans ~4.9 token rows; cannot resolve sub-block spatial detail
R1->R1,18,15,DENSE,0.5,DENSE: entropy=0.89>0.7; many_blocks_above_0.01=21,,,,block_size=256 spans ~4.9 token rows; cannot resolve sub-block spatial detail
P->X,18,16,DENSE,0.5,DENSE: entropy=0.96>0.7; many_blocks_above_0.01=30,,,,block_size=256 spans ~4.9 token rows; cannot resolve sub-block spatial detail
P->S,18,16,DENSE,0.3333333333333333,DENSE: entropy=0.71>0.7,,,[0],block_size=256 spans ~4.9 token rows; cannot resolve sub-block spatial detail
P->R1,18,16,DENSE,0.5,DENSE: entropy=0.96>0.7; many_blocks_above_0.01=32,,,"[0, 1, 2, 3, 4, 5, 6, 7, 8, 9, 10, 11, 12, 13, 14, 15, 16, 17, 18, 19, 20, 21, 22, 23, 24, 25, 26, 27]",block_size=256 spans ~4.9 token rows; cannot resolve sub-block spatial detail
X->P,18,16,DENSE,0.5,DENSE: entropy=0.92>0.7; many_blocks_above_0.01=23,,,,block_size=256 spans ~4.9 token rows; cannot resolve sub-block spatial detail
X->X,18,16,DENSE,0.5,DENSE: entropy=0.83>0.7; many_blocks_above_0.01=30,,,,block_size=256 spans ~4.9 token rows; cannot resolve sub-block spatial detail
S->P,18,16,DENSE,0.5,DENSE: entropy=0.95>0.7; many_blocks_above_0.01=32,,,,block_size=256 spans ~4.9 token rows; cannot resolve sub-block spatial detail
S->X,18,16,DENSE,0.5,DENSE: entropy=0.85>0.7; many_blocks_above_0.01=26,,,,block_size=256 spans ~4.9 token rows; cannot resolve sub-block spatial detail
S->R1,18,16,DENSE,0.3333333333333333,DENSE: entropy=0.77>0.7,,,,block_size=256 spans ~4.9 token rows; cannot resolve sub-block spatial detail
R1->P,18,16,DENSE,0.5,DENSE: entropy=0.95>0.7; many_blocks_above_0.01=32,,,,block_size=256 spans ~4.9 token rows; cannot resolve sub-block spatial detail
R1->X,18,16,DENSE,0.7666666666666666,DENSE: entropy=0.89>0.7; max_block=0.029<0.03; many_blocks_above_0.01=28,,,,block_size=256 spans ~4.9 token rows; cannot resolve sub-block spatial detail
R1->S,18,16,DENSE,0.3333333333333333,DENSE: entropy=0.76>0.7,,,,block_size=256 spans ~4.9 token rows; cannot resolve sub-block spatial detail
P->X,18,17,DENSE,0.5,DENSE: entropy=0.97>0.7; many_blocks_above_0.01=30,,,,block_size=256 spans ~4.9 token rows; cannot resolve sub-block spatial detail
P->S,18,17,DENSE,0.5,DENSE: entropy=0.90>0.7; many_blocks_above_0.01=29,,,"[0, 1, 2, 3, 4, 5, 6, 7, 8, 9, 10, 16, 17, 18, 19, 20]",block_size=256 spans ~4.9 token rows; cannot resolve sub-block spatial detail
P->R1,18,17,DENSE,0.5,DENSE: entropy=0.97>0.7; many_blocks_above_0.01=33,,,"[0, 1, 2, 3, 4, 5, 6, 7, 8, 9, 10, 11, 12, 13, 14, 15, 16, 17, 18, 19, 20, 21, 22, 23, 24, 25, 26, 27]",block_size=256 spans ~4.9 token rows; cannot resolve sub-block spatial detail
X->P,18,17,DENSE,0.5,DENSE: entropy=0.97>0.7; many_blocks_above_0.01=32,,,,block_size=256 spans ~4.9 token rows; cannot resolve sub-block spatial detail
S->P,18,17,DENSE,0.5,DENSE: entropy=0.98>0.7; many_blocks_above_0.01=33,,,,block_size=256 spans ~4.9 token rows; cannot resolve sub-block spatial detail
R1->P,18,17,DENSE,0.5,DENSE: entropy=0.99>0.7; many_blocks_above_0.01=34,,,,block_size=256 spans ~4.9 token rows; cannot resolve sub-block spatial detail
P->X,18,18,DENSE,0.5,DENSE: entropy=0.98>0.7; many_blocks_above_0.01=32,,,,block_size=256 spans ~4.9 token rows; cannot resolve sub-block spatial detail
P->S,18,18,DENSE,0.5,DENSE: entropy=0.85>0.7; many_blocks_above_0.01=28,,,"[0, 1, 2, 3, 4, 5, 6, 7, 8, 9]",block_size=256 spans ~4.9 token rows; cannot resolve sub-block spatial detail
X->P,18,18,DENSE,0.5,DENSE: entropy=0.97>0.7; many_blocks_above_0.01=32,,,,block_size=256 spans ~4.9 token rows; cannot resolve sub-block spatial detail
X->X,18,18,DENSE,0.6,DENSE: entropy=0.96>0.7; max_block=0.018<0.03,,,,block_size=256 spans ~4.9 token rows; cannot resolve sub-block spatial detail
S->P,18,18,DENSE,0.5,DENSE: entropy=0.96>0.7; many_blocks_above_0.01=33,,,,block_size=256 spans ~4.9 token rows; cannot resolve sub-block spatial detail
S->X,18,18,DENSE,0.6,DENSE: entropy=0.95>0.7; max_block=0.026<0.03,,,,block_size=256 spans ~4.9 token rows; cannot resolve sub-block spatial detail
S->S,18,18,DENSE,0.6,DENSE: entropy=0.94>0.7; max_block=0.021<0.03,,,,block_size=256 spans ~4.9 token rows; cannot resolve sub-block spatial detail
S->R1,18,18,DENSE,0.3333333333333333,DENSE: entropy=0.88>0.7,,,,block_size=256 spans ~4.9 token rows; cannot resolve sub-block spatial detail
R1->P,18,18,DENSE,0.5,DENSE: entropy=0.98>0.7; many_blocks_above_0.01=34,,,,block_size=256 spans ~4.9 token rows; cannot resolve sub-block spatial detail
R1->X,18,18,DENSE,0.6,DENSE: entropy=0.95>0.7; max_block=0.027<0.03,,,,block_size=256 spans ~4.9 token rows; cannot resolve sub-block spatial detail
R1->R1,18,18,DENSE,0.6,DENSE: entropy=0.94>0.7; max_block=0.021<0.03,,,,block_size=256 spans ~4.9 token rows; cannot resolve sub-block spatial detail
P->X,18,19,DENSE,0.5,DENSE: entropy=0.98>0.7; many_blocks_above_0.01=32,,,"[0, 1, 2, 3, 4, 5, 6, 7, 8, 9, 10, 11, 12, 13, 14, 15, 16, 17, 18, 19, 20, 21, 22, 23, 24, 25, 26, 27]",block_size=256 spans ~4.9 token rows; cannot resolve sub-block spatial detail
X->P,18,19,DENSE,0.3333333333333333,DENSE: entropy=0.91>0.7,,,,block_size=256 spans ~4.9 token rows; cannot resolve sub-block spatial detail
X->R1,18,19,DENSE,0.5,DENSE: entropy=0.80>0.7; many_blocks_above_0.01=29,,,,block_size=256 spans ~4.9 token rows; cannot resolve sub-block spatial detail
S->R1,18,19,DENSE,0.5,DENSE: entropy=0.73>0.7; many_blocks_above_0.01=26,,,,block_size=256 spans ~4.9 token rows; cannot resolve sub-block spatial detail
R1->X,18,19,DENSE,0.5,DENSE: entropy=0.84>0.7; many_blocks_above_0.01=20,,,,block_size=256 spans ~4.9 token rows; cannot resolve sub-block spatial detail
P->X,18,20,DENSE,0.5,DENSE: entropy=0.99>0.7; many_blocks_above_0.01=32,,,,block_size=256 spans ~4.9 token rows; cannot resolve sub-block spatial detail
P->S,18,20,DENSE,0.5,DENSE: entropy=0.89>0.7; many_blocks_above_0.01=23,,,"[0, 1, 2, 3, 4, 5, 11, 12, 13, 14, 15, 16, 17, 18, 19, 20, 21]",block_size=256 spans ~4.9 token rows; cannot resolve sub-block spatial detail
P->R1,18,20,DENSE,0.5,DENSE: entropy=0.97>0.7; many_blocks_above_0.01=33,,,"[10, 11, 12, 13, 14, 15, 16, 17, 18, 19, 20, 21, 22, 23, 24, 25, 26, 27]",block_size=256 spans ~4.9 token rows; cannot resolve sub-block spatial detail
X->P,18,20,DENSE,0.5,DENSE: entropy=0.96>0.7; many_blocks_above_0.01=32,,,,block_size=256 spans ~4.9 token rows; cannot resolve sub-block spatial detail
X->X,18,20,DENSE,0.5,DENSE: entropy=0.81>0.7; many_blocks_above_0.01=26,,,,block_size=256 spans ~4.9 token rows; cannot resolve sub-block spatial detail
S->P,18,20,DENSE,0.5,DENSE: entropy=0.96>0.7; many_blocks_above_0.01=33,,,,block_size=256 spans ~4.9 token rows; cannot resolve sub-block spatial detail
S->X,18,20,DENSE,0.3333333333333333,DENSE: entropy=0.88>0.7,,,,block_size=256 spans ~4.9 token rows; cannot resolve sub-block spatial detail
S->R1,18,20,DENSE,0.3333333333333333,DENSE: entropy=0.81>0.7,,,,block_size=256 spans ~4.9 token rows; cannot resolve sub-block spatial detail
R1->P,18,20,DENSE,0.5,DENSE: entropy=0.92>0.7; many_blocks_above_0.01=21,,,,block_size=256 spans ~4.9 token rows; cannot resolve sub-block spatial detail
R1->X,18,20,DENSE,0.5,DENSE: entropy=0.88>0.7; many_blocks_above_0.01=27,,,,block_size=256 spans ~4.9 token rows; cannot resolve sub-block spatial detail
P->X,18,21,DENSE,0.5,DENSE: entropy=0.99>0.7; many_blocks_above_0.01=32,,,,block_size=256 spans ~4.9 token rows; cannot resolve sub-block spatial detail
P->S,18,21,DENSE,0.5,DENSE: entropy=0.73>0.7; many_blocks_above_0.01=22,,,,block_size=256 spans ~4.9 token rows; cannot resolve sub-block spatial detail
X->P,18,21,DENSE,0.5,DENSE: entropy=0.95>0.7; many_blocks_above_0.01=30,,,,block_size=256 spans ~4.9 token rows; cannot resolve sub-block spatial detail
S->P,18,21,DENSE,0.5,DENSE: entropy=0.98>0.7; many_blocks_above_0.01=34,,,,block_size=256 spans ~4.9 token rows; cannot resolve sub-block spatial detail
R1->P,18,21,DENSE,0.5,DENSE: entropy=0.98>0.7; many_blocks_above_0.01=34,,,,block_size=256 spans ~4.9 token rows; cannot resolve sub-block spatial detail
R1->S,18,21,DENSE,0.6,DENSE: entropy=0.92>0.7; max_block=0.021<0.03,,,,block_size=256 spans ~4.9 token rows; cannot resolve sub-block spatial detail
P->X,18,22,DENSE,0.5,DENSE: entropy=0.97>0.7; many_blocks_above_0.01=31,,,,block_size=256 spans ~4.9 token rows; cannot resolve sub-block spatial detail
P->S,18,22,DENSE,0.5,DENSE: entropy=0.94>0.7; many_blocks_above_0.01=30,,,"[1, 2, 3, 4, 5, 6, 7, 8, 9, 10, 11, 12, 13, 14, 15, 16, 17, 18, 19, 20, 21, 22, 23, 24, 25, 26, 27]",block_size=256 spans ~4.9 token rows; cannot resolve sub-block spatial detail
P->R1,18,22,DENSE,0.5,DENSE: entropy=0.96>0.7; many_blocks_above_0.01=31,,,"[0, 1, 2, 3, 4, 5, 6, 7, 8, 9, 10, 11, 12, 13, 14, 15, 16, 17, 18, 19, 20, 21, 22, 23, 24, 25, 26, 27]",block_size=256 spans ~4.9 token rows; cannot resolve sub-block spatial detail
X->P,18,22,DENSE,0.5,DENSE: entropy=0.95>0.7; many_blocks_above_0.01=31,,,,block_size=256 spans ~4.9 token rows; cannot resolve sub-block spatial detail
X->X,18,22,DENSE,0.3333333333333333,DENSE: entropy=0.87>0.7,,,,block_size=256 spans ~4.9 token rows; cannot resolve sub-block spatial detail
X->S,18,22,DENSE,0.3333333333333333,DENSE: entropy=0.78>0.7,,,,block_size=256 spans ~4.9 token rows; cannot resolve sub-block spatial detail
X->R1,18,22,DENSE,0.5,DENSE: entropy=0.87>0.7; many_blocks_above_0.01=27,,,,block_size=256 spans ~4.9 token rows; cannot resolve sub-block spatial detail
S->P,18,22,DENSE,0.5,DENSE: entropy=0.89>0.7; many_blocks_above_0.01=27,,,,block_size=256 spans ~4.9 token rows; cannot resolve sub-block spatial detail
S->X,18,22,DENSE,0.5,DENSE: entropy=0.83>0.7; many_blocks_above_0.01=20,,,,block_size=256 spans ~4.9 token rows; cannot resolve sub-block spatial detail
S->S,18,22,DENSE,0.5,DENSE: entropy=0.82>0.7; many_blocks_above_0.01=28,,,,block_size=256 spans ~4.9 token rows; cannot resolve sub-block spatial detail
S->R1,18,22,DENSE,0.3333333333333333,DENSE: entropy=0.88>0.7,,,,block_size=256 spans ~4.9 token rows; cannot resolve sub-block spatial detail
R1->P,18,22,DENSE,0.5,DENSE: entropy=0.92>0.7; many_blocks_above_0.01=27,,,[0],block_size=256 spans ~4.9 token rows; cannot resolve sub-block spatial detail
R1->X,18,22,DENSE,0.7666666666666666,DENSE: entropy=0.92>0.7; max_block=0.024<0.03; many_blocks_above_0.01=28,,,,block_size=256 spans ~4.9 token rows; cannot resolve sub-block spatial detail
R1->S,18,22,DENSE,0.3333333333333333,DENSE: entropy=0.86>0.7,,,,block_size=256 spans ~4.9 token rows; cannot resolve sub-block spatial detail
R1->R1,18,22,DENSE,0.5,DENSE: entropy=0.84>0.7; many_blocks_above_0.01=20,,,,block_size=256 spans ~4.9 token rows; cannot resolve sub-block spatial detail
P->X,18,23,DENSE,0.5,DENSE: entropy=0.95>0.7; many_blocks_above_0.01=28,,,,block_size=256 spans ~4.9 token rows; cannot resolve sub-block spatial detail
P->S,18,23,DENSE,0.5,DENSE: entropy=0.89>0.7; many_blocks_above_0.01=26,,,"[0, 1, 2, 3, 4, 5, 6, 16, 17, 18, 19, 20]",block_size=256 spans ~4.9 token rows; cannot resolve sub-block spatial detail
P->R1,18,23,DENSE,0.5,DENSE: entropy=0.95>0.7; many_blocks_above_0.01=32,,,"[0, 1, 2, 3, 4, 5, 6, 7, 8, 9, 10, 11, 12, 13, 14, 15, 16, 17, 18, 19, 20, 21, 22, 23, 24, 25, 26, 27]",block_size=256 spans ~4.9 token rows; cannot resolve sub-block spatial detail
X->P,18,23,DENSE,0.5,DENSE: entropy=0.98>0.7; many_blocks_above_0.01=32,,,,block_size=256 spans ~4.9 token rows; cannot resolve sub-block spatial detail
X->X,18,23,DENSE,0.5,DENSE: entropy=0.81>0.7; many_blocks_above_0.01=37,,,,block_size=256 spans ~4.9 token rows; cannot resolve sub-block spatial detail
X->R1,18,23,DENSE,0.5,DENSE: entropy=0.81>0.7; many_blocks_above_0.01=32,,,,block_size=256 spans ~4.9 token rows; cannot resolve sub-block spatial detail
S->P,18,23,DENSE,0.5,DENSE: entropy=0.92>0.7; many_blocks_above_0.01=29,,,,block_size=256 spans ~4.9 token rows; cannot resolve sub-block spatial detail
S->X,18,23,DENSE,0.3333333333333333,DENSE: entropy=0.75>0.7,,,,block_size=256 spans ~4.9 token rows; cannot resolve sub-block spatial detail
S->S,18,23,DENSE,0.5,DENSE: entropy=0.82>0.7; many_blocks_above_0.01=29,,,,block_size=256 spans ~4.9 token rows; cannot resolve sub-block spatial detail
S->R1,18,23,DENSE,0.3333333333333333,DENSE: entropy=0.79>0.7,,,,block_size=256 spans ~4.9 token rows; cannot resolve sub-block spatial detail
R1->P,18,23,DENSE,0.5,DENSE: entropy=0.98>0.7; many_blocks_above_0.01=34,,,,block_size=256 spans ~4.9 token rows; cannot resolve sub-block spatial detail
R1->X,18,23,DENSE,0.5,DENSE: entropy=0.88>0.7; many_blocks_above_0.01=30,,,,block_size=256 spans ~4.9 token rows; cannot resolve sub-block spatial detail
R1->S,18,23,DENSE,0.3333333333333333,DENSE: entropy=0.78>0.7,,,,block_size=256 spans ~4.9 token rows; cannot resolve sub-block spatial detail
R1->R1,18,23,DENSE,0.5,DENSE: entropy=0.79>0.7; many_blocks_above_0.01=24,,,,block_size=256 spans ~4.9 token rows; cannot resolve sub-block spatial detail
P->X,19,0,DENSE,0.5,DENSE: entropy=0.95>0.7; many_blocks_above_0.01=28,,,"[0, 1, 2, 3, 4, 5, 6, 7, 8, 9, 10, 11, 12, 13, 14, 15, 16, 17, 18, 19, 20, 21, 22, 23, 24, 25, 26, 27]",block_size=256 spans ~4.9 token rows; cannot resolve sub-block spatial detail
P->X,19,1,DENSE,0.5,DENSE: entropy=0.97>0.7; many_blocks_above_0.01=32,,,"[0, 11, 12, 13, 14, 15, 16, 26, 27]",block_size=256 spans ~4.9 token rows; cannot resolve sub-block spatial detail
X->P,19,1,DENSE,0.5,DENSE: entropy=0.93>0.7; many_blocks_above_0.01=29,,,,block_size=256 spans ~4.9 token rows; cannot resolve sub-block spatial detail
S->P,19,1,DENSE,0.5,DENSE: entropy=0.97>0.7; many_blocks_above_0.01=33,,,,block_size=256 spans ~4.9 token rows; cannot resolve sub-block spatial detail
S->X,19,1,DENSE,0.3333333333333333,DENSE: entropy=0.91>0.7,,,,block_size=256 spans ~4.9 token rows; cannot resolve sub-block spatial detail
R1->P,19,1,DENSE,0.5,DENSE: entropy=0.93>0.7; many_blocks_above_0.01=25,,,,block_size=256 spans ~4.9 token rows; cannot resolve sub-block spatial detail
R1->S,19,1,DENSE,0.5,DENSE: entropy=0.76>0.7; many_blocks_above_0.01=33,,,,block_size=256 spans ~4.9 token rows; cannot resolve sub-block spatial detail
P->X,19,2,DENSE,0.5,DENSE: entropy=0.97>0.7; many_blocks_above_0.01=30,,,"[0, 1, 2, 3]",block_size=256 spans ~4.9 token rows; cannot resolve sub-block spatial detail
P->S,19,2,DENSE,0.5,DENSE: entropy=0.92>0.7; many_blocks_above_0.01=31,,,"[0, 1, 2, 3, 4, 5, 6, 7, 8, 9, 10, 11, 12, 13, 14, 15, 16, 17, 18, 19, 20, 21, 22]",block_size=256 spans ~4.9 token rows; cannot resolve sub-block spatial detail
P->R1,19,2,DENSE,0.5,DENSE: entropy=0.97>0.7; many_blocks_above_0.01=33,,,"[0, 1, 2, 3, 4, 5, 6, 7, 8, 9, 10, 11, 12, 13, 14, 15, 16, 17, 18, 19, 20, 21, 22, 23, 24, 25, 26, 27]",block_size=256 spans ~4.9 token rows; cannot resolve sub-block spatial detail
X->P,19,2,DENSE,0.5,DENSE: entropy=0.96>0.7; many_blocks_above_0.01=32,,,,block_size=256 spans ~4.9 token rows; cannot resolve sub-block spatial detail
S->P,19,2,DENSE,0.5,DENSE: entropy=0.95>0.7; many_blocks_above_0.01=34,,,,block_size=256 spans ~4.9 token rows; cannot resolve sub-block spatial detail
S->X,19,2,DENSE,0.3333333333333333,DENSE: entropy=0.87>0.7,,,,block_size=256 spans ~4.9 token rows; cannot resolve sub-block spatial detail
S->R1,19,2,DENSE,0.3333333333333333,DENSE: entropy=0.75>0.7,,,,block_size=256 spans ~4.9 token rows; cannot resolve sub-block spatial detail
R1->P,19,2,DENSE,0.5,DENSE: entropy=0.94>0.7; many_blocks_above_0.01=30,,,,block_size=256 spans ~4.9 token rows; cannot resolve sub-block spatial detail
R1->X,19,2,DENSE,0.7666666666666666,DENSE: entropy=0.90>0.7; max_block=0.030<0.03; many_blocks_above_0.01=25,,,,block_size=256 spans ~4.9 token rows; cannot resolve sub-block spatial detail
R1->S,19,2,DENSE,0.3333333333333333,DENSE: entropy=0.78>0.7,,,,block_size=256 spans ~4.9 token rows; cannot resolve sub-block spatial detail
P->X,19,3,DENSE,0.5,DENSE: entropy=0.97>0.7; many_blocks_above_0.01=32,,,,block_size=256 spans ~4.9 token rows; cannot resolve sub-block spatial detail
P->S,19,3,DENSE,0.5,DENSE: entropy=0.80>0.7; many_blocks_above_0.01=25,,,[0],block_size=256 spans ~4.9 token rows; cannot resolve sub-block spatial detail
X->P,19,3,DENSE,0.5,DENSE: entropy=0.91>0.7; many_blocks_above_0.01=22,,,,block_size=256 spans ~4.9 token rows; cannot resolve sub-block spatial detail
R1->X,19,3,DENSE,0.5,DENSE: entropy=0.80>0.7; many_blocks_above_0.01=29,,,,block_size=256 spans ~4.9 token rows; cannot resolve sub-block spatial detail
P->X,19,4,DENSE,0.5,DENSE: entropy=0.97>0.7; many_blocks_above_0.01=31,,,,block_size=256 spans ~4.9 token rows; cannot resolve sub-block spatial detail
P->S,19,4,DENSE,0.5,DENSE: entropy=0.93>0.7; many_blocks_above_0.01=32,,,"[0, 1, 2, 3, 4, 5, 6, 7, 8, 9, 10, 11, 12, 13, 14, 15, 16, 17, 18, 19, 20, 21, 22, 23]",block_size=256 spans ~4.9 token rows; cannot resolve sub-block spatial detail
P->R1,19,4,DENSE,0.5,DENSE: entropy=0.96>0.7; many_blocks_above_0.01=29,,,"[0, 1, 2, 3, 4, 5, 6, 7, 8, 9, 10, 11, 12, 13, 14, 15, 16, 17, 18, 19, 20, 21, 22, 23, 24, 25, 26, 27]",block_size=256 spans ~4.9 token rows; cannot resolve sub-block spatial detail
X->P,19,4,DENSE,0.5,DENSE: entropy=0.97>0.7; many_blocks_above_0.01=32,,,,block_size=256 spans ~4.9 token rows; cannot resolve sub-block spatial detail
X->X,19,4,DENSE,0.3333333333333333,DENSE: entropy=0.80>0.7,,,,block_size=256 spans ~4.9 token rows; cannot resolve sub-block spatial detail
X->S,19,4,DENSE,0.5,DENSE: entropy=0.77>0.7; many_blocks_above_0.01=21,,,,block_size=256 spans ~4.9 token rows; cannot resolve sub-block spatial detail
X->R1,19,4,DENSE,0.5,DENSE: entropy=0.84>0.7; many_blocks_above_0.01=30,,,,block_size=256 spans ~4.9 token rows; cannot resolve sub-block spatial detail
S->P,19,4,DENSE,0.5,DENSE: entropy=0.92>0.7; many_blocks_above_0.01=28,,,,block_size=256 spans ~4.9 token rows; cannot resolve sub-block spatial detail
S->X,19,4,DENSE,0.3333333333333333,DENSE: entropy=0.80>0.7,,,,block_size=256 spans ~4.9 token rows; cannot resolve sub-block spatial detail
S->S,19,4,DENSE,0.5,DENSE: entropy=0.82>0.7; many_blocks_above_0.01=24,,,,block_size=256 spans ~4.9 token rows; cannot resolve sub-block spatial detail
S->R1,19,4,DENSE,0.3333333333333333,DENSE: entropy=0.84>0.7,,,,block_size=256 spans ~4.9 token rows; cannot resolve sub-block spatial detail
R1->P,19,4,DENSE,0.5,DENSE: entropy=0.95>0.7; many_blocks_above_0.01=32,,,,block_size=256 spans ~4.9 token rows; cannot resolve sub-block spatial detail
R1->X,19,4,DENSE,0.5,DENSE: entropy=0.88>0.7; many_blocks_above_0.01=28,,,,block_size=256 spans ~4.9 token rows; cannot resolve sub-block spatial detail
R1->S,19,4,DENSE,0.3333333333333333,DENSE: entropy=0.82>0.7,,,,block_size=256 spans ~4.9 token rows; cannot resolve sub-block spatial detail
R1->R1,19,4,DENSE,0.3333333333333333,DENSE: entropy=0.80>0.7,,,,block_size=256 spans ~4.9 token rows; cannot resolve sub-block spatial detail
P->X,19,5,DENSE,0.5,DENSE: entropy=0.96>0.7; many_blocks_above_0.01=30,,,"[0, 1, 2, 3, 6, 7, 8, 9, 10, 11, 12, 13, 14, 15, 16, 17, 18, 19, 20, 21, 22, 23, 24, 25, 26, 27]",block_size=256 spans ~4.9 token rows; cannot resolve sub-block spatial detail
X->P,19,5,DENSE,0.5,DENSE: entropy=0.94>0.7; many_blocks_above_0.01=29,,,,block_size=256 spans ~4.9 token rows; cannot resolve sub-block spatial detail
X->X,19,5,DENSE,0.7666666666666666,DENSE: entropy=0.91>0.7; max_block=0.023<0.03; many_blocks_above_0.01=24,,,,block_size=256 spans ~4.9 token rows; cannot resolve sub-block spatial detail
S->P,19,5,DENSE,0.5,DENSE: entropy=0.99>0.7; many_blocks_above_0.01=34,,,,block_size=256 spans ~4.9 token rows; cannot resolve sub-block spatial detail
S->S,19,5,DENSE,0.7666666666666666,DENSE: entropy=0.91>0.7; max_block=0.024<0.03; many_blocks_above_0.01=25,,,,block_size=256 spans ~4.9 token rows; cannot resolve sub-block spatial detail
R1->P,19,5,DENSE,0.5,DENSE: entropy=0.98>0.7; many_blocks_above_0.01=34,,,,block_size=256 spans ~4.9 token rows; cannot resolve sub-block spatial detail
R1->X,19,5,DENSE,0.6,DENSE: entropy=0.94>0.7; max_block=0.021<0.03,,,,block_size=256 spans ~4.9 token rows; cannot resolve sub-block spatial detail
R1->R1,19,5,DENSE,0.6,DENSE: entropy=0.93>0.7; max_block=0.021<0.03,,,,block_size=256 spans ~4.9 token rows; cannot resolve sub-block spatial detail
X->P,19,6,DENSE,0.5,DENSE: entropy=0.91>0.7; many_blocks_above_0.01=25,,,,block_size=256 spans ~4.9 token rows; cannot resolve sub-block spatial detail
S->P,19,6,DENSE,0.5,DENSE: entropy=0.87>0.7; many_blocks_above_0.01=21,,,,block_size=256 spans ~4.9 token rows; cannot resolve sub-block spatial detail
X->P,19,7,DENSE,0.3333333333333333,DENSE: entropy=0.88>0.7,,,,block_size=256 spans ~4.9 token rows; cannot resolve sub-block spatial detail
P->X,19,8,DENSE,0.5,DENSE: entropy=0.97>0.7; many_blocks_above_0.01=32,,,,block_size=256 spans ~4.9 token rows; cannot resolve sub-block spatial detail
P->S,19,8,DENSE,0.5,DENSE: entropy=0.81>0.7; many_blocks_above_0.01=24,,,,block_size=256 spans ~4.9 token rows; cannot resolve sub-block spatial detail
X->X,19,8,DENSE,0.5,DENSE: entropy=0.92>0.7; many_blocks_above_0.01=20,,,,block_size=256 spans ~4.9 token rows; cannot resolve sub-block spatial detail
S->P,19,8,DENSE,0.5,DENSE: entropy=0.96>0.7; many_blocks_above_0.01=32,,,,block_size=256 spans ~4.9 token rows; cannot resolve sub-block spatial detail
S->X,19,8,DENSE,0.6,DENSE: entropy=0.97>0.7; max_block=0.014<0.03,,,,block_size=256 spans ~4.9 token rows; cannot resolve sub-block spatial detail
S->S,19,8,DENSE,0.7666666666666666,DENSE: entropy=0.90>0.7; max_block=0.030<0.03; many_blocks_above_0.01=23,,,,block_size=256 spans ~4.9 token rows; cannot resolve sub-block spatial detail
S->R1,19,8,DENSE,0.3333333333333333,DENSE: entropy=0.92>0.7,,,,block_size=256 spans ~4.9 token rows; cannot resolve sub-block spatial detail
R1->P,19,8,DENSE,0.5,DENSE: entropy=0.98>0.7; many_blocks_above_0.01=34,,,,block_size=256 spans ~4.9 token rows; cannot resolve sub-block spatial detail
R1->X,19,8,DENSE,0.6,DENSE: entropy=0.97>0.7; max_block=0.015<0.03,,,,block_size=256 spans ~4.9 token rows; cannot resolve sub-block spatial detail
R1->S,19,8,DENSE,0.3333333333333333,DENSE: entropy=0.80>0.7,,,,block_size=256 spans ~4.9 token rows; cannot resolve sub-block spatial detail
R1->R1,19,8,DENSE,0.3333333333333333,DENSE: entropy=0.89>0.7,,,,block_size=256 spans ~4.9 token rows; cannot resolve sub-block spatial detail
P->X,19,9,DENSE,0.5,DENSE: entropy=0.98>0.7; many_blocks_above_0.01=32,,,,block_size=256 spans ~4.9 token rows; cannot resolve sub-block spatial detail
P->S,19,9,DENSE,0.5,DENSE: entropy=0.88>0.7; many_blocks_above_0.01=25,,,"[0, 8, 9, 11, 15, 16, 17, 18, 19, 20]",block_size=256 spans ~4.9 token rows; cannot resolve sub-block spatial detail
X->P,19,9,DENSE,0.3333333333333333,DENSE: entropy=0.91>0.7,,,,block_size=256 spans ~4.9 token rows; cannot resolve sub-block spatial detail
X->X,19,9,DENSE,0.5,DENSE: entropy=0.90>0.7; many_blocks_above_0.01=24,,,,block_size=256 spans ~4.9 token rows; cannot resolve sub-block spatial detail
S->X,19,9,DENSE,0.3333333333333333,DENSE: entropy=0.90>0.7,,,,block_size=256 spans ~4.9 token rows; cannot resolve sub-block spatial detail
S->S,19,9,DENSE,0.5,DENSE: entropy=0.79>0.7; many_blocks_above_0.01=22,,,,block_size=256 spans ~4.9 token rows; cannot resolve sub-block spatial detail
R1->X,19,9,DENSE,0.6,DENSE: entropy=0.95>0.7; max_block=0.020<0.03,,,,block_size=256 spans ~4.9 token rows; cannot resolve sub-block spatial detail
P->X,19,10,DENSE,0.5,DENSE: entropy=0.95>0.7; many_blocks_above_0.01=30,,,"[0, 1, 2, 3, 4, 5, 6, 7, 8, 9, 10, 11, 12, 13, 14, 15, 16, 17, 18, 19, 20, 21, 22, 23, 24, 25, 26, 27]",block_size=256 spans ~4.9 token rows; cannot resolve sub-block spatial detail
X->P,19,10,DENSE,0.5,DENSE: entropy=0.91>0.7; many_blocks_above_0.01=21,,,,block_size=256 spans ~4.9 token rows; cannot resolve sub-block spatial detail
S->P,19,10,DENSE,0.5,DENSE: entropy=0.92>0.7; many_blocks_above_0.01=22,,,,block_size=256 spans ~4.9 token rows; cannot resolve sub-block spatial detail
R1->P,19,10,DENSE,0.5,DENSE: entropy=0.92>0.7; many_blocks_above_0.01=21,,,,block_size=256 spans ~4.9 token rows; cannot resolve sub-block spatial detail
P->X,19,11,DENSE,0.5,DENSE: entropy=0.96>0.7; many_blocks_above_0.01=31,,,"[0, 1, 2, 3, 4, 5, 6, 7, 8, 9, 10, 11, 12, 13, 14, 15, 16, 17, 18, 19, 20, 21, 22, 23]",block_size=256 spans ~4.9 token rows; cannot resolve sub-block spatial detail
P->S,19,11,DENSE,0.5,DENSE: entropy=0.94>0.7; many_blocks_above_0.01=28,,,"[1, 2, 3, 4, 5, 6, 7, 8, 9, 10, 11, 12, 13, 14, 15, 16, 17, 18, 19, 20, 21, 22, 23, 24, 25, 26, 27]",block_size=256 spans ~4.9 token rows; cannot resolve sub-block spatial detail
X->P,19,11,DENSE,0.5,DENSE: entropy=0.96>0.7; many_blocks_above_0.01=32,,,,block_size=256 spans ~4.9 token rows; cannot resolve sub-block spatial detail
S->P,19,11,DENSE,0.5,DENSE: entropy=0.97>0.7; many_blocks_above_0.01=33,,,,block_size=256 spans ~4.9 token rows; cannot resolve sub-block spatial detail
S->X,19,11,DENSE,0.3333333333333333,DENSE: entropy=0.94>0.7,,,,block_size=256 spans ~4.9 token rows; cannot resolve sub-block spatial detail
R1->P,19,11,DENSE,0.5,DENSE: entropy=0.98>0.7; many_blocks_above_0.01=34,,,,block_size=256 spans ~4.9 token rows; cannot resolve sub-block spatial detail
R1->X,19,11,DENSE,0.6,DENSE: entropy=0.94>0.7; max_block=0.025<0.03,,,,block_size=256 spans ~4.9 token rows; cannot resolve sub-block spatial detail
P->X,19,12,DENSE,0.5,DENSE: entropy=0.97>0.7; many_blocks_above_0.01=31,,,[0],block_size=256 spans ~4.9 token rows; cannot resolve sub-block spatial detail
P->S,19,12,DENSE,0.5,DENSE: entropy=0.93>0.7; many_blocks_above_0.01=30,,,"[0, 1, 2, 3, 4, 5, 6, 7, 8, 9, 10, 11, 12, 13, 14, 15, 16, 17, 18, 19, 20, 21, 22, 23, 24, 25]",block_size=256 spans ~4.9 token rows; cannot resolve sub-block spatial detail
X->P,19,12,DENSE,0.5,DENSE: entropy=0.96>0.7; many_blocks_above_0.01=32,,,,block_size=256 spans ~4.9 token rows; cannot resolve sub-block spatial detail
X->X,19,12,DENSE,0.3333333333333333,DENSE: entropy=0.78>0.7,,,,block_size=256 spans ~4.9 token rows; cannot resolve sub-block spatial detail
S->P,19,12,DENSE,0.5,DENSE: entropy=0.97>0.7; many_blocks_above_0.01=34,,,,block_size=256 spans ~4.9 token rows; cannot resolve sub-block spatial detail
S->X,19,12,DENSE,0.3333333333333333,DENSE: entropy=0.90>0.7,,,,block_size=256 spans ~4.9 token rows; cannot resolve sub-block spatial detail
R1->P,19,12,DENSE,0.5,DENSE: entropy=0.96>0.7; many_blocks_above_0.01=34,,,,block_size=256 spans ~4.9 token rows; cannot resolve sub-block spatial detail
R1->X,19,12,DENSE,0.7666666666666666,DENSE: entropy=0.91>0.7; max_block=0.028<0.03; many_blocks_above_0.01=27,,,,block_size=256 spans ~4.9 token rows; cannot resolve sub-block spatial detail
R1->S,19,12,DENSE,0.5,DENSE: entropy=0.77>0.7; many_blocks_above_0.01=22,,,,block_size=256 spans ~4.9 token rows; cannot resolve sub-block spatial detail
P->X,19,13,DENSE,0.5,DENSE: entropy=0.97>0.7; many_blocks_above_0.01=32,,,"[0, 1, 2, 3, 4, 5, 6, 7]",block_size=256 spans ~4.9 token rows; cannot resolve sub-block spatial detail
P->S,19,13,DENSE,0.5,DENSE: entropy=0.89>0.7; many_blocks_above_0.01=22,,,"[18, 19, 20, 21]",block_size=256 spans ~4.9 token rows; cannot resolve sub-block spatial detail
P->R1,19,13,DENSE,0.5,DENSE: entropy=0.97>0.7; many_blocks_above_0.01=33,,,"[9, 10, 11, 12, 13, 14, 15, 16, 17, 18, 19, 20, 21, 22, 23, 24, 25, 26, 27]",block_size=256 spans ~4.9 token rows; cannot resolve sub-block spatial detail
X->P,19,13,DENSE,0.5,DENSE: entropy=0.96>0.7; many_blocks_above_0.01=31,,,,block_size=256 spans ~4.9 token rows; cannot resolve sub-block spatial detail
X->X,19,13,DENSE,0.7666666666666666,DENSE: entropy=0.92>0.7; max_block=0.029<0.03; many_blocks_above_0.01=20,,,,block_size=256 spans ~4.9 token rows; cannot resolve sub-block spatial detail
S->P,19,13,DENSE,0.5,DENSE: entropy=0.93>0.7; many_blocks_above_0.01=31,,,,block_size=256 spans ~4.9 token rows; cannot resolve sub-block spatial detail
S->X,19,13,DENSE,0.3333333333333333,DENSE: entropy=0.88>0.7,,,,block_size=256 spans ~4.9 token rows; cannot resolve sub-block spatial detail
S->S,19,13,DENSE,0.5,DENSE: entropy=0.83>0.7; many_blocks_above_0.01=24,,,,block_size=256 spans ~4.9 token rows; cannot resolve sub-block spatial detail
S->R1,19,13,DENSE,0.3333333333333333,DENSE: entropy=0.76>0.7,,,,block_size=256 spans ~4.9 token rows; cannot resolve sub-block spatial detail
R1->P,19,13,DENSE,0.5,DENSE: entropy=0.96>0.7; many_blocks_above_0.01=33,,,,block_size=256 spans ~4.9 token rows; cannot resolve sub-block spatial detail
R1->X,19,13,DENSE,0.6,DENSE: entropy=0.96>0.7; max_block=0.015<0.03,,,,block_size=256 spans ~4.9 token rows; cannot resolve sub-block spatial detail
R1->S,19,13,DENSE,0.3333333333333333,DENSE: entropy=0.80>0.7,,,,block_size=256 spans ~4.9 token rows; cannot resolve sub-block spatial detail
P->X,19,14,DENSE,0.5,DENSE: entropy=0.97>0.7; many_blocks_above_0.01=32,,,[0],block_size=256 spans ~4.9 token rows; cannot resolve sub-block spatial detail
P->S,19,14,DENSE,0.5,DENSE: entropy=0.91>0.7; many_blocks_above_0.01=28,,,"[3, 4, 5, 6, 7, 8, 9, 10, 11, 12, 13, 14, 20, 21, 22, 23]",block_size=256 spans ~4.9 token rows; cannot resolve sub-block spatial detail
P->R1,19,14,DENSE,0.5,DENSE: entropy=0.95>0.7; many_blocks_above_0.01=31,,,"[19, 20, 21, 22, 23, 24, 25, 26, 27]",block_size=256 spans ~4.9 token rows; cannot resolve sub-block spatial detail
X->P,19,14,DENSE,0.5,DENSE: entropy=0.98>0.7; many_blocks_above_0.01=32,,,,block_size=256 spans ~4.9 token rows; cannot resolve sub-block spatial detail
S->P,19,14,DENSE,0.5,DENSE: entropy=0.89>0.7; many_blocks_above_0.01=24,,,,block_size=256 spans ~4.9 token rows; cannot resolve sub-block spatial detail
R1->P,19,14,DENSE,0.5,DENSE: entropy=0.98>0.7; many_blocks_above_0.01=34,,,,block_size=256 spans ~4.9 token rows; cannot resolve sub-block spatial detail
R1->X,19,14,DENSE,0.5,DENSE: entropy=0.82>0.7; many_blocks_above_0.01=31,,,,block_size=256 spans ~4.9 token rows; cannot resolve sub-block spatial detail
P->X,19,15,DENSE,0.5,DENSE: entropy=0.97>0.7; many_blocks_above_0.01=32,,,,block_size=256 spans ~4.9 token rows; cannot resolve sub-block spatial detail
P->S,19,15,DENSE,0.5,DENSE: entropy=0.89>0.7; many_blocks_above_0.01=24,,,"[0, 1, 2, 3, 5, 20]",block_size=256 spans ~4.9 token rows; cannot resolve sub-block spatial detail
P->R1,19,15,DENSE,0.5,DENSE: entropy=0.95>0.7; many_blocks_above_0.01=33,,,"[4, 5, 6, 7, 8, 9, 10, 11, 12, 13, 14, 15, 16, 17, 18, 19, 20, 21, 22, 23, 24, 25, 26, 27]",block_size=256 spans ~4.9 token rows; cannot resolve sub-block spatial detail
X->P,19,15,DENSE,0.5,DENSE: entropy=0.99>0.7; many_blocks_above_0.01=32,,,,block_size=256 spans ~4.9 token rows; cannot resolve sub-block spatial detail
X->X,19,15,DENSE,0.5,DENSE: entropy=0.86>0.7; many_blocks_above_0.01=20,,,,block_size=256 spans ~4.9 token rows; cannot resolve sub-block spatial detail
S->P,19,15,DENSE,0.5,DENSE: entropy=0.95>0.7; many_blocks_above_0.01=28,,,,block_size=256 spans ~4.9 token rows; cannot resolve sub-block spatial detail
S->X,19,15,DENSE,0.3333333333333333,DENSE: entropy=0.90>0.7,,,,block_size=256 spans ~4.9 token rows; cannot resolve sub-block spatial detail
R1->P,19,15,DENSE,0.5,DENSE: entropy=0.99>0.7; many_blocks_above_0.01=34,,,,block_size=256 spans ~4.9 token rows; cannot resolve sub-block spatial detail
R1->X,19,15,DENSE,0.7666666666666666,DENSE: entropy=0.92>0.7; max_block=0.028<0.03; many_blocks_above_0.01=24,,,,block_size=256 spans ~4.9 token rows; cannot resolve sub-block spatial detail
X->P,19,16,DENSE,0.3333333333333333,DENSE: entropy=0.84>0.7,,,,block_size=256 spans ~4.9 token rows; cannot resolve sub-block spatial detail
S->P,19,16,DENSE,0.5,DENSE: entropy=0.83>0.7; many_blocks_above_0.01=21,,,,block_size=256 spans ~4.9 token rows; cannot resolve sub-block spatial detail
P->X,19,17,DENSE,0.5,DENSE: entropy=0.93>0.7; many_blocks_above_0.01=24,,,"[0, 10, 11, 12, 13, 14, 15, 16, 17]",block_size=256 spans ~4.9 token rows; cannot resolve sub-block spatial detail
P->S,19,17,DENSE,0.5,DENSE: entropy=0.90>0.7; many_blocks_above_0.01=27,,,"[21, 22, 23, 24]",block_size=256 spans ~4.9 token rows; cannot resolve sub-block spatial detail
P->R1,19,17,DENSE,0.5,DENSE: entropy=0.94>0.7; many_blocks_above_0.01=31,,,"[21, 22, 23]",block_size=256 spans ~4.9 token rows; cannot resolve sub-block spatial detail
X->P,19,17,DENSE,0.5,DENSE: entropy=0.97>0.7; many_blocks_above_0.01=31,,,,block_size=256 spans ~4.9 token rows; cannot resolve sub-block spatial detail
X->X,19,17,DENSE,0.5,DENSE: entropy=0.75>0.7; many_blocks_above_0.01=30,,,,block_size=256 spans ~4.9 token rows; cannot resolve sub-block spatial detail
S->P,19,17,DENSE,0.5,DENSE: entropy=0.91>0.7; many_blocks_above_0.01=27,,,,block_size=256 spans ~4.9 token rows; cannot resolve sub-block spatial detail
S->X,19,17,DENSE,0.5,DENSE: entropy=0.78>0.7; many_blocks_above_0.01=24,,,,block_size=256 spans ~4.9 token rows; cannot resolve sub-block spatial detail
R1->P,19,17,DENSE,0.5,DENSE: entropy=0.97>0.7; many_blocks_above_0.01=33,,,,block_size=256 spans ~4.9 token rows; cannot resolve sub-block spatial detail
R1->X,19,17,DENSE,0.5,DENSE: entropy=0.83>0.7; many_blocks_above_0.01=32,,,,block_size=256 spans ~4.9 token rows; cannot resolve sub-block spatial detail
P->X,19,18,DENSE,0.5,DENSE: entropy=0.97>0.7; many_blocks_above_0.01=31,,,,block_size=256 spans ~4.9 token rows; cannot resolve sub-block spatial detail
P->S,19,18,DENSE,0.5,DENSE: entropy=0.92>0.7; many_blocks_above_0.01=29,,,"[0, 1, 2, 3, 4, 5, 6, 7, 8, 9, 10, 11, 12, 13, 14, 15, 16, 17, 18, 19, 20, 21, 22, 23, 24]",block_size=256 spans ~4.9 token rows; cannot resolve sub-block spatial detail
P->R1,19,18,DENSE,0.5,DENSE: entropy=0.96>0.7; many_blocks_above_0.01=33,,,"[0, 1, 2, 3, 4, 5, 6, 7, 8, 9, 10, 11, 12, 13, 14, 15, 16, 17, 18, 19, 20, 21, 22, 23, 24, 25, 26, 27]",block_size=256 spans ~4.9 token rows; cannot resolve sub-block spatial detail
X->P,19,18,DENSE,0.5,DENSE: entropy=0.99>0.7; many_blocks_above_0.01=32,,,,block_size=256 spans ~4.9 token rows; cannot resolve sub-block spatial detail
X->X,19,18,DENSE,0.5,DENSE: entropy=0.85>0.7; many_blocks_above_0.01=22,,,,block_size=256 spans ~4.9 token rows; cannot resolve sub-block spatial detail
X->R1,19,18,DENSE,0.5,DENSE: entropy=0.78>0.7; many_blocks_above_0.01=29,,,,block_size=256 spans ~4.9 token rows; cannot resolve sub-block spatial detail
S->P,19,18,DENSE,0.5,DENSE: entropy=0.95>0.7; many_blocks_above_0.01=30,,,,block_size=256 spans ~4.9 token rows; cannot resolve sub-block spatial detail
S->X,19,18,DENSE,0.3333333333333333,DENSE: entropy=0.94>0.7,,,,block_size=256 spans ~4.9 token rows; cannot resolve sub-block spatial detail
S->S,19,18,DENSE,0.5,DENSE: entropy=0.84>0.7; many_blocks_above_0.01=28,,,,block_size=256 spans ~4.9 token rows; cannot resolve sub-block spatial detail
S->R1,19,18,DENSE,0.3333333333333333,DENSE: entropy=0.83>0.7,,,,block_size=256 spans ~4.9 token rows; cannot resolve sub-block spatial detail
R1->P,19,18,DENSE,0.5,DENSE: entropy=0.97>0.7; many_blocks_above_0.01=34,,,,block_size=256 spans ~4.9 token rows; cannot resolve sub-block spatial detail
R1->X,19,18,DENSE,0.6,DENSE: entropy=0.96>0.7; max_block=0.016<0.03,,,,block_size=256 spans ~4.9 token rows; cannot resolve sub-block spatial detail
R1->S,19,18,DENSE,0.3333333333333333,DENSE: entropy=0.88>0.7,,,,block_size=256 spans ~4.9 token rows; cannot resolve sub-block spatial detail
R1->R1,19,18,DENSE,0.3333333333333333,DENSE: entropy=0.81>0.7,,,,block_size=256 spans ~4.9 token rows; cannot resolve sub-block spatial detail
P->X,19,19,DENSE,0.5,DENSE: entropy=0.99>0.7; many_blocks_above_0.01=32,,,"[0, 1, 2, 3, 4, 5, 6, 7, 8, 9, 10, 11, 12, 13, 14, 15, 16, 17, 18, 19, 20, 21, 22, 23, 24, 25, 26, 27]",block_size=256 spans ~4.9 token rows; cannot resolve sub-block spatial detail
X->P,19,19,DENSE,0.5,DENSE: entropy=0.91>0.7; many_blocks_above_0.01=21,,,,block_size=256 spans ~4.9 token rows; cannot resolve sub-block spatial detail
S->P,19,19,DENSE,0.5,DENSE: entropy=0.92>0.7; many_blocks_above_0.01=26,,,,block_size=256 spans ~4.9 token rows; cannot resolve sub-block spatial detail
R1->P,19,19,DENSE,0.5,DENSE: entropy=0.92>0.7; many_blocks_above_0.01=23,,,,block_size=256 spans ~4.9 token rows; cannot resolve sub-block spatial detail
P->X,19,20,DENSE,0.5,DENSE: entropy=0.98>0.7; many_blocks_above_0.01=32,,,[27],block_size=256 spans ~4.9 token rows; cannot resolve sub-block spatial detail
P->S,19,20,DENSE,0.5,DENSE: entropy=0.90>0.7; many_blocks_above_0.01=24,,,"[0, 2, 3, 5, 8, 9, 10, 11, 12, 13, 14, 15, 16, 17, 18, 19, 20, 21, 22, 23]",block_size=256 spans ~4.9 token rows; cannot resolve sub-block spatial detail
P->R1,19,20,DENSE,0.5,DENSE: entropy=0.95>0.7; many_blocks_above_0.01=31,,,"[13, 14, 15, 16, 17, 18, 19, 20, 21, 22, 23, 24, 25, 26, 27]",block_size=256 spans ~4.9 token rows; cannot resolve sub-block spatial detail
X->P,19,20,DENSE,0.5,DENSE: entropy=0.97>0.7; many_blocks_above_0.01=31,,,,block_size=256 spans ~4.9 token rows; cannot resolve sub-block spatial detail
S->P,19,20,DENSE,0.5,DENSE: entropy=0.96>0.7; many_blocks_above_0.01=31,,,,block_size=256 spans ~4.9 token rows; cannot resolve sub-block spatial detail
S->X,19,20,DENSE,0.5,DENSE: entropy=0.80>0.7; many_blocks_above_0.01=23,,,,block_size=256 spans ~4.9 token rows; cannot resolve sub-block spatial detail
R1->P,19,20,DENSE,0.5,DENSE: entropy=0.98>0.7; many_blocks_above_0.01=34,,,,block_size=256 spans ~4.9 token rows; cannot resolve sub-block spatial detail
R1->X,19,20,DENSE,0.5,DENSE: entropy=0.78>0.7; many_blocks_above_0.01=28,,,,block_size=256 spans ~4.9 token rows; cannot resolve sub-block spatial detail
P->X,19,21,DENSE,0.5,DENSE: entropy=0.97>0.7; many_blocks_above_0.01=31,,,[0],block_size=256 spans ~4.9 token rows; cannot resolve sub-block spatial detail
P->S,19,21,DENSE,0.3333333333333333,DENSE: entropy=0.86>0.7,,,,block_size=256 spans ~4.9 token rows; cannot resolve sub-block spatial detail
P->R1,19,21,DENSE,0.5,DENSE: entropy=0.95>0.7; many_blocks_above_0.01=30,,,"[22, 23, 24, 25, 26, 27]",block_size=256 spans ~4.9 token rows; cannot resolve sub-block spatial detail
X->P,19,21,DENSE,0.5,DENSE: entropy=0.98>0.7; many_blocks_above_0.01=32,,,,block_size=256 spans ~4.9 token rows; cannot resolve sub-block spatial detail
S->P,19,21,DENSE,0.5,DENSE: entropy=0.90>0.7; many_blocks_above_0.01=23,,,,block_size=256 spans ~4.9 token rows; cannot resolve sub-block spatial detail
R1->P,19,21,DENSE,0.5,DENSE: entropy=0.96>0.7; many_blocks_above_0.01=33,,,,block_size=256 spans ~4.9 token rows; cannot resolve sub-block spatial detail
R1->X,19,21,DENSE,0.5,DENSE: entropy=0.77>0.7; many_blocks_above_0.01=25,,,,block_size=256 spans ~4.9 token rows; cannot resolve sub-block spatial detail
P->X,19,22,DENSE,0.5,DENSE: entropy=0.97>0.7; many_blocks_above_0.01=31,,,"[6, 7, 8, 9, 10, 11, 12, 13, 14, 15, 16]",block_size=256 spans ~4.9 token rows; cannot resolve sub-block spatial detail
P->S,19,22,DENSE,0.5,DENSE: entropy=0.97>0.7; many_blocks_above_0.01=32,,,"[0, 1, 2, 3, 4, 5, 6, 7, 8, 9, 10, 11, 12, 13, 14, 15, 16, 17, 18, 19, 20, 21, 22, 23, 24, 25, 26, 27]",block_size=256 spans ~4.9 token rows; cannot resolve sub-block spatial detail
P->R1,19,22,DENSE,0.5,DENSE: entropy=0.95>0.7; many_blocks_above_0.01=32,,,"[0, 1, 2, 3, 4, 5, 6, 7, 8, 9, 10, 11, 12, 13, 14, 15, 16, 17, 18, 19, 20, 21, 22, 23, 24, 25, 26, 27]",block_size=256 spans ~4.9 token rows; cannot resolve sub-block spatial detail
X->P,19,22,DENSE,0.5,DENSE: entropy=0.96>0.7; many_blocks_above_0.01=32,,,,block_size=256 spans ~4.9 token rows; cannot resolve sub-block spatial detail
S->P,19,22,DENSE,0.5,DENSE: entropy=0.93>0.7; many_blocks_above_0.01=29,,,,block_size=256 spans ~4.9 token rows; cannot resolve sub-block spatial detail
R1->P,19,22,DENSE,0.5,DENSE: entropy=0.94>0.7; many_blocks_above_0.01=32,,,"[26, 27]",block_size=256 spans ~4.9 token rows; cannot resolve sub-block spatial detail
X->P,19,23,DENSE,0.3333333333333333,DENSE: entropy=0.88>0.7,,,,block_size=256 spans ~4.9 token rows; cannot resolve sub-block spatial detail
S->P,19,23,DENSE,0.3333333333333333,DENSE: entropy=0.84>0.7,,,,block_size=256 spans ~4.9 token rows; cannot resolve sub-block spatial detail
P->X,20,0,DENSE,0.5,DENSE: entropy=0.97>0.7; many_blocks_above_0.01=32,,,,block_size=256 spans ~4.9 token rows; cannot resolve sub-block spatial detail
X->P,20,0,DENSE,0.5,DENSE: entropy=0.96>0.7; many_blocks_above_0.01=28,,,,block_size=256 spans ~4.9 token rows; cannot resolve sub-block spatial detail
X->X,20,0,DENSE,0.7666666666666666,DENSE: entropy=0.91>0.7; max_block=0.029<0.03; many_blocks_above_0.01=22,,,,block_size=256 spans ~4.9 token rows; cannot resolve sub-block spatial detail
X->R1,20,0,DENSE,0.5,DENSE: entropy=0.88>0.7; many_blocks_above_0.01=24,,,,block_size=256 spans ~4.9 token rows; cannot resolve sub-block spatial detail
S->P,20,0,DENSE,0.5,DENSE: entropy=0.91>0.7; many_blocks_above_0.01=27,,,,block_size=256 spans ~4.9 token rows; cannot resolve sub-block spatial detail
S->S,20,0,DENSE,0.5,DENSE: entropy=0.85>0.7; many_blocks_above_0.01=22,,,,block_size=256 spans ~4.9 token rows; cannot resolve sub-block spatial detail
S->R1,20,0,DENSE,0.3333333333333333,DENSE: entropy=0.82>0.7,,,,block_size=256 spans ~4.9 token rows; cannot resolve sub-block spatial detail
R1->P,20,0,DENSE,0.5,DENSE: entropy=0.98>0.7; many_blocks_above_0.01=33,,,,block_size=256 spans ~4.9 token rows; cannot resolve sub-block spatial detail
R1->X,20,0,DENSE,0.7666666666666666,DENSE: entropy=0.93>0.7; max_block=0.022<0.03; many_blocks_above_0.01=23,,,,block_size=256 spans ~4.9 token rows; cannot resolve sub-block spatial detail
R1->S,20,0,DENSE,0.3333333333333333,DENSE: entropy=0.78>0.7,,,,block_size=256 spans ~4.9 token rows; cannot resolve sub-block spatial detail
R1->R1,20,0,DENSE,0.3333333333333333,DENSE: entropy=0.88>0.7,,,,block_size=256 spans ~4.9 token rows; cannot resolve sub-block spatial detail
P->X,20,1,DENSE,0.5,DENSE: entropy=0.98>0.7; many_blocks_above_0.01=31,,,"[0, 1, 2, 3, 4, 5, 6, 7, 8, 9, 10, 11, 12, 13, 14, 15, 16, 17, 18, 19, 20, 21, 22, 23, 24, 25, 26, 27]",block_size=256 spans ~4.9 token rows; cannot resolve sub-block spatial detail
X->P,20,1,DENSE,0.5,DENSE: entropy=0.96>0.7; many_blocks_above_0.01=30,,,"[0, 1]",block_size=256 spans ~4.9 token rows; cannot resolve sub-block spatial detail
S->P,20,1,DENSE,0.5,DENSE: entropy=0.98>0.7; many_blocks_above_0.01=34,,,,block_size=256 spans ~4.9 token rows; cannot resolve sub-block spatial detail
S->X,20,1,DENSE,0.3333333333333333,DENSE: entropy=0.91>0.7,,,,block_size=256 spans ~4.9 token rows; cannot resolve sub-block spatial detail
R1->P,20,1,DENSE,0.5,DENSE: entropy=0.99>0.7; many_blocks_above_0.01=34,,,,block_size=256 spans ~4.9 token rows; cannot resolve sub-block spatial detail
R1->X,20,1,DENSE,0.3333333333333333,DENSE: entropy=0.93>0.7,,,,block_size=256 spans ~4.9 token rows; cannot resolve sub-block spatial detail
P->R1,20,2,DENSE,0.5,DENSE: entropy=0.94>0.7; many_blocks_above_0.01=32,,,"[0, 1, 2, 3, 4, 5, 6, 7, 8, 9, 10, 11, 12, 13, 14, 15, 16, 17, 18, 19, 20, 21, 22, 23, 24, 25, 26, 27]",block_size=256 spans ~4.9 token rows; cannot resolve sub-block spatial detail
X->P,20,2,DENSE,0.3333333333333333,DENSE: entropy=0.83>0.7,,,,block_size=256 spans ~4.9 token rows; cannot resolve sub-block spatial detail
X->P,20,3,DENSE,0.5,DENSE: entropy=0.91>0.7; many_blocks_above_0.01=22,,,,block_size=256 spans ~4.9 token rows; cannot resolve sub-block spatial detail
X->X,20,3,DENSE,0.3333333333333333,DENSE: entropy=0.90>0.7,,,,block_size=256 spans ~4.9 token rows; cannot resolve sub-block spatial detail
S->P,20,3,DENSE,0.3333333333333333,DENSE: entropy=0.88>0.7,,,,block_size=256 spans ~4.9 token rows; cannot resolve sub-block spatial detail
S->X,20,3,DENSE,0.3333333333333333,DENSE: entropy=0.92>0.7,,,,block_size=256 spans ~4.9 token rows; cannot resolve sub-block spatial detail
R1->P,20,3,DENSE,0.3333333333333333,DENSE: entropy=0.89>0.7,,,,block_size=256 spans ~4.9 token rows; cannot resolve sub-block spatial detail
R1->X,20,3,DENSE,0.6,DENSE: entropy=0.93>0.7; max_block=0.027<0.03,,,,block_size=256 spans ~4.9 token rows; cannot resolve sub-block spatial detail
R1->S,20,3,DENSE,0.5,DENSE: entropy=0.78>0.7; many_blocks_above_0.01=24,,,,block_size=256 spans ~4.9 token rows; cannot resolve sub-block spatial detail
P->X,20,4,DENSE,0.5,DENSE: entropy=0.96>0.7; many_blocks_above_0.01=32,,,,block_size=256 spans ~4.9 token rows; cannot resolve sub-block spatial detail
P->S,20,4,DENSE,0.5,DENSE: entropy=0.83>0.7; many_blocks_above_0.01=28,,,,block_size=256 spans ~4.9 token rows; cannot resolve sub-block spatial detail
X->P,20,4,DENSE,0.5,DENSE: entropy=0.97>0.7; many_blocks_above_0.01=32,,,,block_size=256 spans ~4.9 token rows; cannot resolve sub-block spatial detail
X->X,20,4,DENSE,0.6,DENSE: entropy=0.91>0.7; max_block=0.030<0.03,,,,block_size=256 spans ~4.9 token rows; cannot resolve sub-block spatial detail
X->S,20,4,DENSE,0.5,DENSE: entropy=0.79>0.7; many_blocks_above_0.01=22,,,,block_size=256 spans ~4.9 token rows; cannot resolve sub-block spatial detail
X->R1,20,4,DENSE,0.5,DENSE: entropy=0.84>0.7; many_blocks_above_0.01=27,,,,block_size=256 spans ~4.9 token rows; cannot resolve sub-block spatial detail
S->P,20,4,DENSE,0.5,DENSE: entropy=0.97>0.7; many_blocks_above_0.01=32,,,,block_size=256 spans ~4.9 token rows; cannot resolve sub-block spatial detail
S->X,20,4,DENSE,0.6,DENSE: entropy=0.96>0.7; max_block=0.026<0.03,,,,block_size=256 spans ~4.9 token rows; cannot resolve sub-block spatial detail
S->S,20,4,DENSE,0.5,DENSE: entropy=0.80>0.7; many_blocks_above_0.01=23,,,,block_size=256 spans ~4.9 token rows; cannot resolve sub-block spatial detail
S->R1,20,4,DENSE,0.3333333333333333,DENSE: entropy=0.88>0.7,,,,block_size=256 spans ~4.9 token rows; cannot resolve sub-block spatial detail
R1->P,20,4,DENSE,0.5,DENSE: entropy=0.96>0.7; many_blocks_above_0.01=34,,,,block_size=256 spans ~4.9 token rows; cannot resolve sub-block spatial detail
R1->X,20,4,DENSE,0.6,DENSE: entropy=0.97>0.7; max_block=0.014<0.03,,,,block_size=256 spans ~4.9 token rows; cannot resolve sub-block spatial detail
R1->S,20,4,DENSE,0.3333333333333333,DENSE: entropy=0.89>0.7,,,,block_size=256 spans ~4.9 token rows; cannot resolve sub-block spatial detail
R1->R1,20,4,DENSE,0.3333333333333333,DENSE: entropy=0.84>0.7,,,,block_size=256 spans ~4.9 token rows; cannot resolve sub-block spatial detail
P->X,20,5,DENSE,0.5,DENSE: entropy=0.97>0.7; many_blocks_above_0.01=30,,,"[1, 2, 3, 4, 6, 7, 8, 9, 10, 11, 12, 13, 14, 15, 16, 17, 18, 19, 20, 21]",block_size=256 spans ~4.9 token rows; cannot resolve sub-block spatial detail
P->S,20,5,DENSE,0.5,DENSE: entropy=0.98>0.7; many_blocks_above_0.01=34,,,"[0, 1, 2, 3, 4, 5, 6, 7, 8, 9, 10, 11, 12, 13, 14, 15, 16, 17, 18, 19, 20, 21, 22, 23, 24, 25, 26, 27]",block_size=256 spans ~4.9 token rows; cannot resolve sub-block spatial detail
P->R1,20,5,DENSE,0.5,DENSE: entropy=0.97>0.7; many_blocks_above_0.01=33,,,"[0, 1, 2, 3, 4, 5, 6, 7, 8, 9, 10, 11, 12, 13, 14, 15, 16, 17, 18, 19, 20, 21, 22, 23, 24, 25, 26, 27]",block_size=256 spans ~4.9 token rows; cannot resolve sub-block spatial detail
X->P,20,5,DENSE,0.5,DENSE: entropy=0.97>0.7; many_blocks_above_0.01=30,,,,block_size=256 spans ~4.9 token rows; cannot resolve sub-block spatial detail
S->P,20,5,DENSE,0.5,DENSE: entropy=0.97>0.7; many_blocks_above_0.01=34,,,,block_size=256 spans ~4.9 token rows; cannot resolve sub-block spatial detail
S->X,20,5,DENSE,0.3333333333333333,DENSE: entropy=0.84>0.7,,,,block_size=256 spans ~4.9 token rows; cannot resolve sub-block spatial detail
S->R1,20,5,DENSE,0.3333333333333333,DENSE: entropy=0.83>0.7,,,,block_size=256 spans ~4.9 token rows; cannot resolve sub-block spatial detail
R1->P,20,5,DENSE,0.5,DENSE: entropy=0.97>0.7; many_blocks_above_0.01=33,,,,block_size=256 spans ~4.9 token rows; cannot resolve sub-block spatial detail
R1->X,20,5,DENSE,0.5,DENSE: entropy=0.86>0.7; many_blocks_above_0.01=29,,,,block_size=256 spans ~4.9 token rows; cannot resolve sub-block spatial detail
R1->S,20,5,DENSE,0.3333333333333333,DENSE: entropy=0.74>0.7,,,,block_size=256 spans ~4.9 token rows; cannot resolve sub-block spatial detail
P->X,20,6,DENSE,0.5,DENSE: entropy=0.99>0.7; many_blocks_above_0.01=32,,,"[0, 1, 2, 13, 14, 15, 16, 18, 19, 20, 21, 22, 23, 24, 25, 26, 27]",block_size=256 spans ~4.9 token rows; cannot resolve sub-block spatial detail
X->P,20,6,DENSE,0.5,DENSE: entropy=0.98>0.7; many_blocks_above_0.01=32,,,,block_size=256 spans ~4.9 token rows; cannot resolve sub-block spatial detail
X->X,20,6,DENSE,0.3333333333333333,DENSE: entropy=0.88>0.7,,,,block_size=256 spans ~4.9 token rows; cannot resolve sub-block spatial detail
S->P,20,6,DENSE,0.5,DENSE: entropy=0.96>0.7; many_blocks_above_0.01=32,,,,block_size=256 spans ~4.9 token rows; cannot resolve sub-block spatial detail
S->X,20,6,DENSE,0.3333333333333333,DENSE: entropy=0.94>0.7,,,,block_size=256 spans ~4.9 token rows; cannot resolve sub-block spatial detail
R1->P,20,6,DENSE,0.5,DENSE: entropy=0.98>0.7; many_blocks_above_0.01=34,,,,block_size=256 spans ~4.9 token rows; cannot resolve sub-block spatial detail
R1->X,20,6,DENSE,0.6,DENSE: entropy=0.95>0.7; max_block=0.021<0.03,,,,block_size=256 spans ~4.9 token rows; cannot resolve sub-block spatial detail
R1->S,20,6,DENSE,0.5,DENSE: entropy=0.76>0.7; many_blocks_above_0.01=25,,,,block_size=256 spans ~4.9 token rows; cannot resolve sub-block spatial detail
P->X,20,7,DENSE,0.5,DENSE: entropy=0.98>0.7; many_blocks_above_0.01=32,,,,block_size=256 spans ~4.9 token rows; cannot resolve sub-block spatial detail
P->S,20,7,DENSE,0.5,DENSE: entropy=0.87>0.7; many_blocks_above_0.01=30,,,"[15, 16, 17, 18, 19, 20, 21]",block_size=256 spans ~4.9 token rows; cannot resolve sub-block spatial detail
X->P,20,7,DENSE,0.5,DENSE: entropy=0.97>0.7; many_blocks_above_0.01=32,,,,block_size=256 spans ~4.9 token rows; cannot resolve sub-block spatial detail
X->X,20,7,DENSE,0.3333333333333333,DENSE: entropy=0.92>0.7,,,,block_size=256 spans ~4.9 token rows; cannot resolve sub-block spatial detail
S->P,20,7,DENSE,0.5,DENSE: entropy=0.97>0.7; many_blocks_above_0.01=34,,,,block_size=256 spans ~4.9 token rows; cannot resolve sub-block spatial detail
S->X,20,7,DENSE,0.6,DENSE: entropy=0.97>0.7; max_block=0.021<0.03,,,,block_size=256 spans ~4.9 token rows; cannot resolve sub-block spatial detail
S->S,20,7,DENSE,0.5,DENSE: entropy=0.80>0.7; many_blocks_above_0.01=22,,,,block_size=256 spans ~4.9 token rows; cannot resolve sub-block spatial detail
S->R1,20,7,DENSE,0.3333333333333333,DENSE: entropy=0.86>0.7,,,,block_size=256 spans ~4.9 token rows; cannot resolve sub-block spatial detail
R1->P,20,7,DENSE,0.5,DENSE: entropy=0.99>0.7; many_blocks_above_0.01=34,,,,block_size=256 spans ~4.9 token rows; cannot resolve sub-block spatial detail
R1->X,20,7,DENSE,0.6,DENSE: entropy=0.97>0.7; max_block=0.016<0.03,,,,block_size=256 spans ~4.9 token rows; cannot resolve sub-block spatial detail
R1->S,20,7,DENSE,0.5,DENSE: entropy=0.88>0.7; many_blocks_above_0.01=23,,,,block_size=256 spans ~4.9 token rows; cannot resolve sub-block spatial detail
R1->R1,20,7,DENSE,0.3333333333333333,DENSE: entropy=0.84>0.7,,,,block_size=256 spans ~4.9 token rows; cannot resolve sub-block spatial detail
P->X,20,8,DENSE,0.5,DENSE: entropy=0.96>0.7; many_blocks_above_0.01=32,,,"[0, 1, 2, 3, 4, 5, 6, 7, 8, 9, 10, 11, 12, 13, 14, 15, 16, 17, 18, 19, 20, 21, 22, 23, 24, 25, 26, 27]",block_size=256 spans ~4.9 token rows; cannot resolve sub-block spatial detail
P->S,20,8,DENSE,0.5,DENSE: entropy=0.93>0.7; many_blocks_above_0.01=31,,,"[0, 1, 2, 3, 4, 5, 6, 7, 8, 9, 10, 11, 12, 13, 14, 15, 16, 17, 18, 19, 20, 21, 22, 23, 24, 25]",block_size=256 spans ~4.9 token rows; cannot resolve sub-block spatial detail
X->P,20,8,DENSE,0.5,DENSE: entropy=0.95>0.7; many_blocks_above_0.01=29,,,,block_size=256 spans ~4.9 token rows; cannot resolve sub-block spatial detail
S->P,20,8,DENSE,0.5,DENSE: entropy=0.95>0.7; many_blocks_above_0.01=32,,,,block_size=256 spans ~4.9 token rows; cannot resolve sub-block spatial detail
S->X,20,8,DENSE,0.5,DENSE: entropy=0.84>0.7; many_blocks_above_0.01=27,,,,block_size=256 spans ~4.9 token rows; cannot resolve sub-block spatial detail
R1->P,20,8,DENSE,0.5,DENSE: entropy=0.96>0.7; many_blocks_above_0.01=33,,,,block_size=256 spans ~4.9 token rows; cannot resolve sub-block spatial detail
X->P,20,9,DENSE,0.3333333333333333,DENSE: entropy=0.89>0.7,,,,block_size=256 spans ~4.9 token rows; cannot resolve sub-block spatial detail
P->X,20,10,DENSE,0.5,DENSE: entropy=0.96>0.7; many_blocks_above_0.01=32,,,,block_size=256 spans ~4.9 token rows; cannot resolve sub-block spatial detail
P->S,20,10,DENSE,0.5,DENSE: entropy=0.85>0.7; many_blocks_above_0.01=21,,,"[3, 4, 5, 6, 7, 8, 9, 10, 11, 12, 13, 14, 15, 16, 17]",block_size=256 spans ~4.9 token rows; cannot resolve sub-block spatial detail
P->R1,20,10,DENSE,0.5,DENSE: entropy=0.96>0.7; many_blocks_above_0.01=33,,,"[19, 20, 21, 22, 23, 24, 25, 26, 27]",block_size=256 spans ~4.9 token rows; cannot resolve sub-block spatial detail
X->P,20,10,DENSE,0.5,DENSE: entropy=0.99>0.7; many_blocks_above_0.01=32,,,,block_size=256 spans ~4.9 token rows; cannot resolve sub-block spatial detail
X->X,20,10,DENSE,0.7666666666666666,DENSE: entropy=0.89>0.7; max_block=0.028<0.03; many_blocks_above_0.01=29,,,,block_size=256 spans ~4.9 token rows; cannot resolve sub-block spatial detail
X->R1,20,10,DENSE,0.5,DENSE: entropy=0.83>0.7; many_blocks_above_0.01=28,,,,block_size=256 spans ~4.9 token rows; cannot resolve sub-block spatial detail
S->P,20,10,DENSE,0.5,DENSE: entropy=0.99>0.7; many_blocks_above_0.01=34,,,,block_size=256 spans ~4.9 token rows; cannot resolve sub-block spatial detail
S->S,20,10,DENSE,0.5,DENSE: entropy=0.78>0.7; many_blocks_above_0.01=22,,,,block_size=256 spans ~4.9 token rows; cannot resolve sub-block spatial detail
S->R1,20,10,DENSE,0.3333333333333333,DENSE: entropy=0.85>0.7,,,,block_size=256 spans ~4.9 token rows; cannot resolve sub-block spatial detail
R1->P,20,10,DENSE,0.5,DENSE: entropy=0.96>0.7; many_blocks_above_0.01=33,,,,block_size=256 spans ~4.9 token rows; cannot resolve sub-block spatial detail
R1->X,20,10,DENSE,0.6,DENSE: entropy=0.94>0.7; max_block=0.022<0.03,,,,block_size=256 spans ~4.9 token rows; cannot resolve sub-block spatial detail
P->X,20,11,DENSE,0.5,DENSE: entropy=0.94>0.7; many_blocks_above_0.01=28,,,,block_size=256 spans ~4.9 token rows; cannot resolve sub-block spatial detail
P->R1,20,11,DENSE,0.5,DENSE: entropy=0.90>0.7; many_blocks_above_0.01=23,,,"[0, 1, 2, 6, 7, 8, 9, 10, 11, 12, 13, 14, 15, 16, 17, 18, 19, 20]",block_size=256 spans ~4.9 token rows; cannot resolve sub-block spatial detail
X->P,20,11,DENSE,0.5,DENSE: entropy=0.98>0.7; many_blocks_above_0.01=32,,,,block_size=256 spans ~4.9 token rows; cannot resolve sub-block spatial detail
X->X,20,11,DENSE,0.5,DENSE: entropy=0.87>0.7; many_blocks_above_0.01=29,,,,block_size=256 spans ~4.9 token rows; cannot resolve sub-block spatial detail
X->R1,20,11,DENSE,0.7666666666666666,DENSE: entropy=0.87>0.7; max_block=0.028<0.03; many_blocks_above_0.01=32,,,,block_size=256 spans ~4.9 token rows; cannot resolve sub-block spatial detail
S->R1,20,11,DENSE,0.3333333333333333,DENSE: entropy=0.82>0.7,,,,block_size=256 spans ~4.9 token rows; cannot resolve sub-block spatial detail
R1->X,20,11,DENSE,0.5,DENSE: entropy=0.90>0.7; many_blocks_above_0.01=28,,,,block_size=256 spans ~4.9 token rows; cannot resolve sub-block spatial detail
P->X,20,12,DENSE,0.5,DENSE: entropy=0.96>0.7; many_blocks_above_0.01=32,,,,block_size=256 spans ~4.9 token rows; cannot resolve sub-block spatial detail
P->S,20,12,DENSE,0.5,DENSE: entropy=0.93>0.7; many_blocks_above_0.01=30,,,"[0, 1, 2, 3, 4, 5, 6, 7, 8, 9, 10, 11, 12, 13, 14, 15, 16, 22, 23, 24, 25, 26, 27]",block_size=256 spans ~4.9 token rows; cannot resolve sub-block spatial detail
P->R1,20,12,DENSE,0.5,DENSE: entropy=0.95>0.7; many_blocks_above_0.01=33,,,"[0, 1, 2, 3, 4, 5, 6, 7, 8, 9, 10, 11, 12, 13, 14, 15, 16, 17, 18, 19, 20, 21, 22, 23, 24, 25, 26, 27]",block_size=256 spans ~4.9 token rows; cannot resolve sub-block spatial detail
X->P,20,12,DENSE,0.5,DENSE: entropy=0.98>0.7; many_blocks_above_0.01=32,,,,block_size=256 spans ~4.9 token rows; cannot resolve sub-block spatial detail
X->X,20,12,DENSE,0.5,DENSE: entropy=0.83>0.7; many_blocks_above_0.01=25,,,,block_size=256 spans ~4.9 token rows; cannot resolve sub-block spatial detail
X->R1,20,12,DENSE,0.5,DENSE: entropy=0.78>0.7; many_blocks_above_0.01=23,,,,block_size=256 spans ~4.9 token rows; cannot resolve sub-block spatial detail
S->P,20,12,DENSE,0.5,DENSE: entropy=0.97>0.7; many_blocks_above_0.01=32,,,,block_size=256 spans ~4.9 token rows; cannot resolve sub-block spatial detail
S->X,20,12,DENSE,0.3333333333333333,DENSE: entropy=0.90>0.7,,,,block_size=256 spans ~4.9 token rows; cannot resolve sub-block spatial detail
S->S,20,12,DENSE,0.5,DENSE: entropy=0.78>0.7; many_blocks_above_0.01=27,,,,block_size=256 spans ~4.9 token rows; cannot resolve sub-block spatial detail
S->R1,20,12,DENSE,0.3333333333333333,DENSE: entropy=0.88>0.7,,,,block_size=256 spans ~4.9 token rows; cannot resolve sub-block spatial detail
R1->P,20,12,DENSE,0.5,DENSE: entropy=0.98>0.7; many_blocks_above_0.01=34,,,,block_size=256 spans ~4.9 token rows; cannot resolve sub-block spatial detail
R1->X,20,12,DENSE,0.7666666666666666,DENSE: entropy=0.91>0.7; max_block=0.024<0.03; many_blocks_above_0.01=24,,,,block_size=256 spans ~4.9 token rows; cannot resolve sub-block spatial detail
R1->R1,20,12,DENSE,0.3333333333333333,DENSE: entropy=0.79>0.7,,,,block_size=256 spans ~4.9 token rows; cannot resolve sub-block spatial detail
P->X,20,13,DENSE,0.5,DENSE: entropy=0.96>0.7; many_blocks_above_0.01=29,,,"[0, 1, 2, 3, 4, 5, 6, 7, 8, 9, 10, 11, 12, 13, 14, 15, 16, 17, 18, 19, 20, 21, 22, 23, 24]",block_size=256 spans ~4.9 token rows; cannot resolve sub-block spatial detail
X->P,20,13,DENSE,0.5,DENSE: entropy=0.97>0.7; many_blocks_above_0.01=32,,,,block_size=256 spans ~4.9 token rows; cannot resolve sub-block spatial detail
X->X,20,13,DENSE,0.5,DENSE: entropy=0.87>0.7; many_blocks_above_0.01=22,,,,block_size=256 spans ~4.9 token rows; cannot resolve sub-block spatial detail
S->P,20,13,DENSE,0.5,DENSE: entropy=0.96>0.7; many_blocks_above_0.01=32,,,,block_size=256 spans ~4.9 token rows; cannot resolve sub-block spatial detail
S->X,20,13,DENSE,0.6,DENSE: entropy=0.96>0.7; max_block=0.026<0.03,,,,block_size=256 spans ~4.9 token rows; cannot resolve sub-block spatial detail
S->S,20,13,DENSE,0.5,DENSE: entropy=0.83>0.7; many_blocks_above_0.01=22,,,,block_size=256 spans ~4.9 token rows; cannot resolve sub-block spatial detail
S->R1,20,13,DENSE,0.3333333333333333,DENSE: entropy=0.90>0.7,,,,block_size=256 spans ~4.9 token rows; cannot resolve sub-block spatial detail
R1->P,20,13,DENSE,0.5,DENSE: entropy=1.00>0.7; many_blocks_above_0.01=34,,,,block_size=256 spans ~4.9 token rows; cannot resolve sub-block spatial detail
R1->X,20,13,DENSE,0.6,DENSE: entropy=0.97>0.7; max_block=0.019<0.03,,,,block_size=256 spans ~4.9 token rows; cannot resolve sub-block spatial detail
R1->S,20,13,DENSE,0.3333333333333333,DENSE: entropy=0.90>0.7,,,,block_size=256 spans ~4.9 token rows; cannot resolve sub-block spatial detail
R1->R1,20,13,DENSE,0.3333333333333333,DENSE: entropy=0.90>0.7,,,,block_size=256 spans ~4.9 token rows; cannot resolve sub-block spatial detail
P->X,20,14,DENSE,0.5,DENSE: entropy=0.98>0.7; many_blocks_above_0.01=32,,,[0],block_size=256 spans ~4.9 token rows; cannot resolve sub-block spatial detail
P->S,20,14,DENSE,0.5,DENSE: entropy=0.93>0.7; many_blocks_above_0.01=33,,,"[0, 1, 2, 3, 4, 5, 6, 7, 8, 9, 10, 11, 12, 13, 14, 15, 16, 17, 18, 19, 20, 21, 22, 23, 24]",block_size=256 spans ~4.9 token rows; cannot resolve sub-block spatial detail
X->P,20,14,DENSE,0.5,DENSE: entropy=0.97>0.7; many_blocks_above_0.01=32,,,,block_size=256 spans ~4.9 token rows; cannot resolve sub-block spatial detail
X->X,20,14,DENSE,0.5,DENSE: entropy=0.84>0.7; many_blocks_above_0.01=26,,,,block_size=256 spans ~4.9 token rows; cannot resolve sub-block spatial detail
X->R1,20,14,DENSE,0.5,DENSE: entropy=0.78>0.7; many_blocks_above_0.01=27,,,,block_size=256 spans ~4.9 token rows; cannot resolve sub-block spatial detail
S->P,20,14,DENSE,0.5,DENSE: entropy=0.96>0.7; many_blocks_above_0.01=34,,,,block_size=256 spans ~4.9 token rows; cannot resolve sub-block spatial detail
S->X,20,14,DENSE,0.5,DENSE: entropy=0.89>0.7; many_blocks_above_0.01=23,,,,block_size=256 spans ~4.9 token rows; cannot resolve sub-block spatial detail
S->S,20,14,DENSE,0.5,DENSE: entropy=0.77>0.7; many_blocks_above_0.01=24,,,,block_size=256 spans ~4.9 token rows; cannot resolve sub-block spatial detail
S->R1,20,14,DENSE,0.5,DENSE: entropy=0.85>0.7; many_blocks_above_0.01=21,,,,block_size=256 spans ~4.9 token rows; cannot resolve sub-block spatial detail
R1->P,20,14,DENSE,0.5,DENSE: entropy=0.94>0.7; many_blocks_above_0.01=31,,,,block_size=256 spans ~4.9 token rows; cannot resolve sub-block spatial detail
R1->X,20,14,DENSE,0.5,DENSE: entropy=0.88>0.7; many_blocks_above_0.01=28,,,,block_size=256 spans ~4.9 token rows; cannot resolve sub-block spatial detail
R1->S,20,14,DENSE,0.5,DENSE: entropy=0.87>0.7; many_blocks_above_0.01=21,,,,block_size=256 spans ~4.9 token rows; cannot resolve sub-block spatial detail
R1->R1,20,14,DENSE,0.5,DENSE: entropy=0.80>0.7; many_blocks_above_0.01=21,,,,block_size=256 spans ~4.9 token rows; cannot resolve sub-block spatial detail
P->X,20,15,DENSE,0.5,DENSE: entropy=0.94>0.7; many_blocks_above_0.01=29,,,,block_size=256 spans ~4.9 token rows; cannot resolve sub-block spatial detail
P->S,20,15,DENSE,0.5,DENSE: entropy=0.88>0.7; many_blocks_above_0.01=23,,,"[0, 1, 2, 3, 4, 5, 6, 18, 19]",block_size=256 spans ~4.9 token rows; cannot resolve sub-block spatial detail
P->R1,20,15,DENSE,0.5,DENSE: entropy=0.97>0.7; many_blocks_above_0.01=32,,,"[0, 1, 2, 3, 4, 5, 6, 7, 8, 9, 10, 11, 12, 13, 14, 15, 16, 17, 18, 19, 20, 21, 22, 23, 24, 25, 26, 27]",block_size=256 spans ~4.9 token rows; cannot resolve sub-block spatial detail
X->P,20,15,DENSE,0.5,DENSE: entropy=0.98>0.7; many_blocks_above_0.01=32,,,,block_size=256 spans ~4.9 token rows; cannot resolve sub-block spatial detail
X->X,20,15,DENSE,0.5,DENSE: entropy=0.73>0.7; many_blocks_above_0.01=30,,,,block_size=256 spans ~4.9 token rows; cannot resolve sub-block spatial detail
R1->X,20,15,DENSE,0.5,DENSE: entropy=0.82>0.7; many_blocks_above_0.01=32,,,,block_size=256 spans ~4.9 token rows; cannot resolve sub-block spatial detail
P->X,20,16,DENSE,0.5,DENSE: entropy=0.95>0.7; many_blocks_above_0.01=29,,,"[0, 1, 2, 3, 4, 5, 6, 7, 8, 9, 10, 11, 12, 13, 14, 15, 16, 17, 18, 19, 20, 21, 22, 23, 24, 25, 26]",block_size=256 spans ~4.9 token rows; cannot resolve sub-block spatial detail
P->S,20,16,DENSE,0.5,DENSE: entropy=0.93>0.7; many_blocks_above_0.01=32,,,"[0, 1, 2, 3, 9, 10, 11, 12, 14, 15, 16, 17, 18, 19, 20, 21, 22, 23, 24, 25, 26, 27]",block_size=256 spans ~4.9 token rows; cannot resolve sub-block spatial detail
P->R1,20,16,DENSE,0.5,DENSE: entropy=0.95>0.7; many_blocks_above_0.01=32,,,"[0, 1, 2, 3, 4, 5, 6, 7, 8, 9, 10, 11, 12, 13, 14, 15, 16, 17, 18, 19, 20, 21, 22, 23, 24, 25, 26, 27]",block_size=256 spans ~4.9 token rows; cannot resolve sub-block spatial detail
X->P,20,16,DENSE,0.5,DENSE: entropy=0.97>0.7; many_blocks_above_0.01=32,,,,block_size=256 spans ~4.9 token rows; cannot resolve sub-block spatial detail
S->P,20,16,DENSE,0.5,DENSE: entropy=0.96>0.7; many_blocks_above_0.01=32,,,,block_size=256 spans ~4.9 token rows; cannot resolve sub-block spatial detail
S->X,20,16,DENSE,0.5,DENSE: entropy=0.82>0.7; many_blocks_above_0.01=20,,,,block_size=256 spans ~4.9 token rows; cannot resolve sub-block spatial detail
R1->X,20,16,DENSE,0.7666666666666666,DENSE: entropy=0.91>0.7; max_block=0.030<0.03; many_blocks_above_0.01=22,,,,block_size=256 spans ~4.9 token rows; cannot resolve sub-block spatial detail
P->X,20,17,DENSE,0.5,DENSE: entropy=0.95>0.7; many_blocks_above_0.01=27,,,"[10, 11, 12, 13, 14, 15, 16, 17, 18, 19, 20, 21]",block_size=256 spans ~4.9 token rows; cannot resolve sub-block spatial detail
P->S,20,17,DENSE,0.5,DENSE: entropy=0.87>0.7; many_blocks_above_0.01=21,,,[3],block_size=256 spans ~4.9 token rows; cannot resolve sub-block spatial detail
P->R1,20,17,DENSE,0.5,DENSE: entropy=0.94>0.7; many_blocks_above_0.01=28,,,"[0, 1, 2, 3, 4, 5, 6, 7, 8, 9, 10, 11, 12, 13, 14, 15, 16, 17, 18, 19, 20, 21, 22, 23, 24, 25, 26, 27]",block_size=256 spans ~4.9 token rows; cannot resolve sub-block spatial detail
X->P,20,17,DENSE,0.5,DENSE: entropy=0.89>0.7; many_blocks_above_0.01=21,,,,block_size=256 spans ~4.9 token rows; cannot resolve sub-block spatial detail
X->X,20,17,DENSE,0.7666666666666666,DENSE: entropy=0.91>0.7; max_block=0.027<0.03; many_blocks_above_0.01=25,,,,block_size=256 spans ~4.9 token rows; cannot resolve sub-block spatial detail
S->P,20,17,DENSE,0.5,DENSE: entropy=0.96>0.7; many_blocks_above_0.01=31,,,,block_size=256 spans ~4.9 token rows; cannot resolve sub-block spatial detail
S->X,20,17,DENSE,0.5,DENSE: entropy=0.89>0.7; many_blocks_above_0.01=21,,,,block_size=256 spans ~4.9 token rows; cannot resolve sub-block spatial detail
R1->P,20,17,DENSE,0.5,DENSE: entropy=0.95>0.7; many_blocks_above_0.01=30,,,,block_size=256 spans ~4.9 token rows; cannot resolve sub-block spatial detail
R1->X,20,17,DENSE,0.6,DENSE: entropy=0.94>0.7; max_block=0.019<0.03,,,,block_size=256 spans ~4.9 token rows; cannot resolve sub-block spatial detail
R1->S,20,17,DENSE,0.3333333333333333,DENSE: entropy=0.75>0.7,,,,block_size=256 spans ~4.9 token rows; cannot resolve sub-block spatial detail
P->X,20,18,DENSE,0.5,DENSE: entropy=0.98>0.7; many_blocks_above_0.01=32,,,"[0, 1, 2, 3, 4, 5, 6, 7, 8, 9, 10, 11, 12, 13, 14, 15, 16, 17, 18, 19, 24, 25, 26, 27]",block_size=256 spans ~4.9 token rows; cannot resolve sub-block spatial detail
X->P,20,18,DENSE,0.5,DENSE: entropy=0.98>0.7; many_blocks_above_0.01=32,,,,block_size=256 spans ~4.9 token rows; cannot resolve sub-block spatial detail
X->X,20,18,DENSE,0.3333333333333333,DENSE: entropy=0.87>0.7,,,,block_size=256 spans ~4.9 token rows; cannot resolve sub-block spatial detail
S->P,20,18,DENSE,0.5,DENSE: entropy=0.97>0.7; many_blocks_above_0.01=34,,,,block_size=256 spans ~4.9 token rows; cannot resolve sub-block spatial detail
S->X,20,18,DENSE,0.3333333333333333,DENSE: entropy=0.94>0.7,,,,block_size=256 spans ~4.9 token rows; cannot resolve sub-block spatial detail
S->R1,20,18,DENSE,0.5,DENSE: entropy=0.82>0.7; many_blocks_above_0.01=21,,,,block_size=256 spans ~4.9 token rows; cannot resolve sub-block spatial detail
R1->P,20,18,DENSE,0.5,DENSE: entropy=0.98>0.7; many_blocks_above_0.01=34,,,,block_size=256 spans ~4.9 token rows; cannot resolve sub-block spatial detail
R1->X,20,18,DENSE,0.5,DENSE: entropy=0.92>0.7; many_blocks_above_0.01=22,,,,block_size=256 spans ~4.9 token rows; cannot resolve sub-block spatial detail
X->P,20,20,DENSE,0.3333333333333333,DENSE: entropy=0.85>0.7,,,,block_size=256 spans ~4.9 token rows; cannot resolve sub-block spatial detail
X->P,20,21,DENSE,0.3333333333333333,DENSE: entropy=0.82>0.7,,,,block_size=256 spans ~4.9 token rows; cannot resolve sub-block spatial detail
X->P,20,22,DENSE,0.5,DENSE: entropy=0.93>0.7; many_blocks_above_0.01=26,,,,block_size=256 spans ~4.9 token rows; cannot resolve sub-block spatial detail
S->P,20,22,DENSE,0.3333333333333333,DENSE: entropy=0.89>0.7,,,,block_size=256 spans ~4.9 token rows; cannot resolve sub-block spatial detail
R1->P,20,22,DENSE,0.5,DENSE: entropy=0.90>0.7; many_blocks_above_0.01=22,,,,block_size=256 spans ~4.9 token rows; cannot resolve sub-block spatial detail
P->X,20,23,DENSE,0.5,DENSE: entropy=0.97>0.7; many_blocks_above_0.01=32,,,"[0, 1, 2, 3, 4, 5, 6, 7, 8, 9, 10, 11, 12, 13, 14, 15, 16, 17, 18, 19, 20, 21, 22, 23, 24, 25, 26, 27]",block_size=256 spans ~4.9 token rows; cannot resolve sub-block spatial detail
X->P,20,23,DENSE,0.3333333333333333,DENSE: entropy=0.88>0.7,,,,block_size=256 spans ~4.9 token rows; cannot resolve sub-block spatial detail
X->X,20,23,DENSE,0.5,DENSE: entropy=0.73>0.7; many_blocks_above_0.01=30,,,,block_size=256 spans ~4.9 token rows; cannot resolve sub-block spatial detail
S->P,20,23,DENSE,0.3333333333333333,DENSE: entropy=0.89>0.7,,,,block_size=256 spans ~4.9 token rows; cannot resolve sub-block spatial detail
S->S,20,23,DENSE,0.5,DENSE: entropy=0.78>0.7; many_blocks_above_0.01=22,,,,block_size=256 spans ~4.9 token rows; cannot resolve sub-block spatial detail
R1->P,20,23,DENSE,0.3333333333333333,DENSE: entropy=0.90>0.7,,,,block_size=256 spans ~4.9 token rows; cannot resolve sub-block spatial detail
R1->X,20,23,DENSE,0.5,DENSE: entropy=0.77>0.7; many_blocks_above_0.01=30,,,,block_size=256 spans ~4.9 token rows; cannot resolve sub-block spatial detail
P->X,21,0,DENSE,0.5,DENSE: entropy=0.97>0.7; many_blocks_above_0.01=32,,,"[0, 1, 2, 3, 4, 5, 6, 7, 8, 9, 10, 11, 12, 13, 14, 15, 16, 17, 18, 19, 20, 21, 22, 23, 24, 25, 26, 27]",block_size=256 spans ~4.9 token rows; cannot resolve sub-block spatial detail
X->P,21,0,DENSE,0.5,DENSE: entropy=0.98>0.7; many_blocks_above_0.01=32,,,,block_size=256 spans ~4.9 token rows; cannot resolve sub-block spatial detail
X->X,21,0,DENSE,0.5,DENSE: entropy=0.73>0.7; many_blocks_above_0.01=29,,,,block_size=256 spans ~4.9 token rows; cannot resolve sub-block spatial detail
S->P,21,0,DENSE,0.5,DENSE: entropy=0.94>0.7; many_blocks_above_0.01=26,,,,block_size=256 spans ~4.9 token rows; cannot resolve sub-block spatial detail
S->X,21,0,DENSE,0.5,DENSE: entropy=0.78>0.7; many_blocks_above_0.01=23,,,,block_size=256 spans ~4.9 token rows; cannot resolve sub-block spatial detail
S->S,21,0,DENSE,0.5,DENSE: entropy=0.79>0.7; many_blocks_above_0.01=28,,,,block_size=256 spans ~4.9 token rows; cannot resolve sub-block spatial detail
S->R1,21,0,DENSE,0.3333333333333333,DENSE: entropy=0.73>0.7,,,,block_size=256 spans ~4.9 token rows; cannot resolve sub-block spatial detail
R1->P,21,0,DENSE,0.5,DENSE: entropy=0.99>0.7; many_blocks_above_0.01=34,,,,block_size=256 spans ~4.9 token rows; cannot resolve sub-block spatial detail
R1->X,21,0,DENSE,0.5,DENSE: entropy=0.81>0.7; many_blocks_above_0.01=29,,,,block_size=256 spans ~4.9 token rows; cannot resolve sub-block spatial detail
P->X,21,1,DENSE,0.5,DENSE: entropy=0.95>0.7; many_blocks_above_0.01=28,,,"[0, 1, 2, 3, 4, 5, 6, 7, 8, 9, 10, 11, 12, 13, 14, 15, 16, 17, 18, 19, 20, 21, 22, 23, 24, 25, 26, 27]",block_size=256 spans ~4.9 token rows; cannot resolve sub-block spatial detail
X->P,21,1,DENSE,0.3333333333333333,DENSE: entropy=0.87>0.7,,,,block_size=256 spans ~4.9 token rows; cannot resolve sub-block spatial detail
P->X,21,2,DENSE,0.5,DENSE: entropy=0.96>0.7; many_blocks_above_0.01=29,,,"[0, 1, 2, 3, 4, 5, 6, 7, 8, 9, 10, 11, 12, 13, 14, 15, 16, 17, 18, 19, 20, 21, 22, 23, 24, 25, 26, 27]",block_size=256 spans ~4.9 token rows; cannot resolve sub-block spatial detail
X->P,21,2,DENSE,0.5,DENSE: entropy=0.92>0.7; many_blocks_above_0.01=25,,,,block_size=256 spans ~4.9 token rows; cannot resolve sub-block spatial detail
X->R1,21,2,DENSE,0.5,DENSE: entropy=0.83>0.7; many_blocks_above_0.01=26,,,,block_size=256 spans ~4.9 token rows; cannot resolve sub-block spatial detail
S->P,21,2,DENSE,0.5,DENSE: entropy=0.97>0.7; many_blocks_above_0.01=34,,,,block_size=256 spans ~4.9 token rows; cannot resolve sub-block spatial detail
S->X,21,2,DENSE,0.3333333333333333,DENSE: entropy=0.94>0.7,,,,block_size=256 spans ~4.9 token rows; cannot resolve sub-block spatial detail
S->R1,21,2,DENSE,0.3333333333333333,DENSE: entropy=0.81>0.7,,,,block_size=256 spans ~4.9 token rows; cannot resolve sub-block spatial detail
R1->P,21,2,DENSE,0.5,DENSE: entropy=0.96>0.7; many_blocks_above_0.01=33,,,,block_size=256 spans ~4.9 token rows; cannot resolve sub-block spatial detail
R1->S,21,2,DENSE,0.3333333333333333,DENSE: entropy=0.78>0.7,,,,block_size=256 spans ~4.9 token rows; cannot resolve sub-block spatial detail
P->X,21,3,DENSE,0.5,DENSE: entropy=0.97>0.7; many_blocks_above_0.01=32,,,,block_size=256 spans ~4.9 token rows; cannot resolve sub-block spatial detail
X->P,21,3,DENSE,0.5,DENSE: entropy=0.98>0.7; many_blocks_above_0.01=32,,,,block_size=256 spans ~4.9 token rows; cannot resolve sub-block spatial detail
X->X,21,3,DENSE,0.5,DENSE: entropy=0.79>0.7; many_blocks_above_0.01=26,,,,block_size=256 spans ~4.9 token rows; cannot resolve sub-block spatial detail
S->P,21,3,DENSE,0.5,DENSE: entropy=0.86>0.7; many_blocks_above_0.01=30,,,,block_size=256 spans ~4.9 token rows; cannot resolve sub-block spatial detail
S->X,21,3,DENSE,0.3333333333333333,DENSE: entropy=0.81>0.7,,,,block_size=256 spans ~4.9 token rows; cannot resolve sub-block spatial detail
R1->X,21,3,DENSE,0.5,DENSE: entropy=0.88>0.7; many_blocks_above_0.01=22,,,,block_size=256 spans ~4.9 token rows; cannot resolve sub-block spatial detail
P->X,21,4,DENSE,0.5,DENSE: entropy=0.97>0.7; many_blocks_above_0.01=32,,,,block_size=256 spans ~4.9 token rows; cannot resolve sub-block spatial detail
P->S,21,4,DENSE,0.5,DENSE: entropy=0.87>0.7; many_blocks_above_0.01=30,,,"[19, 20]",block_size=256 spans ~4.9 token rows; cannot resolve sub-block spatial detail
P->R1,21,4,DENSE,0.5,DENSE: entropy=0.94>0.7; many_blocks_above_0.01=30,,,"[0, 1, 2, 3, 4, 5, 6, 7, 8, 9, 10, 11, 12, 13, 14, 15, 16, 17, 18, 19, 20, 21, 22, 23, 24, 25, 26, 27]",block_size=256 spans ~4.9 token rows; cannot resolve sub-block spatial detail
X->P,21,4,DENSE,0.5,DENSE: entropy=0.99>0.7; many_blocks_above_0.01=32,,,,block_size=256 spans ~4.9 token rows; cannot resolve sub-block spatial detail
X->X,21,4,DENSE,0.5,DENSE: entropy=0.78>0.7; many_blocks_above_0.01=32,,,,block_size=256 spans ~4.9 token rows; cannot resolve sub-block spatial detail
S->P,21,4,DENSE,0.5,DENSE: entropy=0.96>0.7; many_blocks_above_0.01=29,,,,block_size=256 spans ~4.9 token rows; cannot resolve sub-block spatial detail
S->X,21,4,DENSE,0.3333333333333333,DENSE: entropy=0.85>0.7,,,,block_size=256 spans ~4.9 token rows; cannot resolve sub-block spatial detail
S->S,21,4,DENSE,0.5,DENSE: entropy=0.84>0.7; many_blocks_above_0.01=28,,,,block_size=256 spans ~4.9 token rows; cannot resolve sub-block spatial detail
S->R1,21,4,DENSE,0.3333333333333333,DENSE: entropy=0.82>0.7,,,,block_size=256 spans ~4.9 token rows; cannot resolve sub-block spatial detail
R1->P,21,4,DENSE,0.5,DENSE: entropy=0.98>0.7; many_blocks_above_0.01=34,,,,block_size=256 spans ~4.9 token rows; cannot resolve sub-block spatial detail
R1->X,21,4,DENSE,0.5,DENSE: entropy=0.89>0.7; many_blocks_above_0.01=29,,,,block_size=256 spans ~4.9 token rows; cannot resolve sub-block spatial detail
R1->S,21,4,DENSE,0.3333333333333333,DENSE: entropy=0.88>0.7,,,,block_size=256 spans ~4.9 token rows; cannot resolve sub-block spatial detail
R1->R1,21,4,DENSE,0.5,DENSE: entropy=0.85>0.7; many_blocks_above_0.01=24,,,,block_size=256 spans ~4.9 token rows; cannot resolve sub-block spatial detail
P->X,21,5,DENSE,0.5,DENSE: entropy=0.96>0.7; many_blocks_above_0.01=30,,,"[0, 1, 2, 3, 4, 5, 6, 7, 8, 9, 10, 11, 12, 13, 14, 15, 16, 17, 18, 19, 20, 21]",block_size=256 spans ~4.9 token rows; cannot resolve sub-block spatial detail
X->P,21,5,DENSE,0.5,DENSE: entropy=0.99>0.7; many_blocks_above_0.01=32,,,,block_size=256 spans ~4.9 token rows; cannot resolve sub-block spatial detail
X->X,21,5,DENSE,0.5,DENSE: entropy=0.91>0.7; many_blocks_above_0.01=24,,,,block_size=256 spans ~4.9 token rows; cannot resolve sub-block spatial detail
S->P,21,5,DENSE,0.5,DENSE: entropy=0.98>0.7; many_blocks_above_0.01=34,,,,block_size=256 spans ~4.9 token rows; cannot resolve sub-block spatial detail
S->X,21,5,DENSE,0.3333333333333333,DENSE: entropy=0.94>0.7,,,,block_size=256 spans ~4.9 token rows; cannot resolve sub-block spatial detail
S->S,21,5,DENSE,0.5,DENSE: entropy=0.85>0.7; many_blocks_above_0.01=27,,,,block_size=256 spans ~4.9 token rows; cannot resolve sub-block spatial detail
R1->P,21,5,DENSE,0.5,DENSE: entropy=0.98>0.7; many_blocks_above_0.01=34,,,,block_size=256 spans ~4.9 token rows; cannot resolve sub-block spatial detail
R1->X,21,5,DENSE,0.6,DENSE: entropy=0.93>0.7; max_block=0.025<0.03,,,,block_size=256 spans ~4.9 token rows; cannot resolve sub-block spatial detail
P->X,21,7,DENSE,0.5,DENSE: entropy=0.96>0.7; many_blocks_above_0.01=32,,,"[26, 27]",block_size=256 spans ~4.9 token rows; cannot resolve sub-block spatial detail
P->S,21,7,DENSE,0.5,DENSE: entropy=0.95>0.7; many_blocks_above_0.01=34,,,"[0, 1, 2, 3, 4, 5, 6, 7, 8, 9, 10, 11, 12, 13, 14, 15, 16, 17, 18, 19, 20, 21, 22, 23, 24, 25, 26, 27]",block_size=256 spans ~4.9 token rows; cannot resolve sub-block spatial detail
P->R1,21,7,DENSE,0.5,DENSE: entropy=0.94>0.7; many_blocks_above_0.01=30,,,"[1, 2, 3, 4, 5, 6, 7, 8, 9, 10, 11, 12, 13, 14, 15, 16, 17, 18, 19, 20, 21, 22, 23, 24, 25, 26, 27]",block_size=256 spans ~4.9 token rows; cannot resolve sub-block spatial detail
X->P,21,7,DENSE,0.5,DENSE: entropy=0.99>0.7; many_blocks_above_0.01=32,,,,block_size=256 spans ~4.9 token rows; cannot resolve sub-block spatial detail
X->X,21,7,DENSE,0.5,DENSE: entropy=0.85>0.7; many_blocks_above_0.01=27,,,,block_size=256 spans ~4.9 token rows; cannot resolve sub-block spatial detail
X->R1,21,7,DENSE,0.5,DENSE: entropy=0.81>0.7; many_blocks_above_0.01=29,,,,block_size=256 spans ~4.9 token rows; cannot resolve sub-block spatial detail
S->P,21,7,DENSE,0.5,DENSE: entropy=0.96>0.7; many_blocks_above_0.01=30,,,,block_size=256 spans ~4.9 token rows; cannot resolve sub-block spatial detail
S->X,21,7,DENSE,0.3333333333333333,DENSE: entropy=0.92>0.7,,,,block_size=256 spans ~4.9 token rows; cannot resolve sub-block spatial detail
S->S,21,7,DENSE,0.5,DENSE: entropy=0.84>0.7; many_blocks_above_0.01=26,,,,block_size=256 spans ~4.9 token rows; cannot resolve sub-block spatial detail
S->R1,21,7,DENSE,0.3333333333333333,DENSE: entropy=0.92>0.7,,,,block_size=256 spans ~4.9 token rows; cannot resolve sub-block spatial detail
R1->P,21,7,DENSE,0.5,DENSE: entropy=0.97>0.7; many_blocks_above_0.01=33,,,,block_size=256 spans ~4.9 token rows; cannot resolve sub-block spatial detail
R1->X,21,7,DENSE,0.6,DENSE: entropy=0.94>0.7; max_block=0.024<0.03,,,,block_size=256 spans ~4.9 token rows; cannot resolve sub-block spatial detail
R1->S,21,7,DENSE,0.6,DENSE: entropy=0.95>0.7; max_block=0.029<0.03,,,,block_size=256 spans ~4.9 token rows; cannot resolve sub-block spatial detail
R1->R1,21,7,DENSE,0.5,DENSE: entropy=0.88>0.7; many_blocks_above_0.01=20,,,,block_size=256 spans ~4.9 token rows; cannot resolve sub-block spatial detail
P->X,21,8,DENSE,0.5,DENSE: entropy=0.96>0.7; many_blocks_above_0.01=32,,,,block_size=256 spans ~4.9 token rows; cannot resolve sub-block spatial detail
P->S,21,8,DENSE,0.5,DENSE: entropy=0.84>0.7; many_blocks_above_0.01=26,,,"[0, 1, 2, 3]",block_size=256 spans ~4.9 token rows; cannot resolve sub-block spatial detail
P->R1,21,8,DENSE,0.5,DENSE: entropy=0.92>0.7; many_blocks_above_0.01=29,,,"[4, 5, 6, 7, 8, 9, 10, 11, 12, 13, 14, 15, 16, 17, 18, 19, 20, 21, 22, 23, 24, 25]",block_size=256 spans ~4.9 token rows; cannot resolve sub-block spatial detail
X->P,21,8,DENSE,0.5,DENSE: entropy=0.97>0.7; many_blocks_above_0.01=32,,,,block_size=256 spans ~4.9 token rows; cannot resolve sub-block spatial detail
S->P,21,8,DENSE,0.5,DENSE: entropy=0.89>0.7; many_blocks_above_0.01=22,,,,block_size=256 spans ~4.9 token rows; cannot resolve sub-block spatial detail
S->X,21,8,DENSE,0.5,DENSE: entropy=0.75>0.7; many_blocks_above_0.01=23,,,,block_size=256 spans ~4.9 token rows; cannot resolve sub-block spatial detail
S->S,21,8,DENSE,0.5,DENSE: entropy=0.77>0.7; many_blocks_above_0.01=28,,,,block_size=256 spans ~4.9 token rows; cannot resolve sub-block spatial detail
R1->P,21,8,DENSE,0.5,DENSE: entropy=0.99>0.7; many_blocks_above_0.01=34,,,,block_size=256 spans ~4.9 token rows; cannot resolve sub-block spatial detail
R1->X,21,8,DENSE,0.5,DENSE: entropy=0.81>0.7; many_blocks_above_0.01=30,,,,block_size=256 spans ~4.9 token rows; cannot resolve sub-block spatial detail
P->X,21,9,DENSE,0.5,DENSE: entropy=0.95>0.7; many_blocks_above_0.01=30,,,"[10, 11, 12, 13, 14, 15, 16, 17, 18, 19, 20, 21, 22, 23, 24, 25, 26, 27]",block_size=256 spans ~4.9 token rows; cannot resolve sub-block spatial detail
P->S,21,9,DENSE,0.5,DENSE: entropy=0.96>0.7; many_blocks_above_0.01=30,,,"[0, 1, 2, 3, 4, 5, 6, 7, 8, 9, 10, 11, 12, 13, 14, 15, 16, 17, 18, 19, 20, 21, 22, 23, 24, 25, 26, 27]",block_size=256 spans ~4.9 token rows; cannot resolve sub-block spatial detail
P->R1,21,9,DENSE,0.5,DENSE: entropy=0.94>0.7; many_blocks_above_0.01=31,,,"[0, 1, 2, 3, 4, 5, 6, 7, 8, 9, 10, 11, 12, 13, 14, 15, 16, 17, 18, 19, 20, 21, 22, 23, 24, 25, 26]",block_size=256 spans ~4.9 token rows; cannot resolve sub-block spatial detail
X->P,21,9,DENSE,0.5,DENSE: entropy=0.99>0.7; many_blocks_above_0.01=32,,,,block_size=256 spans ~4.9 token rows; cannot resolve sub-block spatial detail
X->X,21,9,DENSE,0.5,DENSE: entropy=0.86>0.7; many_blocks_above_0.01=25,,,,block_size=256 spans ~4.9 token rows; cannot resolve sub-block spatial detail
S->P,21,9,DENSE,0.5,DENSE: entropy=0.99>0.7; many_blocks_above_0.01=34,,,,block_size=256 spans ~4.9 token rows; cannot resolve sub-block spatial detail
S->X,21,9,DENSE,0.3333333333333333,DENSE: entropy=0.95>0.7,,,,block_size=256 spans ~4.9 token rows; cannot resolve sub-block spatial detail
S->S,21,9,DENSE,0.5,DENSE: entropy=0.79>0.7; many_blocks_above_0.01=22,,,,block_size=256 spans ~4.9 token rows; cannot resolve sub-block spatial detail
S->R1,21,9,DENSE,0.3333333333333333,DENSE: entropy=0.84>0.7,,,,block_size=256 spans ~4.9 token rows; cannot resolve sub-block spatial detail
R1->P,21,9,DENSE,0.5,DENSE: entropy=0.99>0.7; many_blocks_above_0.01=34,,,,block_size=256 spans ~4.9 token rows; cannot resolve sub-block spatial detail
R1->X,21,9,DENSE,0.7666666666666666,DENSE: entropy=0.93>0.7; max_block=0.025<0.03; many_blocks_above_0.01=20,,,,block_size=256 spans ~4.9 token rows; cannot resolve sub-block spatial detail
R1->S,21,9,DENSE,0.3333333333333333,DENSE: entropy=0.77>0.7,,,,block_size=256 spans ~4.9 token rows; cannot resolve sub-block spatial detail
P->X,21,10,DENSE,0.5,DENSE: entropy=0.97>0.7; many_blocks_above_0.01=31,,,,block_size=256 spans ~4.9 token rows; cannot resolve sub-block spatial detail
P->S,21,10,DENSE,0.5,DENSE: entropy=0.93>0.7; many_blocks_above_0.01=33,,,"[4, 5, 6, 7, 8, 9, 10, 11, 12, 13, 14, 15, 16, 17, 18, 19, 20, 21, 22, 23, 24, 25, 26, 27]",block_size=256 spans ~4.9 token rows; cannot resolve sub-block spatial detail
P->R1,21,10,DENSE,0.5,DENSE: entropy=0.93>0.7; many_blocks_above_0.01=30,,,"[0, 1, 2, 3, 4, 5, 6, 7, 8, 9, 10, 11, 12, 13, 14, 15, 16, 17, 18, 19, 20, 21, 22, 23, 24, 25, 26, 27]",block_size=256 spans ~4.9 token rows; cannot resolve sub-block spatial detail
X->P,21,10,DENSE,0.5,DENSE: entropy=0.99>0.7; many_blocks_above_0.01=32,,,,block_size=256 spans ~4.9 token rows; cannot resolve sub-block spatial detail
X->X,21,10,DENSE,0.5,DENSE: entropy=0.82>0.7; many_blocks_above_0.01=28,,,,block_size=256 spans ~4.9 token rows; cannot resolve sub-block spatial detail
S->P,21,10,DENSE,0.5,DENSE: entropy=0.97>0.7; many_blocks_above_0.01=33,,,,block_size=256 spans ~4.9 token rows; cannot resolve sub-block spatial detail
S->X,21,10,DENSE,0.3333333333333333,DENSE: entropy=0.87>0.7,,,,block_size=256 spans ~4.9 token rows; cannot resolve sub-block spatial detail
S->S,21,10,DENSE,0.5,DENSE: entropy=0.82>0.7; many_blocks_above_0.01=25,,,,block_size=256 spans ~4.9 token rows; cannot resolve sub-block spatial detail
S->R1,21,10,DENSE,0.3333333333333333,DENSE: entropy=0.84>0.7,,,,block_size=256 spans ~4.9 token rows; cannot resolve sub-block spatial detail
R1->P,21,10,DENSE,0.5,DENSE: entropy=0.97>0.7; many_blocks_above_0.01=33,,,,block_size=256 spans ~4.9 token rows; cannot resolve sub-block spatial detail
R1->X,21,10,DENSE,0.5,DENSE: entropy=0.89>0.7; many_blocks_above_0.01=24,,,,block_size=256 spans ~4.9 token rows; cannot resolve sub-block spatial detail
R1->S,21,10,DENSE,0.3333333333333333,DENSE: entropy=0.89>0.7,,,,block_size=256 spans ~4.9 token rows; cannot resolve sub-block spatial detail
R1->R1,21,10,DENSE,0.3333333333333333,DENSE: entropy=0.83>0.7,,,,block_size=256 spans ~4.9 token rows; cannot resolve sub-block spatial detail
P->X,21,11,DENSE,0.5,DENSE: entropy=0.97>0.7; many_blocks_above_0.01=31,,,"[0, 1, 2, 3, 4, 5, 6, 7, 8, 9, 10, 11, 12, 13, 14, 15, 16, 17, 18, 19, 20, 21, 22, 23, 24, 25, 26, 27]",block_size=256 spans ~4.9 token rows; cannot resolve sub-block spatial detail
X->P,21,11,DENSE,0.3333333333333333,DENSE: entropy=0.88>0.7,,,,block_size=256 spans ~4.9 token rows; cannot resolve sub-block spatial detail
X->X,21,11,DENSE,0.7666666666666666,DENSE: entropy=0.91>0.7; max_block=0.028<0.03; many_blocks_above_0.01=21,,,,block_size=256 spans ~4.9 token rows; cannot resolve sub-block spatial detail
R1->X,21,11,DENSE,0.7666666666666666,DENSE: entropy=0.91>0.7; max_block=0.025<0.03; many_blocks_above_0.01=21,,,,block_size=256 spans ~4.9 token rows; cannot resolve sub-block spatial detail
P->P,21,12,DENSE,0.3333333333333333,DENSE: entropy=0.95>0.7,,,,block_size=256 spans ~4.9 token rows; cannot resolve sub-block spatial detail
P->X,21,12,DENSE,0.5,DENSE: entropy=0.97>0.7; many_blocks_above_0.01=32,,,,block_size=256 spans ~4.9 token rows; cannot resolve sub-block spatial detail
X->P,21,12,DENSE,0.5,DENSE: entropy=0.99>0.7; many_blocks_above_0.01=32,,,,block_size=256 spans ~4.9 token rows; cannot resolve sub-block spatial detail
P->X,21,13,DENSE,0.5,DENSE: entropy=0.96>0.7; many_blocks_above_0.01=30,,,"[0, 1, 2, 3, 4, 5, 6, 7, 8, 9, 10, 11, 12, 13, 14, 15, 16, 17, 18, 19, 20, 21, 22, 23, 24, 25, 26, 27]",block_size=256 spans ~4.9 token rows; cannot resolve sub-block spatial detail
X->P,21,13,DENSE,0.5,DENSE: entropy=0.94>0.7; many_blocks_above_0.01=28,,,,block_size=256 spans ~4.9 token rows; cannot resolve sub-block spatial detail
S->P,21,13,DENSE,0.5,DENSE: entropy=0.95>0.7; many_blocks_above_0.01=33,,,,block_size=256 spans ~4.9 token rows; cannot resolve sub-block spatial detail
S->X,21,13,DENSE,0.3333333333333333,DENSE: entropy=0.80>0.7,,,,block_size=256 spans ~4.9 token rows; cannot resolve sub-block spatial detail
R1->P,21,13,DENSE,0.5,DENSE: entropy=0.97>0.7; many_blocks_above_0.01=33,,,,block_size=256 spans ~4.9 token rows; cannot resolve sub-block spatial detail
P->X,21,14,DENSE,0.5,DENSE: entropy=0.96>0.7; many_blocks_above_0.01=32,,,,block_size=256 spans ~4.9 token rows; cannot resolve sub-block spatial detail
P->S,21,14,DENSE,0.5,DENSE: entropy=0.86>0.7; many_blocks_above_0.01=27,,,"[1, 2, 3, 4, 5, 6, 7, 8, 9]",block_size=256 spans ~4.9 token rows; cannot resolve sub-block spatial detail
P->R1,21,14,DENSE,0.5,DENSE: entropy=0.93>0.7; many_blocks_above_0.01=29,,,"[1, 2, 3, 4, 5, 6, 7, 8, 9, 10, 11, 12, 13, 14, 15, 16, 17, 18, 19, 20, 21, 22, 23, 24, 25, 26, 27]",block_size=256 spans ~4.9 token rows; cannot resolve sub-block spatial detail
X->P,21,14,DENSE,0.5,DENSE: entropy=0.98>0.7; many_blocks_above_0.01=31,,,,block_size=256 spans ~4.9 token rows; cannot resolve sub-block spatial detail
S->X,21,14,DENSE,0.3333333333333333,DENSE: entropy=0.75>0.7,,,,block_size=256 spans ~4.9 token rows; cannot resolve sub-block spatial detail
R1->X,21,14,DENSE,0.5,DENSE: entropy=0.84>0.7; many_blocks_above_0.01=27,,,,block_size=256 spans ~4.9 token rows; cannot resolve sub-block spatial detail
P->X,21,15,DENSE,0.5,DENSE: entropy=0.96>0.7; many_blocks_above_0.01=32,,,,block_size=256 spans ~4.9 token rows; cannot resolve sub-block spatial detail
P->S,21,15,DENSE,0.5,DENSE: entropy=0.84>0.7; many_blocks_above_0.01=27,,,"[0, 1, 2, 3, 4, 5, 6, 7]",block_size=256 spans ~4.9 token rows; cannot resolve sub-block spatial detail
X->P,21,15,DENSE,0.5,DENSE: entropy=0.99>0.7; many_blocks_above_0.01=32,,,,block_size=256 spans ~4.9 token rows; cannot resolve sub-block spatial detail
X->X,21,15,DENSE,0.5,DENSE: entropy=0.81>0.7; many_blocks_above_0.01=26,,,,block_size=256 spans ~4.9 token rows; cannot resolve sub-block spatial detail
X->R1,21,15,DENSE,0.5,DENSE: entropy=0.77>0.7; many_blocks_above_0.01=26,,,,block_size=256 spans ~4.9 token rows; cannot resolve sub-block spatial detail
S->P,21,15,DENSE,0.5,DENSE: entropy=0.93>0.7; many_blocks_above_0.01=28,,,,block_size=256 spans ~4.9 token rows; cannot resolve sub-block spatial detail
S->X,21,15,DENSE,0.3333333333333333,DENSE: entropy=0.74>0.7,,,,block_size=256 spans ~4.9 token rows; cannot resolve sub-block spatial detail
S->R1,21,15,DENSE,0.3333333333333333,DENSE: entropy=0.74>0.7,,,,block_size=256 spans ~4.9 token rows; cannot resolve sub-block spatial detail
R1->P,21,15,DENSE,0.5,DENSE: entropy=0.98>0.7; many_blocks_above_0.01=34,,,,block_size=256 spans ~4.9 token rows; cannot resolve sub-block spatial detail
R1->X,21,15,DENSE,0.5,DENSE: entropy=0.87>0.7; many_blocks_above_0.01=27,,,,block_size=256 spans ~4.9 token rows; cannot resolve sub-block spatial detail
X->P,21,16,DENSE,0.5,DENSE: entropy=0.88>0.7; many_blocks_above_0.01=23,,,,block_size=256 spans ~4.9 token rows; cannot resolve sub-block spatial detail
S->P,21,16,DENSE,0.3333333333333333,DENSE: entropy=0.81>0.7,,,,block_size=256 spans ~4.9 token rows; cannot resolve sub-block spatial detail
P->X,21,17,DENSE,0.5,DENSE: entropy=0.98>0.7; many_blocks_above_0.01=32,,,[27],block_size=256 spans ~4.9 token rows; cannot resolve sub-block spatial detail
X->P,21,17,DENSE,0.5,DENSE: entropy=0.95>0.7; many_blocks_above_0.01=29,,,,block_size=256 spans ~4.9 token rows; cannot resolve sub-block spatial detail
P->X,21,18,DENSE,0.5,DENSE: entropy=0.98>0.7; many_blocks_above_0.01=32,,,"[0, 1, 2, 3, 4, 5, 6, 7, 8, 9, 10, 11, 12, 13, 14, 15, 16, 17, 18, 19, 20, 21, 22, 23, 24, 25, 26, 27]",block_size=256 spans ~4.9 token rows; cannot resolve sub-block spatial detail
X->P,21,18,DENSE,0.5,DENSE: entropy=0.98>0.7; many_blocks_above_0.01=32,,,,block_size=256 spans ~4.9 token rows; cannot resolve sub-block spatial detail
S->P,21,18,DENSE,0.5,DENSE: entropy=0.95>0.7; many_blocks_above_0.01=28,,,,block_size=256 spans ~4.9 token rows; cannot resolve sub-block spatial detail
R1->P,21,18,DENSE,0.5,DENSE: entropy=0.98>0.7; many_blocks_above_0.01=34,,,,block_size=256 spans ~4.9 token rows; cannot resolve sub-block spatial detail
R1->X,21,18,DENSE,0.5,DENSE: entropy=0.84>0.7; many_blocks_above_0.01=25,,,,block_size=256 spans ~4.9 token rows; cannot resolve sub-block spatial detail
P->P,21,19,DENSE,0.3333333333333333,DENSE: entropy=0.92>0.7,,,"[7, 9, 12, 13, 14, 15, 16, 17, 18]",block_size=256 spans ~4.9 token rows; cannot resolve sub-block spatial detail
P->R1,21,19,DENSE,0.5,DENSE: entropy=0.94>0.7; many_blocks_above_0.01=29,,,"[0, 1, 2, 3, 4, 5, 6, 7, 8, 9, 10, 11, 12, 13, 14, 15, 16, 17, 18, 19, 20, 21, 22, 23, 24, 25, 26, 27]",block_size=256 spans ~4.9 token rows; cannot resolve sub-block spatial detail
X->P,21,19,DENSE,0.5,DENSE: entropy=0.98>0.7; many_blocks_above_0.01=32,,,,block_size=256 spans ~4.9 token rows; cannot resolve sub-block spatial detail
X->X,21,19,DENSE,0.5,DENSE: entropy=0.90>0.7; many_blocks_above_0.01=31,,,,block_size=256 spans ~4.9 token rows; cannot resolve sub-block spatial detail
S->P,21,19,DENSE,0.5,DENSE: entropy=0.89>0.7; many_blocks_above_0.01=30,,,,block_size=256 spans ~4.9 token rows; cannot resolve sub-block spatial detail
S->X,21,19,DENSE,0.3333333333333333,DENSE: entropy=0.88>0.7,,,,block_size=256 spans ~4.9 token rows; cannot resolve sub-block spatial detail
S->S,21,19,DENSE,0.7666666666666666,DENSE: entropy=0.89>0.7; max_block=0.022<0.03; many_blocks_above_0.01=26,,,,block_size=256 spans ~4.9 token rows; cannot resolve sub-block spatial detail
R1->P,21,19,DENSE,0.5,DENSE: entropy=0.98>0.7; many_blocks_above_0.01=33,,,"[26, 27]",block_size=256 spans ~4.9 token rows; cannot resolve sub-block spatial detail
R1->X,21,19,DENSE,0.7666666666666666,DENSE: entropy=0.92>0.7; max_block=0.019<0.03; many_blocks_above_0.01=25,,,,block_size=256 spans ~4.9 token rows; cannot resolve sub-block spatial detail
R1->S,21,19,DENSE,0.3333333333333333,DENSE: entropy=0.75>0.7,,,,block_size=256 spans ~4.9 token rows; cannot resolve sub-block spatial detail
R1->R1,21,19,DENSE,0.5,DENSE: entropy=0.85>0.7; many_blocks_above_0.01=33,,,,block_size=256 spans ~4.9 token rows; cannot resolve sub-block spatial detail
X->P,21,20,DENSE,0.5,DENSE: entropy=0.99>0.7; many_blocks_above_0.01=32,,,,block_size=256 spans ~4.9 token rows; cannot resolve sub-block spatial detail
P->X,21,21,DENSE,0.5,DENSE: entropy=0.96>0.7; many_blocks_above_0.01=29,,,"[0, 1, 2, 3, 4, 5, 6, 7, 8, 9, 10, 11, 12, 13, 14, 15, 16, 17, 18, 19, 20, 21, 22, 23, 24, 25, 26, 27]",block_size=256 spans ~4.9 token rows; cannot resolve sub-block spatial detail
X->P,21,21,DENSE,0.5,DENSE: entropy=0.99>0.7; many_blocks_above_0.01=32,,,,block_size=256 spans ~4.9 token rows; cannot resolve sub-block spatial detail
S->P,21,21,DENSE,0.5,DENSE: entropy=0.97>0.7; many_blocks_above_0.01=34,,,,block_size=256 spans ~4.9 token rows; cannot resolve sub-block spatial detail
S->X,21,21,DENSE,0.3333333333333333,DENSE: entropy=0.87>0.7,,,,block_size=256 spans ~4.9 token rows; cannot resolve sub-block spatial detail
R1->P,21,21,DENSE,0.5,DENSE: entropy=0.96>0.7; many_blocks_above_0.01=34,,,,block_size=256 spans ~4.9 token rows; cannot resolve sub-block spatial detail
R1->X,21,21,DENSE,0.7666666666666666,DENSE: entropy=0.91>0.7; max_block=0.026<0.03; many_blocks_above_0.01=25,,,,block_size=256 spans ~4.9 token rows; cannot resolve sub-block spatial detail
R1->S,21,21,DENSE,0.3333333333333333,DENSE: entropy=0.89>0.7,,,,block_size=256 spans ~4.9 token rows; cannot resolve sub-block spatial detail
X->P,21,22,DENSE,0.5,DENSE: entropy=0.84>0.7; many_blocks_above_0.01=25,,,,block_size=256 spans ~4.9 token rows; cannot resolve sub-block spatial detail
P->X,21,23,DENSE,0.5,DENSE: entropy=0.96>0.7; many_blocks_above_0.01=31,,,"[0, 1, 2, 3, 4, 5, 6, 7, 8, 9, 10, 11, 12, 13, 14, 15, 16, 17, 18, 19, 20, 21, 22, 23, 24, 25, 26, 27]",block_size=256 spans ~4.9 token rows; cannot resolve sub-block spatial detail
X->P,21,23,DENSE,0.5,DENSE: entropy=0.98>0.7; many_blocks_above_0.01=32,,,,block_size=256 spans ~4.9 token rows; cannot resolve sub-block spatial detail
S->P,21,23,DENSE,0.5,DENSE: entropy=0.94>0.7; many_blocks_above_0.01=29,,,,block_size=256 spans ~4.9 token rows; cannot resolve sub-block spatial detail
R1->P,21,23,DENSE,0.5,DENSE: entropy=0.95>0.7; many_blocks_above_0.01=31,,,,block_size=256 spans ~4.9 token rows; cannot resolve sub-block spatial detail
R1->X,21,23,DENSE,0.5,DENSE: entropy=0.77>0.7; many_blocks_above_0.01=33,,,,block_size=256 spans ~4.9 token rows; cannot resolve sub-block spatial detail
P->X,22,0,DENSE,0.5,DENSE: entropy=0.98>0.7; many_blocks_above_0.01=32,,,,block_size=256 spans ~4.9 token rows; cannot resolve sub-block spatial detail
X->P,22,0,DENSE,0.5,DENSE: entropy=0.99>0.7; many_blocks_above_0.01=32,,,,block_size=256 spans ~4.9 token rows; cannot resolve sub-block spatial detail
X->X,22,0,DENSE,0.7666666666666666,DENSE: entropy=0.90>0.7; max_block=0.029<0.03; many_blocks_above_0.01=28,,,,block_size=256 spans ~4.9 token rows; cannot resolve sub-block spatial detail
S->P,22,0,DENSE,0.5,DENSE: entropy=0.96>0.7; many_blocks_above_0.01=32,,,,block_size=256 spans ~4.9 token rows; cannot resolve sub-block spatial detail
R1->P,22,0,DENSE,0.5,DENSE: entropy=0.97>0.7; many_blocks_above_0.01=32,,,,block_size=256 spans ~4.9 token rows; cannot resolve sub-block spatial detail
R1->X,22,0,DENSE,0.6,DENSE: entropy=0.95>0.7; max_block=0.023<0.03,,,,block_size=256 spans ~4.9 token rows; cannot resolve sub-block spatial detail
R1->S,22,0,DENSE,0.5,DENSE: entropy=0.88>0.7; many_blocks_above_0.01=24,,,,block_size=256 spans ~4.9 token rows; cannot resolve sub-block spatial detail
P->X,22,1,DENSE,0.5,DENSE: entropy=0.97>0.7; many_blocks_above_0.01=31,,,"[0, 1, 2, 3, 4, 5, 6, 7, 8, 9, 10, 11, 12, 13, 14, 15, 16, 17, 18, 19, 20, 21, 22, 23, 24, 25, 26, 27]",block_size=256 spans ~4.9 token rows; cannot resolve sub-block spatial detail
X->P,22,1,DENSE,0.5,DENSE: entropy=0.93>0.7; many_blocks_above_0.01=27,,,,block_size=256 spans ~4.9 token rows; cannot resolve sub-block spatial detail
S->P,22,1,DENSE,0.5,DENSE: entropy=0.92>0.7; many_blocks_above_0.01=30,,,,block_size=256 spans ~4.9 token rows; cannot resolve sub-block spatial detail
S->R1,22,1,DENSE,0.5,DENSE: entropy=0.78>0.7; many_blocks_above_0.01=20,,,,block_size=256 spans ~4.9 token rows; cannot resolve sub-block spatial detail
R1->P,22,1,DENSE,0.5,DENSE: entropy=0.97>0.7; many_blocks_above_0.01=34,,,,block_size=256 spans ~4.9 token rows; cannot resolve sub-block spatial detail
P->X,22,4,DENSE,0.5,DENSE: entropy=0.99>0.7; many_blocks_above_0.01=32,,,"[0, 1, 2, 3, 4, 5, 6, 7, 8, 9, 10, 11, 12, 13, 14, 15, 16, 17, 18, 19, 20, 21, 22, 23, 24, 25]",block_size=256 spans ~4.9 token rows; cannot resolve sub-block spatial detail
X->P,22,4,DENSE,0.3333333333333333,DENSE: entropy=0.89>0.7,,,,block_size=256 spans ~4.9 token rows; cannot resolve sub-block spatial detail
S->P,22,4,DENSE,0.5,DENSE: entropy=0.93>0.7; many_blocks_above_0.01=26,,,,block_size=256 spans ~4.9 token rows; cannot resolve sub-block spatial detail
R1->P,22,4,DENSE,0.3333333333333333,DENSE: entropy=0.89>0.7,,,,block_size=256 spans ~4.9 token rows; cannot resolve sub-block spatial detail
P->X,22,5,DENSE,0.5,DENSE: entropy=0.95>0.7; many_blocks_above_0.01=29,,,"[0, 1, 2, 3, 4, 5, 6, 7, 8, 9, 10, 11, 12, 13, 14, 15, 16, 17, 18, 19, 20, 21, 22, 23, 24, 25, 26, 27]",block_size=256 spans ~4.9 token rows; cannot resolve sub-block spatial detail
P->S,22,5,DENSE,0.5,DENSE: entropy=0.95>0.7; many_blocks_above_0.01=30,,,"[0, 1, 2, 3, 4, 5, 6, 7, 8, 9, 10, 11, 12, 13, 14, 15, 16, 17, 18, 19, 20, 21, 22, 23, 24, 25, 26, 27]",block_size=256 spans ~4.9 token rows; cannot resolve sub-block spatial detail
P->R1,22,5,DENSE,0.5,DENSE: entropy=0.96>0.7; many_blocks_above_0.01=32,,,"[0, 1, 2, 3, 4, 5, 6, 7, 8, 9, 10, 11, 12, 13, 14, 15, 16, 17, 18, 19, 20, 21, 22, 23, 24, 25, 26, 27]",block_size=256 spans ~4.9 token rows; cannot resolve sub-block spatial detail
X->P,22,5,DENSE,0.5,DENSE: entropy=0.99>0.7; many_blocks_above_0.01=32,,,,block_size=256 spans ~4.9 token rows; cannot resolve sub-block spatial detail
X->R1,22,5,DENSE,0.5,DENSE: entropy=0.81>0.7; many_blocks_above_0.01=30,,,,block_size=256 spans ~4.9 token rows; cannot resolve sub-block spatial detail
S->S,22,5,DENSE,0.3333333333333333,DENSE: entropy=0.75>0.7,,,,block_size=256 spans ~4.9 token rows; cannot resolve sub-block spatial detail
R1->P,22,5,DENSE,0.5,DENSE: entropy=0.98>0.7; many_blocks_above_0.01=34,,,,block_size=256 spans ~4.9 token rows; cannot resolve sub-block spatial detail
R1->X,22,5,DENSE,0.5,DENSE: entropy=0.83>0.7; many_blocks_above_0.01=23,,,,block_size=256 spans ~4.9 token rows; cannot resolve sub-block spatial detail
R1->S,22,5,DENSE,0.3333333333333333,DENSE: entropy=0.88>0.7,,,,block_size=256 spans ~4.9 token rows; cannot resolve sub-block spatial detail
P->X,22,6,DENSE,0.5,DENSE: entropy=0.98>0.7; many_blocks_above_0.01=32,,,,block_size=256 spans ~4.9 token rows; cannot resolve sub-block spatial detail
X->P,22,6,DENSE,0.3333333333333333,DENSE: entropy=0.89>0.7,,,,block_size=256 spans ~4.9 token rows; cannot resolve sub-block spatial detail
X->X,22,6,DENSE,0.5,DENSE: entropy=0.88>0.7; many_blocks_above_0.01=26,,,,block_size=256 spans ~4.9 token rows; cannot resolve sub-block spatial detail
S->P,22,6,DENSE,0.5,DENSE: entropy=0.86>0.7; many_blocks_above_0.01=26,,,,block_size=256 spans ~4.9 token rows; cannot resolve sub-block spatial detail
S->R1,22,6,DENSE,0.3333333333333333,DENSE: entropy=0.79>0.7,,,,block_size=256 spans ~4.9 token rows; cannot resolve sub-block spatial detail
R1->X,22,6,DENSE,0.5,DENSE: entropy=0.89>0.7; many_blocks_above_0.01=25,,,,block_size=256 spans ~4.9 token rows; cannot resolve sub-block spatial detail
R1->S,22,6,DENSE,0.3333333333333333,DENSE: entropy=0.75>0.7,,,,block_size=256 spans ~4.9 token rows; cannot resolve sub-block spatial detail
X->P,22,7,DENSE,0.5,DENSE: entropy=0.91>0.7; many_blocks_above_0.01=21,,,,block_size=256 spans ~4.9 token rows; cannot resolve sub-block spatial detail
X->R1,22,7,DENSE,0.5,DENSE: entropy=0.76>0.7; many_blocks_above_0.01=30,,,,block_size=256 spans ~4.9 token rows; cannot resolve sub-block spatial detail
P->X,22,8,DENSE,0.5,DENSE: entropy=1.00>0.7; many_blocks_above_0.01=32,,,,block_size=256 spans ~4.9 token rows; cannot resolve sub-block spatial detail
X->P,22,8,DENSE,0.3333333333333333,DENSE: entropy=0.89>0.7,,,,block_size=256 spans ~4.9 token rows; cannot resolve sub-block spatial detail
S->P,22,8,DENSE,0.5,DENSE: entropy=0.94>0.7; many_blocks_above_0.01=28,,,,block_size=256 spans ~4.9 token rows; cannot resolve sub-block spatial detail
S->S,22,8,DENSE,0.6,DENSE: entropy=0.90>0.7; max_block=0.019<0.03,,,,block_size=256 spans ~4.9 token rows; cannot resolve sub-block spatial detail
R1->P,22,8,DENSE,0.5,DENSE: entropy=0.98>0.7; many_blocks_above_0.01=34,,,,block_size=256 spans ~4.9 token rows; cannot resolve sub-block spatial detail
R1->S,22,8,DENSE,0.5,DENSE: entropy=0.75>0.7; many_blocks_above_0.01=30,,,,block_size=256 spans ~4.9 token rows; cannot resolve sub-block spatial detail
P->X,22,9,DENSE,0.5,DENSE: entropy=0.99>0.7; many_blocks_above_0.01=32,,,"[0, 1, 2, 3, 4, 5, 6, 7, 8, 9, 10, 11, 12, 13, 14, 15, 16, 17, 18, 19, 20, 21, 22, 23, 24, 25, 26, 27]",block_size=256 spans ~4.9 token rows; cannot resolve sub-block spatial detail
P->S,22,9,DENSE,0.5,DENSE: entropy=0.93>0.7; many_blocks_above_0.01=31,,,"[0, 1, 2, 3, 4, 5, 6, 7, 8, 9, 10, 11, 12, 13, 14, 15, 16, 17, 18, 19, 20, 21, 22, 23, 24]",block_size=256 spans ~4.9 token rows; cannot resolve sub-block spatial detail
P->R1,22,9,DENSE,0.5,DENSE: entropy=0.98>0.7; many_blocks_above_0.01=33,,,"[0, 1, 2, 3, 4, 5, 6, 7, 8, 9, 10, 11, 12, 13, 14, 15, 16, 17, 18, 19, 20, 21, 22, 23, 24, 25, 26, 27]",block_size=256 spans ~4.9 token rows; cannot resolve sub-block spatial detail
X->P,22,9,DENSE,0.5,DENSE: entropy=0.99>0.7; many_blocks_above_0.01=32,,,,block_size=256 spans ~4.9 token rows; cannot resolve sub-block spatial detail
S->P,22,9,DENSE,0.5,DENSE: entropy=0.99>0.7; many_blocks_above_0.01=34,,,,block_size=256 spans ~4.9 token rows; cannot resolve sub-block spatial detail
S->X,22,9,DENSE,0.3333333333333333,DENSE: entropy=0.91>0.7,,,,block_size=256 spans ~4.9 token rows; cannot resolve sub-block spatial detail
S->S,22,9,DENSE,0.3333333333333333,DENSE: entropy=0.78>0.7,,,,block_size=256 spans ~4.9 token rows; cannot resolve sub-block spatial detail
S->R1,22,9,DENSE,0.3333333333333333,DENSE: entropy=0.87>0.7,,,,block_size=256 spans ~4.9 token rows; cannot resolve sub-block spatial detail
R1->P,22,9,DENSE,0.5,DENSE: entropy=0.98>0.7; many_blocks_above_0.01=34,,,,block_size=256 spans ~4.9 token rows; cannot resolve sub-block spatial detail
R1->X,22,9,DENSE,0.5,DENSE: entropy=0.89>0.7; many_blocks_above_0.01=23,,,,block_size=256 spans ~4.9 token rows; cannot resolve sub-block spatial detail
R1->S,22,9,DENSE,0.3333333333333333,DENSE: entropy=0.80>0.7,,,,block_size=256 spans ~4.9 token rows; cannot resolve sub-block spatial detail
P->X,22,10,DENSE,0.5,DENSE: entropy=0.94>0.7; many_blocks_above_0.01=26,,,,block_size=256 spans ~4.9 token rows; cannot resolve sub-block spatial detail
X->P,22,10,DENSE,0.5,DENSE: entropy=0.99>0.7; many_blocks_above_0.01=32,,,,block_size=256 spans ~4.9 token rows; cannot resolve sub-block spatial detail
S->P,22,10,DENSE,0.5,DENSE: entropy=0.91>0.7; many_blocks_above_0.01=32,,,,block_size=256 spans ~4.9 token rows; cannot resolve sub-block spatial detail
S->X,22,10,DENSE,0.3333333333333333,DENSE: entropy=0.82>0.7,,,,block_size=256 spans ~4.9 token rows; cannot resolve sub-block spatial detail
S->S,22,10,DENSE,0.7666666666666666,DENSE: entropy=0.89>0.7; max_block=0.024<0.03; many_blocks_above_0.01=26,,,,block_size=256 spans ~4.9 token rows; cannot resolve sub-block spatial detail
S->R1,22,10,DENSE,0.3333333333333333,DENSE: entropy=0.94>0.7,,,,block_size=256 spans ~4.9 token rows; cannot resolve sub-block spatial detail
R1->X,22,10,DENSE,0.6,DENSE: entropy=0.92>0.7; max_block=0.026<0.03,,,,block_size=256 spans ~4.9 token rows; cannot resolve sub-block spatial detail
R1->S,22,10,DENSE,0.3333333333333333,DENSE: entropy=0.81>0.7,,,,block_size=256 spans ~4.9 token rows; cannot resolve sub-block spatial detail
P->X,22,11,DENSE,0.5,DENSE: entropy=0.93>0.7; many_blocks_above_0.01=28,,,"[15, 16, 17, 21, 22, 23, 24, 25, 26, 27]",block_size=256 spans ~4.9 token rows; cannot resolve sub-block spatial detail
P->S,22,11,DENSE,0.5,DENSE: entropy=0.90>0.7; many_blocks_above_0.01=25,,,"[0, 1, 11, 12, 13, 14, 15, 16, 17, 18]",block_size=256 spans ~4.9 token rows; cannot resolve sub-block spatial detail
X->P,22,11,DENSE,0.5,DENSE: entropy=0.93>0.7; many_blocks_above_0.01=26,,,,block_size=256 spans ~4.9 token rows; cannot resolve sub-block spatial detail
P->P,22,12,DENSE,0.3333333333333333,DENSE: entropy=0.77>0.7,,,,block_size=256 spans ~4.9 token rows; cannot resolve sub-block spatial detail
P->X,22,12,DENSE,0.5,DENSE: entropy=0.96>0.7; many_blocks_above_0.01=30,,,,block_size=256 spans ~4.9 token rows; cannot resolve sub-block spatial detail
X->P,22,12,DENSE,0.5,DENSE: entropy=0.96>0.7; many_blocks_above_0.01=31,,,,block_size=256 spans ~4.9 token rows; cannot resolve sub-block spatial detail
R1->X,22,12,DENSE,0.3333333333333333,DENSE: entropy=0.94>0.7,,,,block_size=256 spans ~4.9 token rows; cannot resolve sub-block spatial detail
P->X,22,13,DENSE,0.5,DENSE: entropy=0.97>0.7; many_blocks_above_0.01=32,,,"[0, 8, 9, 10, 11, 12, 13, 14, 15, 16, 17, 18, 19, 20, 21, 22, 23, 24, 25, 26, 27]",block_size=256 spans ~4.9 token rows; cannot resolve sub-block spatial detail
X->P,22,13,DENSE,0.5,DENSE: entropy=0.87>0.7; many_blocks_above_0.01=21,,,,block_size=256 spans ~4.9 token rows; cannot resolve sub-block spatial detail
S->R1,22,13,DENSE,0.5,DENSE: entropy=0.77>0.7; many_blocks_above_0.01=30,,,,block_size=256 spans ~4.9 token rows; cannot resolve sub-block spatial detail
P->X,22,14,DENSE,0.5,DENSE: entropy=0.96>0.7; many_blocks_above_0.01=30,,,,block_size=256 spans ~4.9 token rows; cannot resolve sub-block spatial detail
P->S,22,14,DENSE,0.5,DENSE: entropy=0.85>0.7; many_blocks_above_0.01=20,,,"[0, 1, 2, 3, 4]",block_size=256 spans ~4.9 token rows; cannot resolve sub-block spatial detail
P->R1,22,14,DENSE,0.5,DENSE: entropy=0.95>0.7; many_blocks_above_0.01=32,,,"[0, 1, 2, 3, 4, 5, 6, 7, 8, 9, 10, 11, 12, 13, 14, 15, 16, 17, 18, 19, 20, 21, 22, 23, 24, 25, 26, 27]",block_size=256 spans ~4.9 token rows; cannot resolve sub-block spatial detail
X->P,22,14,DENSE,0.5,DENSE: entropy=0.98>0.7; many_blocks_above_0.01=32,,,,block_size=256 spans ~4.9 token rows; cannot resolve sub-block spatial detail
X->X,22,14,DENSE,0.3333333333333333,DENSE: entropy=0.75>0.7,,,,block_size=256 spans ~4.9 token rows; cannot resolve sub-block spatial detail
S->P,22,14,DENSE,0.5,DENSE: entropy=0.99>0.7; many_blocks_above_0.01=34,,,,block_size=256 spans ~4.9 token rows; cannot resolve sub-block spatial detail
S->X,22,14,DENSE,0.3333333333333333,DENSE: entropy=0.81>0.7,,,,block_size=256 spans ~4.9 token rows; cannot resolve sub-block spatial detail
S->R1,22,14,DENSE,0.3333333333333333,DENSE: entropy=0.73>0.7,,,,block_size=256 spans ~4.9 token rows; cannot resolve sub-block spatial detail
R1->P,22,14,DENSE,0.5,DENSE: entropy=0.98>0.7; many_blocks_above_0.01=34,,,,block_size=256 spans ~4.9 token rows; cannot resolve sub-block spatial detail
R1->X,22,14,DENSE,0.5,DENSE: entropy=0.82>0.7; many_blocks_above_0.01=25,,,,block_size=256 spans ~4.9 token rows; cannot resolve sub-block spatial detail
P->X,22,16,DENSE,0.5,DENSE: entropy=0.98>0.7; many_blocks_above_0.01=31,,,"[0, 1, 2, 3, 4, 5, 6, 7, 8, 9, 10, 11, 12, 13, 14, 15, 16, 17, 18, 19, 20, 21, 22, 23, 24, 25, 26, 27]",block_size=256 spans ~4.9 token rows; cannot resolve sub-block spatial detail
X->P,22,16,DENSE,0.5,DENSE: entropy=0.93>0.7; many_blocks_above_0.01=28,,,,block_size=256 spans ~4.9 token rows; cannot resolve sub-block spatial detail
S->R1,22,16,DENSE,0.3333333333333333,DENSE: entropy=0.76>0.7,,,,block_size=256 spans ~4.9 token rows; cannot resolve sub-block spatial detail
P->X,22,17,DENSE,0.5,DENSE: entropy=0.97>0.7; many_blocks_above_0.01=30,,,"[20, 21, 22, 23, 24, 25, 26, 27]",block_size=256 spans ~4.9 token rows; cannot resolve sub-block spatial detail
X->P,22,17,DENSE,0.5,DENSE: entropy=0.94>0.7; many_blocks_above_0.01=29,,,,block_size=256 spans ~4.9 token rows; cannot resolve sub-block spatial detail
X->X,22,17,DENSE,0.5,DENSE: entropy=0.75>0.7; many_blocks_above_0.01=26,,,,block_size=256 spans ~4.9 token rows; cannot resolve sub-block spatial detail
S->S,22,17,DENSE,0.5,DENSE: entropy=0.83>0.7; many_blocks_above_0.01=20,,,,block_size=256 spans ~4.9 token rows; cannot resolve sub-block spatial detail
S->R1,22,17,DENSE,0.3333333333333333,DENSE: entropy=0.91>0.7,,,,block_size=256 spans ~4.9 token rows; cannot resolve sub-block spatial detail
R1->P,22,17,DENSE,0.5,DENSE: entropy=0.97>0.7; many_blocks_above_0.01=33,,,,block_size=256 spans ~4.9 token rows; cannot resolve sub-block spatial detail
R1->X,22,17,DENSE,0.5,DENSE: entropy=0.81>0.7; many_blocks_above_0.01=32,,,,block_size=256 spans ~4.9 token rows; cannot resolve sub-block spatial detail
R1->R1,22,17,DENSE,0.3333333333333333,DENSE: entropy=0.78>0.7,,,,block_size=256 spans ~4.9 token rows; cannot resolve sub-block spatial detail
P->X,22,18,DENSE,0.5,DENSE: entropy=0.99>0.7; many_blocks_above_0.01=32,,,"[0, 1, 2, 3, 4, 5, 6, 7, 8, 9, 10, 11, 12, 13, 14, 15, 16, 17, 18, 19, 20, 21, 22, 23, 24, 25, 26, 27]",block_size=256 spans ~4.9 token rows; cannot resolve sub-block spatial detail
P->X,22,19,DENSE,0.5,DENSE: entropy=0.96>0.7; many_blocks_above_0.01=29,,,,block_size=256 spans ~4.9 token rows; cannot resolve sub-block spatial detail
P->S,22,19,DENSE,0.5,DENSE: entropy=0.91>0.7; many_blocks_above_0.01=24,,,"[0, 1, 2, 3, 4, 5, 6, 7, 8, 9, 10, 11, 12, 13, 14, 15, 16, 17, 18, 19, 20, 21, 22]",block_size=256 spans ~4.9 token rows; cannot resolve sub-block spatial detail
P->R1,22,19,DENSE,0.5,DENSE: entropy=0.97>0.7; many_blocks_above_0.01=32,,,"[19, 20, 21, 22, 23, 24, 25, 26, 27]",block_size=256 spans ~4.9 token rows; cannot resolve sub-block spatial detail
X->P,22,19,DENSE,0.5,DENSE: entropy=0.98>0.7; many_blocks_above_0.01=32,,,,block_size=256 spans ~4.9 token rows; cannot resolve sub-block spatial detail
X->X,22,19,DENSE,0.5,DENSE: entropy=0.81>0.7; many_blocks_above_0.01=33,,,,block_size=256 spans ~4.9 token rows; cannot resolve sub-block spatial detail
S->P,22,19,DENSE,0.5,DENSE: entropy=0.99>0.7; many_blocks_above_0.01=34,,,,block_size=256 spans ~4.9 token rows; cannot resolve sub-block spatial detail
S->X,22,19,DENSE,0.3333333333333333,DENSE: entropy=0.82>0.7,,,,block_size=256 spans ~4.9 token rows; cannot resolve sub-block spatial detail
S->R1,22,19,DENSE,0.5,DENSE: entropy=0.84>0.7; many_blocks_above_0.01=21,,,,block_size=256 spans ~4.9 token rows; cannot resolve sub-block spatial detail
R1->P,22,19,DENSE,0.5,DENSE: entropy=0.97>0.7; many_blocks_above_0.01=33,,,,block_size=256 spans ~4.9 token rows; cannot resolve sub-block spatial detail
R1->X,22,19,DENSE,0.5,DENSE: entropy=0.81>0.7; many_blocks_above_0.01=28,,,,block_size=256 spans ~4.9 token rows; cannot resolve sub-block spatial detail
P->X,22,20,DENSE,0.5,DENSE: entropy=0.94>0.7; many_blocks_above_0.01=28,,,"[4, 5, 6, 7, 8, 9, 10, 11, 12, 13, 14, 15, 16, 17, 18, 19, 20, 21, 22, 23, 24, 25, 26, 27]",block_size=256 spans ~4.9 token rows; cannot resolve sub-block spatial detail
P->S,22,20,DENSE,0.5,DENSE: entropy=0.94>0.7; many_blocks_above_0.01=33,,,"[0, 1, 2, 3, 4, 5, 6, 7, 8, 9, 10, 11, 12, 13, 14, 15, 16, 17, 18, 19, 20, 21, 22, 23, 24, 25, 26, 27]",block_size=256 spans ~4.9 token rows; cannot resolve sub-block spatial detail
P->R1,22,20,DENSE,0.5,DENSE: entropy=0.95>0.7; many_blocks_above_0.01=32,,,"[0, 1, 2, 3, 4, 5, 6, 7, 8, 9, 10, 11, 12, 13, 14, 15, 16, 17, 18, 19, 20, 21, 22, 23, 24, 25, 26, 27]",block_size=256 spans ~4.9 token rows; cannot resolve sub-block spatial detail
X->P,22,20,DENSE,0.5,DENSE: entropy=0.98>0.7; many_blocks_above_0.01=31,,,,block_size=256 spans ~4.9 token rows; cannot resolve sub-block spatial detail
X->R1,22,20,DENSE,0.5,DENSE: entropy=0.81>0.7; many_blocks_above_0.01=27,,,,block_size=256 spans ~4.9 token rows; cannot resolve sub-block spatial detail
S->P,22,20,DENSE,0.5,DENSE: entropy=0.99>0.7; many_blocks_above_0.01=34,,,,block_size=256 spans ~4.9 token rows; cannot resolve sub-block spatial detail
S->X,22,20,DENSE,0.3333333333333333,DENSE: entropy=0.91>0.7,,,,block_size=256 spans ~4.9 token rows; cannot resolve sub-block spatial detail
S->S,22,20,DENSE,0.3333333333333333,DENSE: entropy=0.83>0.7,,,,block_size=256 spans ~4.9 token rows; cannot resolve sub-block spatial detail
S->R1,22,20,DENSE,0.3333333333333333,DENSE: entropy=0.94>0.7,,,,block_size=256 spans ~4.9 token rows; cannot resolve sub-block spatial detail
R1->P,22,20,DENSE,0.5,DENSE: entropy=0.98>0.7; many_blocks_above_0.01=34,,,,block_size=256 spans ~4.9 token rows; cannot resolve sub-block spatial detail
R1->X,22,20,DENSE,0.5,DENSE: entropy=0.87>0.7; many_blocks_above_0.01=22,,,,block_size=256 spans ~4.9 token rows; cannot resolve sub-block spatial detail
R1->S,22,20,DENSE,0.3333333333333333,DENSE: entropy=0.89>0.7,,,,block_size=256 spans ~4.9 token rows; cannot resolve sub-block spatial detail
R1->R1,22,20,DENSE,0.3333333333333333,DENSE: entropy=0.89>0.7,,,,block_size=256 spans ~4.9 token rows; cannot resolve sub-block spatial detail
P->X,22,21,DENSE,0.5,DENSE: entropy=0.98>0.7; many_blocks_above_0.01=32,,,,block_size=256 spans ~4.9 token rows; cannot resolve sub-block spatial detail
X->P,22,21,DENSE,0.3333333333333333,DENSE: entropy=0.89>0.7,,,,block_size=256 spans ~4.9 token rows; cannot resolve sub-block spatial detail
S->R1,22,21,DENSE,0.3333333333333333,DENSE: entropy=0.81>0.7,,,,block_size=256 spans ~4.9 token rows; cannot resolve sub-block spatial detail
P->X,22,22,DENSE,0.5,DENSE: entropy=0.97>0.7; many_blocks_above_0.01=32,,,,block_size=256 spans ~4.9 token rows; cannot resolve sub-block spatial detail
P->S,22,22,DENSE,0.5,DENSE: entropy=0.78>0.7; many_blocks_above_0.01=24,,,,block_size=256 spans ~4.9 token rows; cannot resolve sub-block spatial detail
P->R1,22,22,DENSE,0.5,DENSE: entropy=0.97>0.7; many_blocks_above_0.01=33,,,"[0, 1, 2, 3, 4, 5, 6, 7, 8, 9, 10, 11, 12, 13, 14, 15, 16, 17, 18, 19, 20, 21, 22, 23, 24, 25, 26]",block_size=256 spans ~4.9 token rows; cannot resolve sub-block spatial detail
X->P,22,22,DENSE,0.5,DENSE: entropy=0.96>0.7; many_blocks_above_0.01=32,,,,block_size=256 spans ~4.9 token rows; cannot resolve sub-block spatial detail
X->X,22,22,DENSE,0.6,DENSE: entropy=0.99>0.7; max_block=0.010<0.03,,,,block_size=256 spans ~4.9 token rows; cannot resolve sub-block spatial detail
X->S,22,22,DENSE,0.3333333333333333,DENSE: entropy=0.81>0.7,,,,block_size=256 spans ~4.9 token rows; cannot resolve sub-block spatial detail
S->P,22,22,DENSE,0.5,DENSE: entropy=0.95>0.7; many_blocks_above_0.01=32,,,,block_size=256 spans ~4.9 token rows; cannot resolve sub-block spatial detail
S->R1,22,22,DENSE,0.6,DENSE: entropy=0.97>0.7; max_block=0.014<0.03,,,,block_size=256 spans ~4.9 token rows; cannot resolve sub-block spatial detail
R1->P,22,22,DENSE,0.5,DENSE: entropy=0.97>0.7; many_blocks_above_0.01=34,,,,block_size=256 spans ~4.9 token rows; cannot resolve sub-block spatial detail
P->P,22,23,DENSE,0.3333333333333333,DENSE: entropy=0.88>0.7,,,,block_size=256 spans ~4.9 token rows; cannot resolve sub-block spatial detail
P->X,22,23,DENSE,0.5,DENSE: entropy=0.96>0.7; many_blocks_above_0.01=32,,,,block_size=256 spans ~4.9 token rows; cannot resolve sub-block spatial detail
P->R1,22,23,DENSE,0.5,DENSE: entropy=0.95>0.7; many_blocks_above_0.01=30,,,"[0, 1, 2, 3, 4, 5, 6, 7, 8, 9, 10, 11, 12, 13, 14, 15, 16, 17, 18, 19, 20, 21, 22, 23, 24, 25, 26, 27]",block_size=256 spans ~4.9 token rows; cannot resolve sub-block spatial detail
X->P,22,23,DENSE,0.5,DENSE: entropy=0.99>0.7; many_blocks_above_0.01=32,,,,block_size=256 spans ~4.9 token rows; cannot resolve sub-block spatial detail
S->P,22,23,DENSE,0.5,DENSE: entropy=0.98>0.7; many_blocks_above_0.01=33,,,,block_size=256 spans ~4.9 token rows; cannot resolve sub-block spatial detail
S->X,22,23,DENSE,0.3333333333333333,DENSE: entropy=0.94>0.7,,,,block_size=256 spans ~4.9 token rows; cannot resolve sub-block spatial detail
S->S,22,23,DENSE,0.3333333333333333,DENSE: entropy=0.83>0.7,,,,block_size=256 spans ~4.9 token rows; cannot resolve sub-block spatial detail
S->R1,22,23,DENSE,0.3333333333333333,DENSE: entropy=0.93>0.7,,,,block_size=256 spans ~4.9 token rows; cannot resolve sub-block spatial detail
R1->P,22,23,DENSE,0.5,DENSE: entropy=0.98>0.7; many_blocks_above_0.01=34,,,,block_size=256 spans ~4.9 token rows; cannot resolve sub-block spatial detail
R1->X,22,23,DENSE,0.6,DENSE: entropy=0.95>0.7; max_block=0.026<0.03,,,,block_size=256 spans ~4.9 token rows; cannot resolve sub-block spatial detail
R1->R1,22,23,DENSE,0.5,DENSE: entropy=0.84>0.7; many_blocks_above_0.01=22,,,,block_size=256 spans ~4.9 token rows; cannot resolve sub-block spatial detail
P->X,23,1,DENSE,0.5,DENSE: entropy=0.96>0.7; many_blocks_above_0.01=32,,,"[0, 1, 2, 3, 4, 5, 6, 7, 8, 9, 10, 11, 12, 13, 14, 15, 16, 17, 18, 19, 20, 21, 22, 23, 24, 25, 26, 27]",block_size=256 spans ~4.9 token rows; cannot resolve sub-block spatial detail
X->P,23,1,DENSE,0.3333333333333333,DENSE: entropy=0.87>0.7,,,,block_size=256 spans ~4.9 token rows; cannot resolve sub-block spatial detail
X->X,23,1,DENSE,0.5,DENSE: entropy=0.74>0.7; many_blocks_above_0.01=31,,,,block_size=256 spans ~4.9 token rows; cannot resolve sub-block spatial detail
S->P,23,1,DENSE,0.5,DENSE: entropy=0.86>0.7; many_blocks_above_0.01=21,,,,block_size=256 spans ~4.9 token rows; cannot resolve sub-block spatial detail
R1->P,23,1,DENSE,0.3333333333333333,DENSE: entropy=0.88>0.7,,,,block_size=256 spans ~4.9 token rows; cannot resolve sub-block spatial detail
R1->X,23,1,DENSE,0.5,DENSE: entropy=0.75>0.7; many_blocks_above_0.01=35,,,,block_size=256 spans ~4.9 token rows; cannot resolve sub-block spatial detail
P->X,23,3,DENSE,0.5,DENSE: entropy=0.94>0.7; many_blocks_above_0.01=27,,,"[0, 1, 2, 3, 4, 5, 6, 7, 8, 9, 10, 11, 12, 13, 14, 15, 16, 17, 18, 19, 20, 21, 22, 23, 24, 25, 26, 27]",block_size=256 spans ~4.9 token rows; cannot resolve sub-block spatial detail
P->X,23,4,DENSE,0.5,DENSE: entropy=0.97>0.7; many_blocks_above_0.01=32,,,"[6, 7, 8, 9, 10, 11, 12, 13, 14, 15, 16, 17, 18, 19, 20, 21, 22, 23, 24, 25, 26, 27]",block_size=256 spans ~4.9 token rows; cannot resolve sub-block spatial detail
X->P,23,4,DENSE,0.5,DENSE: entropy=0.97>0.7; many_blocks_above_0.01=32,,,,block_size=256 spans ~4.9 token rows; cannot resolve sub-block spatial detail
X->X,23,4,DENSE,0.3333333333333333,DENSE: entropy=0.84>0.7,,,,block_size=256 spans ~4.9 token rows; cannot resolve sub-block spatial detail
S->P,23,4,DENSE,0.5,DENSE: entropy=0.90>0.7; many_blocks_above_0.01=26,,,,block_size=256 spans ~4.9 token rows; cannot resolve sub-block spatial detail
S->X,23,4,DENSE,0.5,DENSE: entropy=0.80>0.7; many_blocks_above_0.01=25,,,,block_size=256 spans ~4.9 token rows; cannot resolve sub-block spatial detail
R1->P,23,4,DENSE,0.5,DENSE: entropy=0.97>0.7; many_blocks_above_0.01=33,,,,block_size=256 spans ~4.9 token rows; cannot resolve sub-block spatial detail
R1->X,23,4,DENSE,0.5,DENSE: entropy=0.81>0.7; many_blocks_above_0.01=33,,,,block_size=256 spans ~4.9 token rows; cannot resolve sub-block spatial detail
P->X,23,5,DENSE,0.5,DENSE: entropy=0.96>0.7; many_blocks_above_0.01=31,,,"[0, 1, 2, 3, 4, 5, 6, 7, 8, 9, 10, 11, 12, 13, 14, 15, 16, 17, 18, 19, 20, 21, 22, 23, 24, 25, 26, 27]",block_size=256 spans ~4.9 token rows; cannot resolve sub-block spatial detail
P->S,23,5,DENSE,0.5,DENSE: entropy=0.97>0.7; many_blocks_above_0.01=33,,,"[0, 1, 2, 3, 4, 5, 6, 7, 8, 9, 10, 11, 12, 13, 14, 15, 16, 17, 18, 19, 20, 21, 22, 23, 24, 25, 26, 27]",block_size=256 spans ~4.9 token rows; cannot resolve sub-block spatial detail
P->R1,23,5,DENSE,0.5,DENSE: entropy=0.95>0.7; many_blocks_above_0.01=32,,,"[0, 1, 2, 3, 4, 5, 6, 7, 8, 9, 10, 11, 12, 13, 14, 15, 16, 17, 18, 19, 20, 21, 22, 23, 24, 25, 26, 27]",block_size=256 spans ~4.9 token rows; cannot resolve sub-block spatial detail
X->X,23,5,DENSE,0.6,DENSE: entropy=0.93>0.7; max_block=0.026<0.03,,,,block_size=256 spans ~4.9 token rows; cannot resolve sub-block spatial detail
X->S,23,5,DENSE,0.3333333333333333,DENSE: entropy=0.92>0.7,,,,block_size=256 spans ~4.9 token rows; cannot resolve sub-block spatial detail
S->P,23,5,DENSE,0.5,DENSE: entropy=0.95>0.7; many_blocks_above_0.01=32,,,,block_size=256 spans ~4.9 token rows; cannot resolve sub-block spatial detail
S->X,23,5,DENSE,0.6,DENSE: entropy=0.96>0.7; max_block=0.019<0.03,,,,block_size=256 spans ~4.9 token rows; cannot resolve sub-block spatial detail
S->S,23,5,DENSE,0.6,DENSE: entropy=0.95>0.7; max_block=0.019<0.03,,,,block_size=256 spans ~4.9 token rows; cannot resolve sub-block spatial detail
S->R1,23,5,DENSE,0.6,DENSE: entropy=0.95>0.7; max_block=0.015<0.03,,,,block_size=256 spans ~4.9 token rows; cannot resolve sub-block spatial detail
R1->P,23,5,DENSE,0.5,DENSE: entropy=0.98>0.7; many_blocks_above_0.01=34,,,,block_size=256 spans ~4.9 token rows; cannot resolve sub-block spatial detail
R1->X,23,5,DENSE,0.6,DENSE: entropy=0.95>0.7; max_block=0.023<0.03,,,,block_size=256 spans ~4.9 token rows; cannot resolve sub-block spatial detail
R1->S,23,5,DENSE,0.3333333333333333,DENSE: entropy=0.94>0.7,,,,block_size=256 spans ~4.9 token rows; cannot resolve sub-block spatial detail
R1->R1,23,5,DENSE,0.6,DENSE: entropy=0.93>0.7; max_block=0.027<0.03,,,,block_size=256 spans ~4.9 token rows; cannot resolve sub-block spatial detail
P->X,23,7,DENSE,0.5,DENSE: entropy=0.99>0.7; many_blocks_above_0.01=32,,,"[0, 1, 2, 3, 4, 5, 6, 7, 8, 9, 10, 11, 12, 13, 14, 15, 16, 17, 18, 19, 20, 21, 22, 23, 24, 25, 26, 27]",block_size=256 spans ~4.9 token rows; cannot resolve sub-block spatial detail
X->P,23,7,DENSE,0.5,DENSE: entropy=0.95>0.7; many_blocks_above_0.01=28,,,,block_size=256 spans ~4.9 token rows; cannot resolve sub-block spatial detail
X->X,23,7,DENSE,0.6,DENSE: entropy=0.96>0.7; max_block=0.023<0.03,,,,block_size=256 spans ~4.9 token rows; cannot resolve sub-block spatial detail
X->S,23,7,DENSE,0.5,DENSE: entropy=0.76>0.7; many_blocks_above_0.01=25,,,,block_size=256 spans ~4.9 token rows; cannot resolve sub-block spatial detail
S->R1,23,7,DENSE,0.3333333333333333,DENSE: entropy=0.78>0.7,,,,block_size=256 spans ~4.9 token rows; cannot resolve sub-block spatial detail
P->X,23,8,DENSE,0.5,DENSE: entropy=0.99>0.7; many_blocks_above_0.01=32,,,"[0, 1, 2, 3, 4, 5, 6, 7, 8, 9, 10, 11, 12, 13, 14, 15, 16, 17, 18, 19, 20, 21, 22, 23, 24, 25, 26, 27]",block_size=256 spans ~4.9 token rows; cannot resolve sub-block spatial detail
P->R1,23,8,DENSE,0.5,DENSE: entropy=0.98>0.7; many_blocks_above_0.01=34,,,"[0, 1, 2, 3, 4, 5, 6, 7, 8, 9, 10, 11, 12, 13, 14, 15, 16, 17, 18, 19, 20, 21, 22, 23, 24, 25, 26, 27]",block_size=256 spans ~4.9 token rows; cannot resolve sub-block spatial detail
X->P,23,8,DENSE,0.5,DENSE: entropy=0.94>0.7; many_blocks_above_0.01=25,,,,block_size=256 spans ~4.9 token rows; cannot resolve sub-block spatial detail
S->P,23,8,DENSE,0.5,DENSE: entropy=0.99>0.7; many_blocks_above_0.01=34,,,,block_size=256 spans ~4.9 token rows; cannot resolve sub-block spatial detail
S->S,23,8,DENSE,0.6,DENSE: entropy=0.95>0.7; max_block=0.017<0.03,,,,block_size=256 spans ~4.9 token rows; cannot resolve sub-block spatial detail
S->R1,23,8,DENSE,0.6,DENSE: entropy=0.97>0.7; max_block=0.015<0.03,,,,block_size=256 spans ~4.9 token rows; cannot resolve sub-block spatial detail
R1->P,23,8,DENSE,0.5,DENSE: entropy=0.95>0.7; many_blocks_above_0.01=32,,,,block_size=256 spans ~4.9 token rows; cannot resolve sub-block spatial detail
P->X,23,9,DENSE,0.5,DENSE: entropy=0.95>0.7; many_blocks_above_0.01=29,,,"[0, 1, 2, 3, 4, 5, 6, 7, 8, 9, 10, 11, 12, 13, 14, 15, 16, 17, 18, 19, 20, 21, 22, 23, 24, 25, 26, 27]",block_size=256 spans ~4.9 token rows; cannot resolve sub-block spatial detail
X->P,23,9,DENSE,0.5,DENSE: entropy=0.95>0.7; many_blocks_above_0.01=31,,,,block_size=256 spans ~4.9 token rows; cannot resolve sub-block spatial detail
S->P,23,9,DENSE,0.5,DENSE: entropy=0.98>0.7; many_blocks_above_0.01=34,,,,block_size=256 spans ~4.9 token rows; cannot resolve sub-block spatial detail
R1->P,23,9,DENSE,0.5,DENSE: entropy=0.94>0.7; many_blocks_above_0.01=33,,,,block_size=256 spans ~4.9 token rows; cannot resolve sub-block spatial detail
P->X,23,10,DENSE,0.5,DENSE: entropy=0.99>0.7; many_blocks_above_0.01=32,,,"[1, 2, 3, 4, 5, 6, 7, 8, 9, 10, 11, 12, 13, 14, 15, 16, 17, 18, 19, 20, 21, 22, 23, 24, 25, 26, 27]",block_size=256 spans ~4.9 token rows; cannot resolve sub-block spatial detail
P->R1,23,10,DENSE,0.5,DENSE: entropy=0.96>0.7; many_blocks_above_0.01=33,,,"[0, 1, 2, 3, 4, 5, 6, 7, 8, 9, 10, 11, 12, 13, 14, 15, 16, 17, 18, 19, 20, 21, 22, 23, 24, 25, 26, 27]",block_size=256 spans ~4.9 token rows; cannot resolve sub-block spatial detail
X->X,23,10,DENSE,0.6,DENSE: entropy=0.96>0.7; max_block=0.020<0.03,,,,block_size=256 spans ~4.9 token rows; cannot resolve sub-block spatial detail
X->R1,23,10,DENSE,0.6,DENSE: entropy=0.94>0.7; max_block=0.027<0.03,,,,block_size=256 spans ~4.9 token rows; cannot resolve sub-block spatial detail
S->P,23,10,DENSE,0.5,DENSE: entropy=0.99>0.7; many_blocks_above_0.01=34,,,,block_size=256 spans ~4.9 token rows; cannot resolve sub-block spatial detail
S->X,23,10,DENSE,0.6,DENSE: entropy=0.97>0.7; max_block=0.014<0.03,,,,block_size=256 spans ~4.9 token rows; cannot resolve sub-block spatial detail
S->S,23,10,DENSE,0.3333333333333333,DENSE: entropy=0.90>0.7,,,,block_size=256 spans ~4.9 token rows; cannot resolve sub-block spatial detail
S->R1,23,10,DENSE,0.6,DENSE: entropy=0.92>0.7; max_block=0.024<0.03,,,,block_size=256 spans ~4.9 token rows; cannot resolve sub-block spatial detail
R1->P,23,10,DENSE,0.5,DENSE: entropy=0.99>0.7; many_blocks_above_0.01=34,,,,block_size=256 spans ~4.9 token rows; cannot resolve sub-block spatial detail
R1->X,23,10,DENSE,0.6,DENSE: entropy=0.97>0.7; max_block=0.016<0.03,,,,block_size=256 spans ~4.9 token rows; cannot resolve sub-block spatial detail
R1->S,23,10,DENSE,0.3333333333333333,DENSE: entropy=0.92>0.7,,,,block_size=256 spans ~4.9 token rows; cannot resolve sub-block spatial detail
R1->R1,23,10,DENSE,0.3333333333333333,DENSE: entropy=0.89>0.7,,,,block_size=256 spans ~4.9 token rows; cannot resolve sub-block spatial detail
P->X,23,11,DENSE,0.5,DENSE: entropy=0.97>0.7; many_blocks_above_0.01=32,,,"[0, 1, 2, 3, 4, 5, 6, 7, 8, 9, 10, 11, 12, 13, 14, 15, 16, 17, 18, 19, 20, 21, 22, 23, 24, 25, 26, 27]",block_size=256 spans ~4.9 token rows; cannot resolve sub-block spatial detail
X->P,23,11,DENSE,0.5,DENSE: entropy=0.94>0.7; many_blocks_above_0.01=28,,,"[0, 1, 2, 3, 4, 5, 6, 7]",block_size=256 spans ~4.9 token rows; cannot resolve sub-block spatial detail
S->P,23,11,DENSE,0.5,DENSE: entropy=0.98>0.7; many_blocks_above_0.01=34,,,,block_size=256 spans ~4.9 token rows; cannot resolve sub-block spatial detail
S->R1,23,11,DENSE,0.3333333333333333,DENSE: entropy=0.81>0.7,,,,block_size=256 spans ~4.9 token rows; cannot resolve sub-block spatial detail
R1->S,23,11,DENSE,0.3333333333333333,DENSE: entropy=0.83>0.7,,,,block_size=256 spans ~4.9 token rows; cannot resolve sub-block spatial detail
P->X,23,12,DENSE,0.5,DENSE: entropy=0.99>0.7; many_blocks_above_0.01=32,,,,block_size=256 spans ~4.9 token rows; cannot resolve sub-block spatial detail
P->S,23,12,DENSE,0.5,DENSE: entropy=0.88>0.7; many_blocks_above_0.01=28,,,"[0, 1, 2, 3, 4, 5, 6, 7, 8, 9, 10, 11, 12, 13, 14, 15, 16, 17, 18]",block_size=256 spans ~4.9 token rows; cannot resolve sub-block spatial detail
P->R1,23,12,DENSE,0.5,DENSE: entropy=0.99>0.7; many_blocks_above_0.01=34,,,"[18, 19, 20, 21, 22, 23, 24, 25, 26, 27]",block_size=256 spans ~4.9 token rows; cannot resolve sub-block spatial detail
X->P,23,12,DENSE,0.5,DENSE: entropy=0.96>0.7; many_blocks_above_0.01=30,,,,block_size=256 spans ~4.9 token rows; cannot resolve sub-block spatial detail
X->X,23,12,DENSE,0.7666666666666666,DENSE: entropy=0.89>0.7; max_block=0.029<0.03; many_blocks_above_0.01=29,,,,block_size=256 spans ~4.9 token rows; cannot resolve sub-block spatial detail
X->R1,23,12,DENSE,0.5,DENSE: entropy=0.80>0.7; many_blocks_above_0.01=32,,,,block_size=256 spans ~4.9 token rows; cannot resolve sub-block spatial detail
S->P,23,12,DENSE,0.5,DENSE: entropy=0.97>0.7; many_blocks_above_0.01=34,,,,block_size=256 spans ~4.9 token rows; cannot resolve sub-block spatial detail
S->X,23,12,DENSE,0.3333333333333333,DENSE: entropy=0.91>0.7,,,,block_size=256 spans ~4.9 token rows; cannot resolve sub-block spatial detail
R1->X,23,12,DENSE,0.5,DENSE: entropy=0.90>0.7; many_blocks_above_0.01=26,,,,block_size=256 spans ~4.9 token rows; cannot resolve sub-block spatial detail
S->P,23,13,DENSE,0.5,DENSE: entropy=0.93>0.7; many_blocks_above_0.01=26,,,,block_size=256 spans ~4.9 token rows; cannot resolve sub-block spatial detail
R1->P,23,13,DENSE,0.5,DENSE: entropy=0.93>0.7; many_blocks_above_0.01=26,,,,block_size=256 spans ~4.9 token rows; cannot resolve sub-block spatial detail
P->X,23,14,DENSE,0.5,DENSE: entropy=0.99>0.7; many_blocks_above_0.01=32,,,,block_size=256 spans ~4.9 token rows; cannot resolve sub-block spatial detail
P->R1,23,14,DENSE,0.5,DENSE: entropy=0.97>0.7; many_blocks_above_0.01=33,,,"[0, 1, 2, 3, 4, 5, 6, 7, 8, 9, 10, 11, 12, 13, 14, 15, 16, 17, 18, 19, 20, 21, 22, 23, 24, 25, 26, 27]",block_size=256 spans ~4.9 token rows; cannot resolve sub-block spatial detail
X->P,23,14,DENSE,0.3333333333333333,DENSE: entropy=0.88>0.7,,,,block_size=256 spans ~4.9 token rows; cannot resolve sub-block spatial detail
X->X,23,14,DENSE,0.3333333333333333,DENSE: entropy=0.87>0.7,,,,block_size=256 spans ~4.9 token rows; cannot resolve sub-block spatial detail
P->X,23,15,DENSE,0.5,DENSE: entropy=0.98>0.7; many_blocks_above_0.01=32,,,"[8, 9, 10, 11, 12, 13, 14, 15, 16, 17, 18, 19, 20, 21, 22, 23, 24, 25, 26, 27]",block_size=256 spans ~4.9 token rows; cannot resolve sub-block spatial detail
P->S,23,15,DENSE,0.5,DENSE: entropy=0.92>0.7; many_blocks_above_0.01=28,,,"[0, 1, 2, 3, 4, 5, 6, 7, 8, 9, 10, 11, 12, 13, 14, 15, 16, 17, 18, 19, 20, 21, 22]",block_size=256 spans ~4.9 token rows; cannot resolve sub-block spatial detail
P->R1,23,15,DENSE,0.5,DENSE: entropy=0.98>0.7; many_blocks_above_0.01=34,,,"[0, 1, 2, 3, 4, 5, 6, 7, 8, 9, 10, 11, 12, 13, 14, 15, 16, 17, 18, 19, 20, 21, 22, 23, 24, 25, 26, 27]",block_size=256 spans ~4.9 token rows; cannot resolve sub-block spatial detail
X->P,23,15,DENSE,0.5,DENSE: entropy=0.99>0.7; many_blocks_above_0.01=32,,,,block_size=256 spans ~4.9 token rows; cannot resolve sub-block spatial detail
X->X,23,15,DENSE,0.5,DENSE: entropy=0.81>0.7; many_blocks_above_0.01=22,,,,block_size=256 spans ~4.9 token rows; cannot resolve sub-block spatial detail
X->R1,23,15,DENSE,0.5,DENSE: entropy=0.76>0.7; many_blocks_above_0.01=29,,,,block_size=256 spans ~4.9 token rows; cannot resolve sub-block spatial detail
S->P,23,15,DENSE,0.5,DENSE: entropy=0.97>0.7; many_blocks_above_0.01=33,,,,block_size=256 spans ~4.9 token rows; cannot resolve sub-block spatial detail
S->X,23,15,DENSE,0.3333333333333333,DENSE: entropy=0.93>0.7,,,,block_size=256 spans ~4.9 token rows; cannot resolve sub-block spatial detail
S->S,23,15,DENSE,0.5,DENSE: entropy=0.84>0.7; many_blocks_above_0.01=24,,,,block_size=256 spans ~4.9 token rows; cannot resolve sub-block spatial detail
S->R1,23,15,DENSE,0.3333333333333333,DENSE: entropy=0.90>0.7,,,,block_size=256 spans ~4.9 token rows; cannot resolve sub-block spatial detail
R1->P,23,15,DENSE,0.5,DENSE: entropy=0.97>0.7; many_blocks_above_0.01=34,,,,block_size=256 spans ~4.9 token rows; cannot resolve sub-block spatial detail
R1->X,23,15,DENSE,0.7666666666666666,DENSE: entropy=0.91>0.7; max_block=0.028<0.03; many_blocks_above_0.01=23,,,,block_size=256 spans ~4.9 token rows; cannot resolve sub-block spatial detail
R1->S,23,15,DENSE,0.3333333333333333,DENSE: entropy=0.83>0.7,,,,block_size=256 spans ~4.9 token rows; cannot resolve sub-block spatial detail
R1->R1,23,15,DENSE,0.5,DENSE: entropy=0.80>0.7; many_blocks_above_0.01=21,,,,block_size=256 spans ~4.9 token rows; cannot resolve sub-block spatial detail
S->P,23,16,DENSE,0.5,DENSE: entropy=0.92>0.7; many_blocks_above_0.01=25,,,,block_size=256 spans ~4.9 token rows; cannot resolve sub-block spatial detail
S->R1,23,16,DENSE,0.3333333333333333,DENSE: entropy=0.80>0.7,,,,block_size=256 spans ~4.9 token rows; cannot resolve sub-block spatial detail
R1->P,23,16,DENSE,0.5,DENSE: entropy=0.95>0.7; many_blocks_above_0.01=31,,,,block_size=256 spans ~4.9 token rows; cannot resolve sub-block spatial detail
R1->X,23,16,DENSE,0.5,DENSE: entropy=0.81>0.7; many_blocks_above_0.01=27,,,,block_size=256 spans ~4.9 token rows; cannot resolve sub-block spatial detail
R1->S,23,16,DENSE,0.3333333333333333,DENSE: entropy=0.82>0.7,,,,block_size=256 spans ~4.9 token rows; cannot resolve sub-block spatial detail
P->X,23,17,DENSE,0.5,DENSE: entropy=0.99>0.7; many_blocks_above_0.01=32,,,"[0, 1, 2, 3, 4, 5, 6, 7, 8, 9, 10, 11, 12, 13, 14, 15, 16, 17, 18, 19, 20, 21, 22, 23, 24, 25, 26, 27]",block_size=256 spans ~4.9 token rows; cannot resolve sub-block spatial detail
X->P,23,17,DENSE,0.5,DENSE: entropy=0.92>0.7; many_blocks_above_0.01=24,,,,block_size=256 spans ~4.9 token rows; cannot resolve sub-block spatial detail
S->S,23,17,DENSE,0.3333333333333333,DENSE: entropy=0.82>0.7,,,,block_size=256 spans ~4.9 token rows; cannot resolve sub-block spatial detail
R1->P,23,17,DENSE,0.3333333333333333,DENSE: entropy=0.89>0.7,,,,block_size=256 spans ~4.9 token rows; cannot resolve sub-block spatial detail
R1->R1,23,17,DENSE,0.6,DENSE: entropy=0.93>0.7; max_block=0.024<0.03,,,,block_size=256 spans ~4.9 token rows; cannot resolve sub-block spatial detail
P->P,23,18,DENSE,0.3333333333333333,DENSE: entropy=0.95>0.7,,,"[3, 4, 5, 6, 7]",block_size=256 spans ~4.9 token rows; cannot resolve sub-block spatial detail
X->P,23,18,DENSE,0.5,DENSE: entropy=0.99>0.7; many_blocks_above_0.01=32,,,,block_size=256 spans ~4.9 token rows; cannot resolve sub-block spatial detail
S->P,23,18,DENSE,0.5,DENSE: entropy=0.99>0.7; many_blocks_above_0.01=34,,,,block_size=256 spans ~4.9 token rows; cannot resolve sub-block spatial detail
S->X,23,18,DENSE,0.6,DENSE: entropy=0.96>0.7; max_block=0.028<0.03,,,,block_size=256 spans ~4.9 token rows; cannot resolve sub-block spatial detail
S->S,23,18,DENSE,0.3333333333333333,DENSE: entropy=0.90>0.7,,,,block_size=256 spans ~4.9 token rows; cannot resolve sub-block spatial detail
S->R1,23,18,DENSE,0.3333333333333333,DENSE: entropy=0.82>0.7,,,,block_size=256 spans ~4.9 token rows; cannot resolve sub-block spatial detail
R1->P,23,18,DENSE,0.5,DENSE: entropy=0.99>0.7; many_blocks_above_0.01=34,,,,block_size=256 spans ~4.9 token rows; cannot resolve sub-block spatial detail
R1->X,23,18,DENSE,0.6,DENSE: entropy=0.94>0.7; max_block=0.017<0.03,,,,block_size=256 spans ~4.9 token rows; cannot resolve sub-block spatial detail
R1->R1,23,18,DENSE,0.5,DENSE: entropy=0.87>0.7; many_blocks_above_0.01=27,,,,block_size=256 spans ~4.9 token rows; cannot resolve sub-block spatial detail
P->X,23,19,DENSE,0.5,DENSE: entropy=0.98>0.7; many_blocks_above_0.01=31,,,"[18, 19, 20, 21, 22, 23, 24, 25, 26, 27]",block_size=256 spans ~4.9 token rows; cannot resolve sub-block spatial detail
X->P,23,19,DENSE,0.3333333333333333,DENSE: entropy=0.89>0.7,,,,block_size=256 spans ~4.9 token rows; cannot resolve sub-block spatial detail
S->P,23,19,DENSE,0.5,DENSE: entropy=0.83>0.7; many_blocks_above_0.01=21,,,,block_size=256 spans ~4.9 token rows; cannot resolve sub-block spatial detail
S->X,23,19,DENSE,0.3333333333333333,DENSE: entropy=0.90>0.7,,,,block_size=256 spans ~4.9 token rows; cannot resolve sub-block spatial detail
S->S,23,19,DENSE,0.3333333333333333,DENSE: entropy=0.86>0.7,,,,block_size=256 spans ~4.9 token rows; cannot resolve sub-block spatial detail
S->R1,23,19,DENSE,0.6,DENSE: entropy=0.94>0.7; max_block=0.024<0.03,,,,block_size=256 spans ~4.9 token rows; cannot resolve sub-block spatial detail
R1->P,23,19,DENSE,0.3333333333333333,DENSE: entropy=0.88>0.7,,,,block_size=256 spans ~4.9 token rows; cannot resolve sub-block spatial detail
R1->X,23,19,DENSE,0.5,DENSE: entropy=0.85>0.7; many_blocks_above_0.01=30,,,,block_size=256 spans ~4.9 token rows; cannot resolve sub-block spatial detail
R1->S,23,19,DENSE,0.3333333333333333,DENSE: entropy=0.93>0.7,,,,block_size=256 spans ~4.9 token rows; cannot resolve sub-block spatial detail
R1->R1,23,19,DENSE,0.3333333333333333,DENSE: entropy=0.82>0.7,,,,block_size=256 spans ~4.9 token rows; cannot resolve sub-block spatial detail
P->X,23,20,DENSE,0.5,DENSE: entropy=0.99>0.7; many_blocks_above_0.01=32,,,"[0, 1, 2, 3, 4, 5, 6, 7, 8, 9, 10, 11, 12, 13, 14, 15, 16, 17, 18, 19, 20, 21, 22, 23, 24, 25, 26, 27]",block_size=256 spans ~4.9 token rows; cannot resolve sub-block spatial detail
X->P,23,20,DENSE,0.5,DENSE: entropy=0.99>0.7; many_blocks_above_0.01=32,,,,block_size=256 spans ~4.9 token rows; cannot resolve sub-block spatial detail
X->X,23,20,DENSE,0.5,DENSE: entropy=0.84>0.7; many_blocks_above_0.01=23,,,,block_size=256 spans ~4.9 token rows; cannot resolve sub-block spatial detail
X->S,23,20,DENSE,0.3333333333333333,DENSE: entropy=0.77>0.7,,,,block_size=256 spans ~4.9 token rows; cannot resolve sub-block spatial detail
X->R1,23,20,DENSE,0.5,DENSE: entropy=0.85>0.7; many_blocks_above_0.01=30,,,,block_size=256 spans ~4.9 token rows; cannot resolve sub-block spatial detail
S->P,23,20,DENSE,0.5,DENSE: entropy=0.94>0.7; many_blocks_above_0.01=33,,,,block_size=256 spans ~4.9 token rows; cannot resolve sub-block spatial detail
S->X,23,20,DENSE,0.3333333333333333,DENSE: entropy=0.92>0.7,,,,block_size=256 spans ~4.9 token rows; cannot resolve sub-block spatial detail
S->S,23,20,DENSE,0.5,DENSE: entropy=0.84>0.7; many_blocks_above_0.01=20,,,,block_size=256 spans ~4.9 token rows; cannot resolve sub-block spatial detail
S->R1,23,20,DENSE,0.3333333333333333,DENSE: entropy=0.90>0.7,,,,block_size=256 spans ~4.9 token rows; cannot resolve sub-block spatial detail
R1->P,23,20,DENSE,0.5,DENSE: entropy=0.98>0.7; many_blocks_above_0.01=34,,,,block_size=256 spans ~4.9 token rows; cannot resolve sub-block spatial detail
R1->X,23,20,DENSE,0.5,DENSE: entropy=0.89>0.7; many_blocks_above_0.01=28,,,,block_size=256 spans ~4.9 token rows; cannot resolve sub-block spatial detail
R1->S,23,20,DENSE,0.3333333333333333,DENSE: entropy=0.90>0.7,,,,block_size=256 spans ~4.9 token rows; cannot resolve sub-block spatial detail
R1->R1,23,20,DENSE,0.3333333333333333,DENSE: entropy=0.78>0.7,,,,block_size=256 spans ~4.9 token rows; cannot resolve sub-block spatial detail
P->X,23,21,DENSE,0.5,DENSE: entropy=0.98>0.7; many_blocks_above_0.01=32,,,"[0, 1, 2, 3, 4, 5, 6, 7, 8, 9, 10, 11, 12, 13, 14, 15, 16, 17, 18, 19, 20, 21, 22, 23, 24, 25, 26, 27]",block_size=256 spans ~4.9 token rows; cannot resolve sub-block spatial detail
X->X,23,21,DENSE,0.7666666666666666,DENSE: entropy=0.94>0.7; max_block=0.024<0.03; many_blocks_above_0.01=21,,,,block_size=256 spans ~4.9 token rows; cannot resolve sub-block spatial detail
S->P,23,21,DENSE,0.5,DENSE: entropy=0.96>0.7; many_blocks_above_0.01=33,,,,block_size=256 spans ~4.9 token rows; cannot resolve sub-block spatial detail
S->X,23,21,DENSE,0.6,DENSE: entropy=0.97>0.7; max_block=0.013<0.03,,,,block_size=256 spans ~4.9 token rows; cannot resolve sub-block spatial detail
S->S,23,21,DENSE,0.3333333333333333,DENSE: entropy=0.91>0.7,,,,block_size=256 spans ~4.9 token rows; cannot resolve sub-block spatial detail
S->R1,23,21,DENSE,0.6,DENSE: entropy=0.94>0.7; max_block=0.022<0.03,,,,block_size=256 spans ~4.9 token rows; cannot resolve sub-block spatial detail
R1->P,23,21,DENSE,0.5,DENSE: entropy=0.97>0.7; many_blocks_above_0.01=34,,,,block_size=256 spans ~4.9 token rows; cannot resolve sub-block spatial detail
R1->X,23,21,DENSE,0.6,DENSE: entropy=0.97>0.7; max_block=0.015<0.03,,,,block_size=256 spans ~4.9 token rows; cannot resolve sub-block spatial detail
R1->S,23,21,DENSE,0.3333333333333333,DENSE: entropy=0.94>0.7,,,,block_size=256 spans ~4.9 token rows; cannot resolve sub-block spatial detail
R1->R1,23,21,DENSE,0.6,DENSE: entropy=0.93>0.7; max_block=0.028<0.03,,,,block_size=256 spans ~4.9 token rows; cannot resolve sub-block spatial detail
P->S,23,22,DENSE,0.5,DENSE: entropy=0.94>0.7; many_blocks_above_0.01=27,,,"[0, 1, 2, 3, 4, 5, 6, 7, 8, 9, 10, 11, 12, 13, 14, 15, 16, 17, 18, 19, 20, 21, 22, 23, 24, 25, 26, 27]",block_size=256 spans ~4.9 token rows; cannot resolve sub-block spatial detail
X->P,23,22,DENSE,0.3333333333333333,DENSE: entropy=0.75>0.7,,,,block_size=256 spans ~4.9 token rows; cannot resolve sub-block spatial detail
S->P,23,22,DENSE,0.5,DENSE: entropy=0.72>0.7; many_blocks_above_0.01=20,,,,block_size=256 spans ~4.9 token rows; cannot resolve sub-block spatial detail
P->X,23,23,DENSE,0.5,DENSE: entropy=0.96>0.7; many_blocks_above_0.01=31,,,"[10, 11, 12, 13, 14, 15, 16, 17, 18, 19, 20, 21, 22, 23, 24, 25, 26, 27]",block_size=256 spans ~4.9 token rows; cannot resolve sub-block spatial detail
P->S,23,23,DENSE,0.5,DENSE: entropy=0.79>0.7; many_blocks_above_0.01=25,,,,block_size=256 spans ~4.9 token rows; cannot resolve sub-block spatial detail
P->R1,23,23,DENSE,0.5,DENSE: entropy=0.98>0.7; many_blocks_above_0.01=34,,,"[0, 1, 2, 3, 4, 5, 6, 7, 8, 9, 10, 11, 12, 13, 14, 15, 16, 17, 18, 19, 20, 21, 22, 23, 24, 25, 26, 27]",block_size=256 spans ~4.9 token rows; cannot resolve sub-block spatial detail
X->P,23,23,DENSE,0.5,DENSE: entropy=0.94>0.7; many_blocks_above_0.01=31,,,,block_size=256 spans ~4.9 token rows; cannot resolve sub-block spatial detail
X->R1,23,23,DENSE,0.5,DENSE: entropy=0.78>0.7; many_blocks_above_0.01=31,,,,block_size=256 spans ~4.9 token rows; cannot resolve sub-block spatial detail
S->P,23,23,DENSE,0.5,DENSE: entropy=0.95>0.7; many_blocks_above_0.01=33,,,,block_size=256 spans ~4.9 token rows; cannot resolve sub-block spatial detail
S->X,23,23,DENSE,0.5,DENSE: entropy=0.83>0.7; many_blocks_above_0.01=26,,,,block_size=256 spans ~4.9 token rows; cannot resolve sub-block spatial detail
S->S,23,23,DENSE,0.5,DENSE: entropy=0.81>0.7; many_blocks_above_0.01=20,,,,block_size=256 spans ~4.9 token rows; cannot resolve sub-block spatial detail
S->R1,23,23,DENSE,0.5,DENSE: entropy=0.84>0.7; many_blocks_above_0.01=20,,,,block_size=256 spans ~4.9 token rows; cannot resolve sub-block spatial detail
R1->P,23,23,DENSE,0.5,DENSE: entropy=0.94>0.7; many_blocks_above_0.01=29,,,,block_size=256 spans ~4.9 token rows; cannot resolve sub-block spatial detail
R1->X,23,23,DENSE,0.5,DENSE: entropy=0.80>0.7; many_blocks_above_0.01=32,,,,block_size=256 spans ~4.9 token rows; cannot resolve sub-block spatial detail
R1->S,23,23,DENSE,0.3333333333333333,DENSE: entropy=0.77>0.7,,,,block_size=256 spans ~4.9 token rows; cannot resolve sub-block spatial detail
P->P,24,0,DENSE,0.3333333333333333,DENSE: entropy=0.91>0.7,,,"[5, 6, 7, 8, 9, 10, 11, 12, 13, 14, 15, 16, 17, 18, 20, 21, 22, 23, 24, 25]",block_size=256 spans ~4.9 token rows; cannot resolve sub-block spatial detail
P->X,24,0,DENSE,0.5,DENSE: entropy=0.97>0.7; many_blocks_above_0.01=31,,,,block_size=256 spans ~4.9 token rows; cannot resolve sub-block spatial detail
P->S,24,0,DENSE,0.5,DENSE: entropy=0.97>0.7; many_blocks_above_0.01=34,,,,block_size=256 spans ~4.9 token rows; cannot resolve sub-block spatial detail
P->R1,24,0,DENSE,0.5,DENSE: entropy=0.96>0.7; many_blocks_above_0.01=32,,,,block_size=256 spans ~4.9 token rows; cannot resolve sub-block spatial detail
X->P,24,0,DENSE,0.5,DENSE: entropy=0.91>0.7; many_blocks_above_0.01=20,,,,block_size=256 spans ~4.9 token rows; cannot resolve sub-block spatial detail
S->R1,24,0,DENSE,0.3333333333333333,DENSE: entropy=0.85>0.7,,,,block_size=256 spans ~4.9 token rows; cannot resolve sub-block spatial detail
P->X,24,1,DENSE,0.5,DENSE: entropy=0.98>0.7; many_blocks_above_0.01=32,,,,block_size=256 spans ~4.9 token rows; cannot resolve sub-block spatial detail
P->R1,24,1,DENSE,0.5,DENSE: entropy=0.98>0.7; many_blocks_above_0.01=34,,,"[0, 1, 2, 3, 4, 5, 6, 7, 8, 9, 10, 11, 12, 13, 14, 15, 16, 17, 18, 19, 20, 21, 22, 23, 24, 25, 26, 27]",block_size=256 spans ~4.9 token rows; cannot resolve sub-block spatial detail
X->P,24,1,DENSE,0.5,DENSE: entropy=0.91>0.7; many_blocks_above_0.01=24,,,,block_size=256 spans ~4.9 token rows; cannot resolve sub-block spatial detail
X->X,24,1,DENSE,0.5,DENSE: entropy=0.80>0.7; many_blocks_above_0.01=28,,,,block_size=256 spans ~4.9 token rows; cannot resolve sub-block spatial detail
S->P,24,1,DENSE,0.5,DENSE: entropy=0.86>0.7; many_blocks_above_0.01=30,,,,block_size=256 spans ~4.9 token rows; cannot resolve sub-block spatial detail
S->X,24,1,DENSE,0.7666666666666666,DENSE: entropy=0.87>0.7; max_block=0.029<0.03; many_blocks_above_0.01=27,,,,block_size=256 spans ~4.9 token rows; cannot resolve sub-block spatial detail
S->S,24,1,DENSE,0.5,DENSE: entropy=0.80>0.7; many_blocks_above_0.01=29,,,,block_size=256 spans ~4.9 token rows; cannot resolve sub-block spatial detail
S->R1,24,1,DENSE,0.5,DENSE: entropy=0.82>0.7; many_blocks_above_0.01=30,,,,block_size=256 spans ~4.9 token rows; cannot resolve sub-block spatial detail
R1->X,24,1,DENSE,0.5,DENSE: entropy=0.82>0.7; many_blocks_above_0.01=25,,,,block_size=256 spans ~4.9 token rows; cannot resolve sub-block spatial detail
P->P,24,2,DENSE,0.3333333333333333,DENSE: entropy=0.90>0.7,,,"[2, 3, 4, 5, 6, 7, 8, 9, 10, 11, 12, 13, 14, 15, 17]",block_size=256 spans ~4.9 token rows; cannot resolve sub-block spatial detail
P->X,24,2,DENSE,0.5,DENSE: entropy=0.98>0.7; many_blocks_above_0.01=32,,,,block_size=256 spans ~4.9 token rows; cannot resolve sub-block spatial detail
P->S,24,2,DENSE,0.5,DENSE: entropy=0.98>0.7; many_blocks_above_0.01=34,,,,block_size=256 spans ~4.9 token rows; cannot resolve sub-block spatial detail
P->R1,24,2,DENSE,0.5,DENSE: entropy=0.98>0.7; many_blocks_above_0.01=33,,,,block_size=256 spans ~4.9 token rows; cannot resolve sub-block spatial detail
X->P,24,2,DENSE,0.3333333333333333,DENSE: entropy=0.88>0.7,,,,block_size=256 spans ~4.9 token rows; cannot resolve sub-block spatial detail
S->R1,24,2,DENSE,0.5,DENSE: entropy=0.79>0.7; many_blocks_above_0.01=26,,,,block_size=256 spans ~4.9 token rows; cannot resolve sub-block spatial detail
P->P,24,3,DENSE,0.3333333333333333,DENSE: entropy=0.99>0.7,,,,block_size=256 spans ~4.9 token rows; cannot resolve sub-block spatial detail
P->X,24,3,DENSE,0.5,DENSE: entropy=0.98>0.7; many_blocks_above_0.01=32,,,,block_size=256 spans ~4.9 token rows; cannot resolve sub-block spatial detail
P->S,24,3,DENSE,0.5,DENSE: entropy=0.94>0.7; many_blocks_above_0.01=31,,,"[8, 9, 10, 11, 12, 13, 14, 15, 16, 17, 18, 19, 20, 21, 22, 23, 24, 25]",block_size=256 spans ~4.9 token rows; cannot resolve sub-block spatial detail
P->R1,24,3,DENSE,0.5,DENSE: entropy=0.96>0.7; many_blocks_above_0.01=34,,,"[8, 9, 10, 11, 12, 13, 14, 15, 16, 17, 18, 19, 20, 21, 22, 23, 24, 25, 26, 27]",block_size=256 spans ~4.9 token rows; cannot resolve sub-block spatial detail
X->P,24,3,DENSE,0.5,DENSE: entropy=0.94>0.7; many_blocks_above_0.01=28,,,,block_size=256 spans ~4.9 token rows; cannot resolve sub-block spatial detail
X->X,24,3,DENSE,0.5,DENSE: entropy=0.88>0.7; many_blocks_above_0.01=31,,,,block_size=256 spans ~4.9 token rows; cannot resolve sub-block spatial detail
X->R1,24,3,DENSE,0.5,DENSE: entropy=0.79>0.7; many_blocks_above_0.01=30,,,,block_size=256 spans ~4.9 token rows; cannot resolve sub-block spatial detail
S->P,24,3,DENSE,0.5,DENSE: entropy=0.95>0.7; many_blocks_above_0.01=34,,,,block_size=256 spans ~4.9 token rows; cannot resolve sub-block spatial detail
S->X,24,3,DENSE,0.5,DENSE: entropy=0.91>0.7; many_blocks_above_0.01=21,,,,block_size=256 spans ~4.9 token rows; cannot resolve sub-block spatial detail
S->S,24,3,DENSE,0.5,DENSE: entropy=0.81>0.7; many_blocks_above_0.01=27,,,,block_size=256 spans ~4.9 token rows; cannot resolve sub-block spatial detail
S->R1,24,3,DENSE,0.5,DENSE: entropy=0.87>0.7; many_blocks_above_0.01=22,,,,block_size=256 spans ~4.9 token rows; cannot resolve sub-block spatial detail
R1->P,24,3,DENSE,0.5,DENSE: entropy=0.97>0.7; many_blocks_above_0.01=34,,,,block_size=256 spans ~4.9 token rows; cannot resolve sub-block spatial detail
R1->X,24,3,DENSE,0.7666666666666666,DENSE: entropy=0.89>0.7; max_block=0.024<0.03; many_blocks_above_0.01=33,,,,block_size=256 spans ~4.9 token rows; cannot resolve sub-block spatial detail
R1->R1,24,3,DENSE,0.5,DENSE: entropy=0.76>0.7; many_blocks_above_0.01=28,,,,block_size=256 spans ~4.9 token rows; cannot resolve sub-block spatial detail
P->X,24,4,DENSE,0.5,DENSE: entropy=0.96>0.7; many_blocks_above_0.01=31,,,,block_size=256 spans ~4.9 token rows; cannot resolve sub-block spatial detail
P->S,24,4,DENSE,0.5,DENSE: entropy=0.93>0.7; many_blocks_above_0.01=33,,,"[2, 3, 4, 5, 6, 7, 8, 9, 10, 11, 12, 13, 14, 15, 16, 17, 18, 19, 20, 21, 22, 23, 24]",block_size=256 spans ~4.9 token rows; cannot resolve sub-block spatial detail
P->R1,24,4,DENSE,0.5,DENSE: entropy=0.97>0.7; many_blocks_above_0.01=34,,,"[10, 11, 12, 13, 14, 15, 16, 17, 18, 19, 20, 21, 22, 23, 24, 25, 26, 27]",block_size=256 spans ~4.9 token rows; cannot resolve sub-block spatial detail
X->P,24,4,DENSE,0.5,DENSE: entropy=0.91>0.7; many_blocks_above_0.01=22,,,,block_size=256 spans ~4.9 token rows; cannot resolve sub-block spatial detail
X->R1,24,4,DENSE,0.5,DENSE: entropy=0.83>0.7; many_blocks_above_0.01=26,,,,block_size=256 spans ~4.9 token rows; cannot resolve sub-block spatial detail
S->X,24,4,DENSE,0.3333333333333333,DENSE: entropy=0.78>0.7,,,,block_size=256 spans ~4.9 token rows; cannot resolve sub-block spatial detail
S->S,24,4,DENSE,0.3333333333333333,DENSE: entropy=0.88>0.7,,,,block_size=256 spans ~4.9 token rows; cannot resolve sub-block spatial detail
S->R1,24,4,DENSE,0.3333333333333333,DENSE: entropy=0.91>0.7,,,,block_size=256 spans ~4.9 token rows; cannot resolve sub-block spatial detail
R1->X,24,4,DENSE,0.5,DENSE: entropy=0.79>0.7; many_blocks_above_0.01=29,,,,block_size=256 spans ~4.9 token rows; cannot resolve sub-block spatial detail
R1->S,24,4,DENSE,0.3333333333333333,DENSE: entropy=0.86>0.7,,,,block_size=256 spans ~4.9 token rows; cannot resolve sub-block spatial detail
P->X,24,5,DENSE,0.5,DENSE: entropy=0.98>0.7; many_blocks_above_0.01=32,,,,block_size=256 spans ~4.9 token rows; cannot resolve sub-block spatial detail
P->S,24,5,DENSE,0.5,DENSE: entropy=0.93>0.7; many_blocks_above_0.01=29,,,"[7, 8, 10, 11, 12, 13, 14, 15, 16, 17, 18, 19, 20, 21, 22]",block_size=256 spans ~4.9 token rows; cannot resolve sub-block spatial detail
P->R1,24,5,DENSE,0.5,DENSE: entropy=0.97>0.7; many_blocks_above_0.01=34,,,"[17, 18, 19, 20, 21, 22, 23, 24, 25, 26, 27]",block_size=256 spans ~4.9 token rows; cannot resolve sub-block spatial detail
X->P,24,5,DENSE,0.5,DENSE: entropy=0.99>0.7; many_blocks_above_0.01=32,,,,block_size=256 spans ~4.9 token rows; cannot resolve sub-block spatial detail
X->X,24,5,DENSE,0.3333333333333333,DENSE: entropy=0.76>0.7,,,,block_size=256 spans ~4.9 token rows; cannot resolve sub-block spatial detail
S->P,24,5,DENSE,0.5,DENSE: entropy=0.96>0.7; many_blocks_above_0.01=32,,,[0],block_size=256 spans ~4.9 token rows; cannot resolve sub-block spatial detail
S->X,24,5,DENSE,0.5,DENSE: entropy=0.84>0.7; many_blocks_above_0.01=22,,,,block_size=256 spans ~4.9 token rows; cannot resolve sub-block spatial detail
S->R1,24,5,DENSE,0.3333333333333333,DENSE: entropy=0.84>0.7,,,,block_size=256 spans ~4.9 token rows; cannot resolve sub-block spatial detail
R1->P,24,5,DENSE,0.5,DENSE: entropy=0.99>0.7; many_blocks_above_0.01=34,,,,block_size=256 spans ~4.9 token rows; cannot resolve sub-block spatial detail
R1->X,24,5,DENSE,0.5,DENSE: entropy=0.85>0.7; many_blocks_above_0.01=31,,,,block_size=256 spans ~4.9 token rows; cannot resolve sub-block spatial detail
R1->S,24,5,DENSE,0.3333333333333333,DENSE: entropy=0.75>0.7,,,,block_size=256 spans ~4.9 token rows; cannot resolve sub-block spatial detail
P->P,24,6,DENSE,0.3333333333333333,DENSE: entropy=0.88>0.7,,,"[0, 1, 2, 3, 4, 5, 6, 7, 8, 9, 10, 11, 12, 13, 14]",block_size=256 spans ~4.9 token rows; cannot resolve sub-block spatial detail
P->X,24,6,DENSE,0.5,DENSE: entropy=0.91>0.7; many_blocks_above_0.01=28,,,,block_size=256 spans ~4.9 token rows; cannot resolve sub-block spatial detail
P->S,24,6,DENSE,0.5,DENSE: entropy=0.92>0.7; many_blocks_above_0.01=28,,,,block_size=256 spans ~4.9 token rows; cannot resolve sub-block spatial detail
P->R1,24,6,DENSE,0.5,DENSE: entropy=0.92>0.7; many_blocks_above_0.01=26,,,,block_size=256 spans ~4.9 token rows; cannot resolve sub-block spatial detail
P->S,24,7,DENSE,0.3333333333333333,DENSE: entropy=0.82>0.7,,,,block_size=256 spans ~4.9 token rows; cannot resolve sub-block spatial detail
P->R1,24,7,DENSE,0.5,DENSE: entropy=0.88>0.7; many_blocks_above_0.01=24,,,"[24, 25, 26, 27]",block_size=256 spans ~4.9 token rows; cannot resolve sub-block spatial detail
P->P,24,8,DENSE,0.3333333333333333,DENSE: entropy=0.99>0.7,,,"[0, 1, 2, 12, 15, 16, 17, 18, 19, 21, 23, 24, 25, 26, 27]",block_size=256 spans ~4.9 token rows; cannot resolve sub-block spatial detail
P->X,24,8,DENSE,0.5,DENSE: entropy=1.00>0.7; many_blocks_above_0.01=32,,,,block_size=256 spans ~4.9 token rows; cannot resolve sub-block spatial detail
P->S,24,8,DENSE,0.5,DENSE: entropy=0.90>0.7; many_blocks_above_0.01=34,,,"[1, 2, 3, 4, 5, 6, 7, 8, 9, 10, 11, 12, 13, 26, 27]",block_size=256 spans ~4.9 token rows; cannot resolve sub-block spatial detail
P->R1,24,8,DENSE,0.5,DENSE: entropy=0.99>0.7; many_blocks_above_0.01=34,,,"[0, 1, 2, 3, 4, 5, 6, 7, 8, 9, 10, 11, 12, 13, 14, 15, 16, 17, 18, 19, 20, 21, 22, 23, 24, 25, 26, 27]",block_size=256 spans ~4.9 token rows; cannot resolve sub-block spatial detail
X->P,24,8,DENSE,0.5,DENSE: entropy=0.96>0.7; many_blocks_above_0.01=32,,,,block_size=256 spans ~4.9 token rows; cannot resolve sub-block spatial detail
S->P,24,8,DENSE,0.5,DENSE: entropy=0.93>0.7; many_blocks_above_0.01=26,,,,block_size=256 spans ~4.9 token rows; cannot resolve sub-block spatial detail
R1->P,24,8,DENSE,0.5,DENSE: entropy=0.98>0.7; many_blocks_above_0.01=34,,,,block_size=256 spans ~4.9 token rows; cannot resolve sub-block spatial detail
R1->S,24,8,DENSE,0.6,DENSE: entropy=0.95>0.7; max_block=0.016<0.03,,,,block_size=256 spans ~4.9 token rows; cannot resolve sub-block spatial detail
R1->R1,24,8,DENSE,0.6,DENSE: entropy=0.98>0.7; max_block=0.020<0.03,,,,block_size=256 spans ~4.9 token rows; cannot resolve sub-block spatial detail
P->P,24,9,DENSE,0.3333333333333333,DENSE: entropy=0.92>0.7,,,"[0, 1, 2, 3, 4, 5, 6, 7, 8, 9, 10, 11, 12, 13, 14, 15, 16, 17, 18, 19, 20, 21, 23]",block_size=256 spans ~4.9 token rows; cannot resolve sub-block spatial detail
P->X,24,9,DENSE,0.5,DENSE: entropy=0.97>0.7; many_blocks_above_0.01=32,,,,block_size=256 spans ~4.9 token rows; cannot resolve sub-block spatial detail
P->S,24,9,DENSE,0.5,DENSE: entropy=0.91>0.7; many_blocks_above_0.01=31,,,"[0, 1, 2, 3, 4, 5, 6]",block_size=256 spans ~4.9 token rows; cannot resolve sub-block spatial detail
P->R1,24,9,DENSE,0.5,DENSE: entropy=0.95>0.7; many_blocks_above_0.01=32,,,"[5, 6, 7, 8, 9, 10, 11, 12, 13, 14, 15, 16, 17, 18, 19, 20, 21, 22, 23, 24, 25, 26, 27]",block_size=256 spans ~4.9 token rows; cannot resolve sub-block spatial detail
X->P,24,9,DENSE,0.3333333333333333,DENSE: entropy=0.85>0.7,,,,block_size=256 spans ~4.9 token rows; cannot resolve sub-block spatial detail
X->R1,24,9,DENSE,0.5,DENSE: entropy=0.86>0.7; many_blocks_above_0.01=28,,,,block_size=256 spans ~4.9 token rows; cannot resolve sub-block spatial detail
S->R1,24,9,DENSE,0.3333333333333333,DENSE: entropy=0.86>0.7,,,,block_size=256 spans ~4.9 token rows; cannot resolve sub-block spatial detail
R1->X,24,9,DENSE,0.5,DENSE: entropy=0.89>0.7; many_blocks_above_0.01=27,,,,block_size=256 spans ~4.9 token rows; cannot resolve sub-block spatial detail
R1->S,24,9,DENSE,0.3333333333333333,DENSE: entropy=0.76>0.7,,,,block_size=256 spans ~4.9 token rows; cannot resolve sub-block spatial detail
P->P,24,10,DENSE,0.3333333333333333,DENSE: entropy=0.96>0.7,,,"[0, 1, 2, 3, 4, 5, 6, 7, 8, 9, 10, 11, 12, 13, 14, 15, 16, 17, 18, 19, 20, 21, 22, 23, 24, 25, 26]",block_size=256 spans ~4.9 token rows; cannot resolve sub-block spatial detail
P->X,24,10,DENSE,0.5,DENSE: entropy=0.95>0.7; many_blocks_above_0.01=30,,,,block_size=256 spans ~4.9 token rows; cannot resolve sub-block spatial detail
P->S,24,10,DENSE,0.5,DENSE: entropy=0.94>0.7; many_blocks_above_0.01=34,,,"[22, 23, 24, 25, 26]",block_size=256 spans ~4.9 token rows; cannot resolve sub-block spatial detail
P->R1,24,10,DENSE,0.5,DENSE: entropy=0.96>0.7; many_blocks_above_0.01=34,,,,block_size=256 spans ~4.9 token rows; cannot resolve sub-block spatial detail
X->P,24,10,DENSE,0.3333333333333333,DENSE: entropy=0.89>0.7,,,,block_size=256 spans ~4.9 token rows; cannot resolve sub-block spatial detail
S->P,24,10,DENSE,0.5,DENSE: entropy=0.84>0.7; many_blocks_above_0.01=26,,,,block_size=256 spans ~4.9 token rows; cannot resolve sub-block spatial detail
S->X,24,10,DENSE,0.5,DENSE: entropy=0.78>0.7; many_blocks_above_0.01=33,,,,block_size=256 spans ~4.9 token rows; cannot resolve sub-block spatial detail
S->S,24,10,DENSE,0.5,DENSE: entropy=0.76>0.7; many_blocks_above_0.01=29,,,,block_size=256 spans ~4.9 token rows; cannot resolve sub-block spatial detail
S->R1,24,10,DENSE,0.5,DENSE: entropy=0.78>0.7; many_blocks_above_0.01=30,,,,block_size=256 spans ~4.9 token rows; cannot resolve sub-block spatial detail
R1->X,24,10,DENSE,0.5,DENSE: entropy=0.74>0.7; many_blocks_above_0.01=33,,,,block_size=256 spans ~4.9 token rows; cannot resolve sub-block spatial detail
P->P,24,11,DENSE,0.3333333333333333,DENSE: entropy=0.99>0.7,,,,block_size=256 spans ~4.9 token rows; cannot resolve sub-block spatial detail
P->X,24,11,DENSE,0.5,DENSE: entropy=0.99>0.7; many_blocks_above_0.01=32,,,,block_size=256 spans ~4.9 token rows; cannot resolve sub-block spatial detail
P->S,24,11,DENSE,0.5,DENSE: entropy=0.95>0.7; many_blocks_above_0.01=33,,,"[7, 9, 10, 11, 12, 13, 14, 15, 16, 17, 20, 21, 22, 23, 24, 25]",block_size=256 spans ~4.9 token rows; cannot resolve sub-block spatial detail
P->R1,24,11,DENSE,0.5,DENSE: entropy=0.98>0.7; many_blocks_above_0.01=33,,,"[10, 11, 12, 13, 14, 15, 16, 17, 18, 19, 20, 21, 22, 23, 24, 25, 26, 27]",block_size=256 spans ~4.9 token rows; cannot resolve sub-block spatial detail
X->P,24,11,DENSE,0.5,DENSE: entropy=0.98>0.7; many_blocks_above_0.01=32,,,,block_size=256 spans ~4.9 token rows; cannot resolve sub-block spatial detail
X->X,24,11,DENSE,0.3333333333333333,DENSE: entropy=0.90>0.7,,,,block_size=256 spans ~4.9 token rows; cannot resolve sub-block spatial detail
S->P,24,11,DENSE,0.5,DENSE: entropy=0.82>0.7; many_blocks_above_0.01=25,,,,block_size=256 spans ~4.9 token rows; cannot resolve sub-block spatial detail
S->X,24,11,DENSE,0.6,DENSE: entropy=0.93>0.7; max_block=0.023<0.03,,,,block_size=256 spans ~4.9 token rows; cannot resolve sub-block spatial detail
S->S,24,11,DENSE,0.3333333333333333,DENSE: entropy=0.86>0.7,,,,block_size=256 spans ~4.9 token rows; cannot resolve sub-block spatial detail
S->R1,24,11,DENSE,0.5,DENSE: entropy=0.89>0.7; many_blocks_above_0.01=24,,,,block_size=256 spans ~4.9 token rows; cannot resolve sub-block spatial detail
R1->P,24,11,DENSE,0.5,DENSE: entropy=0.96>0.7; many_blocks_above_0.01=32,,,,block_size=256 spans ~4.9 token rows; cannot resolve sub-block spatial detail
R1->X,24,11,DENSE,0.7666666666666666,DENSE: entropy=0.94>0.7; max_block=0.019<0.03; many_blocks_above_0.01=24,,,,block_size=256 spans ~4.9 token rows; cannot resolve sub-block spatial detail
R1->S,24,11,DENSE,0.5,DENSE: entropy=0.85>0.7; many_blocks_above_0.01=23,,,,block_size=256 spans ~4.9 token rows; cannot resolve sub-block spatial detail
R1->R1,24,11,DENSE,0.5,DENSE: entropy=0.85>0.7; many_blocks_above_0.01=21,,,,block_size=256 spans ~4.9 token rows; cannot resolve sub-block spatial detail
P->P,24,12,DENSE,0.3333333333333333,DENSE: entropy=0.97>0.7,,,,block_size=256 spans ~4.9 token rows; cannot resolve sub-block spatial detail
P->X,24,12,DENSE,0.5,DENSE: entropy=0.99>0.7; many_blocks_above_0.01=32,,,,block_size=256 spans ~4.9 token rows; cannot resolve sub-block spatial detail
P->S,24,12,DENSE,0.5,DENSE: entropy=0.75>0.7; many_blocks_above_0.01=24,,,,block_size=256 spans ~4.9 token rows; cannot resolve sub-block spatial detail
P->R1,24,12,DENSE,0.5,DENSE: entropy=0.98>0.7; many_blocks_above_0.01=33,,,"[0, 1, 2, 3, 4, 5, 6, 7, 8, 9, 10, 11, 12, 13, 14, 15, 16, 17, 18, 19, 20, 21, 22, 23, 24, 25, 26, 27]",block_size=256 spans ~4.9 token rows; cannot resolve sub-block spatial detail
X->P,24,12,DENSE,0.5,DENSE: entropy=0.95>0.7; many_blocks_above_0.01=31,,,,block_size=256 spans ~4.9 token rows; cannot resolve sub-block spatial detail
S->P,24,12,DENSE,0.5,DENSE: entropy=0.98>0.7; many_blocks_above_0.01=34,,,,block_size=256 spans ~4.9 token rows; cannot resolve sub-block spatial detail
S->X,24,12,DENSE,0.5,DENSE: entropy=0.89>0.7; many_blocks_above_0.01=20,,,,block_size=256 spans ~4.9 token rows; cannot resolve sub-block spatial detail
S->S,24,12,DENSE,0.3333333333333333,DENSE: entropy=0.88>0.7,,,,block_size=256 spans ~4.9 token rows; cannot resolve sub-block spatial detail
S->R1,24,12,DENSE,0.7666666666666666,DENSE: entropy=0.91>0.7; max_block=0.024<0.03; many_blocks_above_0.01=22,,,,block_size=256 spans ~4.9 token rows; cannot resolve sub-block spatial detail
R1->P,24,12,DENSE,0.5,DENSE: entropy=0.99>0.7; many_blocks_above_0.01=34,,,,block_size=256 spans ~4.9 token rows; cannot resolve sub-block spatial detail
R1->X,24,12,DENSE,0.5,DENSE: entropy=0.88>0.7; many_blocks_above_0.01=32,,,,block_size=256 spans ~4.9 token rows; cannot resolve sub-block spatial detail
R1->S,24,12,DENSE,0.3333333333333333,DENSE: entropy=0.77>0.7,,,,block_size=256 spans ~4.9 token rows; cannot resolve sub-block spatial detail
R1->R1,24,12,DENSE,0.5,DENSE: entropy=0.80>0.7; many_blocks_above_0.01=22,,,,block_size=256 spans ~4.9 token rows; cannot resolve sub-block spatial detail
P->X,24,13,DENSE,0.5,DENSE: entropy=0.98>0.7; many_blocks_above_0.01=32,,,,block_size=256 spans ~4.9 token rows; cannot resolve sub-block spatial detail
P->S,24,13,DENSE,0.5,DENSE: entropy=0.74>0.7; many_blocks_above_0.01=22,,,,block_size=256 spans ~4.9 token rows; cannot resolve sub-block spatial detail
P->R1,24,13,DENSE,0.5,DENSE: entropy=0.97>0.7; many_blocks_above_0.01=33,,,"[0, 1, 2, 3, 4, 5, 6, 7, 8, 9, 10, 11, 12, 13, 14, 15, 16, 17, 18, 19, 20, 21, 22, 23, 24, 25, 26, 27]",block_size=256 spans ~4.9 token rows; cannot resolve sub-block spatial detail
X->X,24,13,DENSE,0.5,DENSE: entropy=0.83>0.7; many_blocks_above_0.01=23,,,,block_size=256 spans ~4.9 token rows; cannot resolve sub-block spatial detail
X->R1,24,13,DENSE,0.5,DENSE: entropy=0.80>0.7; many_blocks_above_0.01=31,,,,block_size=256 spans ~4.9 token rows; cannot resolve sub-block spatial detail
R1->X,24,13,DENSE,0.5,DENSE: entropy=0.86>0.7; many_blocks_above_0.01=28,,,,block_size=256 spans ~4.9 token rows; cannot resolve sub-block spatial detail
P->P,24,14,DENSE,0.3333333333333333,DENSE: entropy=0.96>0.7,,,"[0, 1, 2, 3, 4, 5, 6, 7, 8, 9, 13, 15, 16, 17, 18, 19, 20, 21, 22]",block_size=256 spans ~4.9 token rows; cannot resolve sub-block spatial detail
P->X,24,14,DENSE,0.5,DENSE: entropy=0.98>0.7; many_blocks_above_0.01=32,,,,block_size=256 spans ~4.9 token rows; cannot resolve sub-block spatial detail
P->S,24,14,DENSE,0.5,DENSE: entropy=0.98>0.7; many_blocks_above_0.01=34,,,,block_size=256 spans ~4.9 token rows; cannot resolve sub-block spatial detail
P->R1,24,14,DENSE,0.5,DENSE: entropy=0.97>0.7; many_blocks_above_0.01=34,,,,block_size=256 spans ~4.9 token rows; cannot resolve sub-block spatial detail
S->R1,24,14,DENSE,0.5,DENSE: entropy=0.80>0.7; many_blocks_above_0.01=21,,,,block_size=256 spans ~4.9 token rows; cannot resolve sub-block spatial detail
P->P,24,15,DENSE,0.3333333333333333,DENSE: entropy=0.95>0.7,,,"[8, 9, 10, 11, 12, 13, 14, 15, 16, 17, 18, 19, 20, 21, 22, 23]",block_size=256 spans ~4.9 token rows; cannot resolve sub-block spatial detail
P->X,24,15,DENSE,0.5,DENSE: entropy=0.97>0.7; many_blocks_above_0.01=32,,,,block_size=256 spans ~4.9 token rows; cannot resolve sub-block spatial detail
P->S,24,15,DENSE,0.5,DENSE: entropy=0.96>0.7; many_blocks_above_0.01=34,,,,block_size=256 spans ~4.9 token rows; cannot resolve sub-block spatial detail
P->R1,24,15,DENSE,0.5,DENSE: entropy=0.95>0.7; many_blocks_above_0.01=32,,,,block_size=256 spans ~4.9 token rows; cannot resolve sub-block spatial detail
X->P,24,15,DENSE,0.3333333333333333,DENSE: entropy=0.82>0.7,,,,block_size=256 spans ~4.9 token rows; cannot resolve sub-block spatial detail
P->P,24,16,DENSE,0.3333333333333333,DENSE: entropy=0.93>0.7,,,"[0, 1, 2, 3, 4, 5, 6, 7, 8, 9, 10, 11, 12, 13, 14, 15, 16, 17, 18, 20, 21, 23, 24, 26]",block_size=256 spans ~4.9 token rows; cannot resolve sub-block spatial detail
P->X,24,16,DENSE,0.5,DENSE: entropy=0.91>0.7; many_blocks_above_0.01=27,,,,block_size=256 spans ~4.9 token rows; cannot resolve sub-block spatial detail
P->S,24,16,DENSE,0.5,DENSE: entropy=0.99>0.7; many_blocks_above_0.01=34,,,,block_size=256 spans ~4.9 token rows; cannot resolve sub-block spatial detail
P->R1,24,16,DENSE,0.5,DENSE: entropy=0.94>0.7; many_blocks_above_0.01=30,,,,block_size=256 spans ~4.9 token rows; cannot resolve sub-block spatial detail
S->R1,24,16,DENSE,0.5,DENSE: entropy=0.80>0.7; many_blocks_above_0.01=28,,,,block_size=256 spans ~4.9 token rows; cannot resolve sub-block spatial detail
P->P,24,17,DENSE,0.3333333333333333,DENSE: entropy=0.98>0.7,,,,block_size=256 spans ~4.9 token rows; cannot resolve sub-block spatial detail
P->X,24,17,DENSE,0.5,DENSE: entropy=0.97>0.7; many_blocks_above_0.01=32,,,,block_size=256 spans ~4.9 token rows; cannot resolve sub-block spatial detail
P->S,24,17,DENSE,0.5,DENSE: entropy=0.90>0.7; many_blocks_above_0.01=33,,,"[25, 26, 27]",block_size=256 spans ~4.9 token rows; cannot resolve sub-block spatial detail
P->R1,24,17,DENSE,0.5,DENSE: entropy=0.98>0.7; many_blocks_above_0.01=34,,,"[26, 27]",block_size=256 spans ~4.9 token rows; cannot resolve sub-block spatial detail
X->P,24,17,DENSE,0.3333333333333333,DENSE: entropy=0.90>0.7,,,,block_size=256 spans ~4.9 token rows; cannot resolve sub-block spatial detail
S->R1,24,17,DENSE,0.5,DENSE: entropy=0.77>0.7; many_blocks_above_0.01=22,,,,block_size=256 spans ~4.9 token rows; cannot resolve sub-block spatial detail
P->P,24,18,DENSE,0.3333333333333333,DENSE: entropy=0.94>0.7,,,"[0, 1, 2, 3, 4, 5, 6, 7, 8, 9, 10, 11, 12, 13, 14, 15, 16, 17, 18, 19]",block_size=256 spans ~4.9 token rows; cannot resolve sub-block spatial detail
P->X,24,18,DENSE,0.5,DENSE: entropy=0.99>0.7; many_blocks_above_0.01=32,,,,block_size=256 spans ~4.9 token rows; cannot resolve sub-block spatial detail
P->S,24,18,DENSE,0.5,DENSE: entropy=0.91>0.7; many_blocks_above_0.01=32,,,"[14, 15, 16, 17, 18, 19, 27]",block_size=256 spans ~4.9 token rows; cannot resolve sub-block spatial detail
P->R1,24,18,DENSE,0.5,DENSE: entropy=0.99>0.7; many_blocks_above_0.01=34,,,"[0, 1, 2, 3, 4, 5, 6, 7, 8, 9, 10, 11, 12, 13, 14, 15, 16, 17, 18, 27]",block_size=256 spans ~4.9 token rows; cannot resolve sub-block spatial detail
X->P,24,18,DENSE,0.5,DENSE: entropy=0.95>0.7; many_blocks_above_0.01=28,,,,block_size=256 spans ~4.9 token rows; cannot resolve sub-block spatial detail
S->P,24,18,DENSE,0.5,DENSE: entropy=0.94>0.7; many_blocks_above_0.01=29,,,,block_size=256 spans ~4.9 token rows; cannot resolve sub-block spatial detail
S->X,24,18,DENSE,0.5,DENSE: entropy=0.84>0.7; many_blocks_above_0.01=22,,,,block_size=256 spans ~4.9 token rows; cannot resolve sub-block spatial detail
S->S,24,18,DENSE,0.6,DENSE: entropy=0.93>0.7; max_block=0.021<0.03,,,,block_size=256 spans ~4.9 token rows; cannot resolve sub-block spatial detail
R1->P,24,18,DENSE,0.5,DENSE: entropy=0.97>0.7; many_blocks_above_0.01=33,,,,block_size=256 spans ~4.9 token rows; cannot resolve sub-block spatial detail
R1->X,24,18,DENSE,0.7666666666666666,DENSE: entropy=0.92>0.7; max_block=0.025<0.03; many_blocks_above_0.01=23,,,,block_size=256 spans ~4.9 token rows; cannot resolve sub-block spatial detail
R1->S,24,18,DENSE,0.3333333333333333,DENSE: entropy=0.90>0.7,,,,block_size=256 spans ~4.9 token rows; cannot resolve sub-block spatial detail
R1->R1,24,18,DENSE,0.5,DENSE: entropy=0.85>0.7; many_blocks_above_0.01=26,,,,block_size=256 spans ~4.9 token rows; cannot resolve sub-block spatial detail
P->X,24,19,DENSE,0.5,DENSE: entropy=0.95>0.7; many_blocks_above_0.01=32,,,,block_size=256 spans ~4.9 token rows; cannot resolve sub-block spatial detail
P->S,24,19,DENSE,0.5,DENSE: entropy=0.93>0.7; many_blocks_above_0.01=34,,,"[1, 2, 3, 4, 5, 6, 7, 8, 9, 10, 11, 12, 13, 14, 15, 16, 17, 18, 19, 20, 21, 22, 23, 24, 25, 26, 27]",block_size=256 spans ~4.9 token rows; cannot resolve sub-block spatial detail
P->R1,24,19,DENSE,0.5,DENSE: entropy=0.98>0.7; many_blocks_above_0.01=34,,,"[0, 1, 2, 3, 4, 5, 6, 7, 8, 9, 10, 11, 12, 13, 14, 15, 16, 17, 18, 19, 20, 21, 22, 23, 24, 25, 26, 27]",block_size=256 spans ~4.9 token rows; cannot resolve sub-block spatial detail
X->P,24,19,DENSE,0.5,DENSE: entropy=0.90>0.7; many_blocks_above_0.01=25,,,,block_size=256 spans ~4.9 token rows; cannot resolve sub-block spatial detail
S->P,24,19,DENSE,0.5,DENSE: entropy=0.79>0.7; many_blocks_above_0.01=20,,,,block_size=256 spans ~4.9 token rows; cannot resolve sub-block spatial detail
S->X,24,19,DENSE,0.5,DENSE: entropy=0.79>0.7; many_blocks_above_0.01=32,,,,block_size=256 spans ~4.9 token rows; cannot resolve sub-block spatial detail
S->S,24,19,DENSE,0.5,DENSE: entropy=0.77>0.7; many_blocks_above_0.01=23,,,,block_size=256 spans ~4.9 token rows; cannot resolve sub-block spatial detail
S->R1,24,19,DENSE,0.5,DENSE: entropy=0.78>0.7; many_blocks_above_0.01=21,,,,block_size=256 spans ~4.9 token rows; cannot resolve sub-block spatial detail
R1->P,24,19,DENSE,0.5,DENSE: entropy=0.90>0.7; many_blocks_above_0.01=25,,,,block_size=256 spans ~4.9 token rows; cannot resolve sub-block spatial detail
P->X,24,20,DENSE,0.5,DENSE: entropy=0.96>0.7; many_blocks_above_0.01=30,,,,block_size=256 spans ~4.9 token rows; cannot resolve sub-block spatial detail
P->S,24,20,DENSE,0.5,DENSE: entropy=0.95>0.7; many_blocks_above_0.01=30,,,"[4, 5, 6, 7]",block_size=256 spans ~4.9 token rows; cannot resolve sub-block spatial detail
P->R1,24,20,DENSE,0.5,DENSE: entropy=0.96>0.7; many_blocks_above_0.01=32,,,"[2, 3, 4, 5, 6, 7, 8, 9, 10, 11, 12, 13, 14, 15, 16, 17, 18, 19, 20, 21, 22, 23, 24, 25, 26]",block_size=256 spans ~4.9 token rows; cannot resolve sub-block spatial detail
X->P,24,20,DENSE,0.5,DENSE: entropy=0.95>0.7; many_blocks_above_0.01=32,,,,block_size=256 spans ~4.9 token rows; cannot resolve sub-block spatial detail
S->P,24,20,DENSE,0.3333333333333333,DENSE: entropy=0.86>0.7,,,,block_size=256 spans ~4.9 token rows; cannot resolve sub-block spatial detail
S->X,24,20,DENSE,0.5,DENSE: entropy=0.81>0.7; many_blocks_above_0.01=24,,,,block_size=256 spans ~4.9 token rows; cannot resolve sub-block spatial detail
S->R1,24,20,DENSE,0.5,DENSE: entropy=0.80>0.7; many_blocks_above_0.01=31,,,,block_size=256 spans ~4.9 token rows; cannot resolve sub-block spatial detail
R1->P,24,20,DENSE,0.5,DENSE: entropy=0.90>0.7; many_blocks_above_0.01=22,,,,block_size=256 spans ~4.9 token rows; cannot resolve sub-block spatial detail
R1->X,24,20,DENSE,0.5,DENSE: entropy=0.78>0.7; many_blocks_above_0.01=33,,,,block_size=256 spans ~4.9 token rows; cannot resolve sub-block spatial detail
P->P,24,21,DENSE,0.3333333333333333,DENSE: entropy=0.92>0.7,,,"[0, 1, 2, 3, 4, 5, 6, 7, 8, 9, 10, 11, 12, 13, 14, 15, 16, 17, 18]",block_size=256 spans ~4.9 token rows; cannot resolve sub-block spatial detail
P->X,24,21,DENSE,0.5,DENSE: entropy=0.83>0.7; many_blocks_above_0.01=21,,,,block_size=256 spans ~4.9 token rows; cannot resolve sub-block spatial detail
P->S,24,21,DENSE,0.5,DENSE: entropy=0.87>0.7; many_blocks_above_0.01=23,,,"[0, 1, 2, 3, 4, 5, 6, 7]",block_size=256 spans ~4.9 token rows; cannot resolve sub-block spatial detail
P->R1,24,21,DENSE,0.5,DENSE: entropy=0.85>0.7; many_blocks_above_0.01=22,,,,block_size=256 spans ~4.9 token rows; cannot resolve sub-block spatial detail
S->R1,24,21,DENSE,0.5,DENSE: entropy=0.84>0.7; many_blocks_above_0.01=28,,,,block_size=256 spans ~4.9 token rows; cannot resolve sub-block spatial detail
P->P,24,22,DENSE,0.3333333333333333,DENSE: entropy=0.97>0.7,,,[27],block_size=256 spans ~4.9 token rows; cannot resolve sub-block spatial detail
P->X,24,22,DENSE,0.5,DENSE: entropy=0.99>0.7; many_blocks_above_0.01=32,,,,block_size=256 spans ~4.9 token rows; cannot resolve sub-block spatial detail
P->S,24,22,DENSE,0.5,DENSE: entropy=0.83>0.7; many_blocks_above_0.01=32,,,"[1, 2, 3, 4, 5, 6, 7]",block_size=256 spans ~4.9 token rows; cannot resolve sub-block spatial detail
P->R1,24,22,DENSE,0.5,DENSE: entropy=0.99>0.7; many_blocks_above_0.01=34,,,"[0, 1, 2, 3, 4, 5, 6, 7, 8, 9, 10, 11, 12, 13, 14, 15, 16, 17, 18, 19, 20, 21, 22, 23, 24, 25, 26, 27]",block_size=256 spans ~4.9 token rows; cannot resolve sub-block spatial detail
X->P,24,22,DENSE,0.5,DENSE: entropy=0.91>0.7; many_blocks_above_0.01=23,,,,block_size=256 spans ~4.9 token rows; cannot resolve sub-block spatial detail
S->P,24,22,DENSE,0.5,DENSE: entropy=0.97>0.7; many_blocks_above_0.01=33,,,,block_size=256 spans ~4.9 token rows; cannot resolve sub-block spatial detail
S->R1,24,22,DENSE,0.6,DENSE: entropy=0.96>0.7; max_block=0.018<0.03,,,,block_size=256 spans ~4.9 token rows; cannot resolve sub-block spatial detail
R1->P,24,22,DENSE,0.5,DENSE: entropy=0.97>0.7; many_blocks_above_0.01=33,,,,block_size=256 spans ~4.9 token rows; cannot resolve sub-block spatial detail
R1->S,24,22,DENSE,0.6,DENSE: entropy=0.96>0.7; max_block=0.018<0.03,,,,block_size=256 spans ~4.9 token rows; cannot resolve sub-block spatial detail
R1->R1,24,22,DENSE,0.6,DENSE: entropy=0.95>0.7; max_block=0.022<0.03,,,,block_size=256 spans ~4.9 token rows; cannot resolve sub-block spatial detail
P->X,24,23,DENSE,0.5,DENSE: entropy=1.00>0.7; many_blocks_above_0.01=32,,,,block_size=256 spans ~4.9 token rows; cannot resolve sub-block spatial detail
P->S,24,23,DENSE,0.5,DENSE: entropy=0.93>0.7; many_blocks_above_0.01=34,,,"[9, 10, 11, 12]",block_size=256 spans ~4.9 token rows; cannot resolve sub-block spatial detail
P->R1,24,23,DENSE,0.5,DENSE: entropy=0.99>0.7; many_blocks_above_0.01=34,,,"[0, 1, 2]",block_size=256 spans ~4.9 token rows; cannot resolve sub-block spatial detail
S->P,24,23,DENSE,0.5,DENSE: entropy=0.93>0.7; many_blocks_above_0.01=27,,,,block_size=256 spans ~4.9 token rows; cannot resolve sub-block spatial detail
S->R1,24,23,DENSE,0.3333333333333333,DENSE: entropy=0.90>0.7,,,,block_size=256 spans ~4.9 token rows; cannot resolve sub-block spatial detail
R1->P,24,23,DENSE,0.3333333333333333,DENSE: entropy=0.84>0.7,,,,block_size=256 spans ~4.9 token rows; cannot resolve sub-block spatial detail
R1->S,24,23,DENSE,0.7666666666666666,DENSE: entropy=0.86>0.7; max_block=0.027<0.03; many_blocks_above_0.01=26,,,,block_size=256 spans ~4.9 token rows; cannot resolve sub-block spatial detail
